Date,AAPL,JNJ,JPM,WMT,XOM
2015-01-05,-0.028575906657272453,-0.00700905705387948,-0.03153740007264077,-0.002914994879695077,-0.027742855506971517
2015-01-06,9.434479293973372e-05,-0.004925928223671232,-0.026270809431693538,0.0076764122373663025,-0.005330435168941618
2015-01-07,0.013924484264275332,0.021835593773104307,0.001524741616702962,0.02618628170961038,0.010081736547763134
2015-01-08,0.03770289530119352,0.007832242358641972,0.02210045518714881,0.02088688061534349,0.016507253591325752
2015-01-09,0.0010717704139248509,-0.01372299124897646,-0.017539868317400446,-0.01245740359957691,-0.001410671502596417
2015-01-12,-0.02494909755423092,-0.0034362385056928425,-0.008631947464114333,0.007470772207211174,-0.019405340190121436
2015-01-13,0.008839036224597956,0.0017195952190036876,0.00016992374405064,-0.007918641971565126,-0.003659693693393057
2015-01-14,-0.0038175097005511078,-0.007281333025673787,-0.035109392626113956,-0.030698018445712728,-0.0028930453648639935
2015-01-15,-0.02751559033098229,-0.014625358522413721,-0.03256089804495876,0.008851119279890518,-0.008729906263748843
2015-01-16,-0.007800404245652318,0.015010193518279612,0.016949362202010005,-0.00700541113199646,0.02399044419524718
2015-01-20,0.02543123326275831,-0.026787735415557658,-0.003941357599035334,-0.0009224282441864429,-0.00032935349425944886
2015-01-21,0.007605353218217035,0.006004221477811449,0.0032258258516681044,-0.0005770115078133755,0.008526571611431779
2015-01-22,0.025682628022754967,0.018088583169451878,0.02996361992224534,0.018978660747505243,0.010826404022919407
2015-01-23,0.005146754871982493,-0.015148974633025485,-0.015927469816287666,0.002375236591945048,-0.021551007476466703
2015-01-26,0.001061741280485608,0.0005871538712101516,0.0015867469031122523,0.0013549782322099006,0.009526402900018332
2015-01-27,-0.03564088127512168,-0.0016640003707637317,-0.010091446932673805,-0.012489194686088397,-0.008866355614970017
2015-01-28,0.054992528360742664,-0.005992910149843902,-0.026139661656114484,-0.00814401213013479,-0.0335413726906491
2015-01-29,0.03065886837127384,0.00882946514181941,0.01666412018665433,0.010312505444056467,-0.004216144049612124
2015-01-30,-0.014742449121184454,-0.022122322360095464,-0.02344456200277279,-0.031733753434050486,-0.001828090678782928
2015-02-02,0.012468977800393575,0.006866988498444619,0.01984566184939234,0.00855353475531385,0.024408009980426727
2015-02-03,0.00016841030024406135,0.016036410827363606,0.022284612530519585,0.005584645040290707,0.029369925366899582
2015-02-04,0.007640467855822461,-0.01079391725420103,-0.006012518029332675,0.005322713645089545,-0.008600537605842735
2015-02-05,0.007112007402217506,0.010793917254201044,0.006893794054327592,0.007244301119149837,0.009792309803434098
2015-02-06,-0.008456319849022035,-0.013362311726134295,0.019536286552739073,0.0005730256688061395,-0.0018562486077160385
2015-02-09,0.0066203772057303375,-0.013142332281890502,-0.001209703984742517,-0.016393807087589723,0.0006557548469418828
2015-02-10,0.019029344586528052,0.005696714101738281,0.011007899949604216,0.015935331472319507,-0.006025202480692846
2015-02-11,0.023168407547436667,0.0002986649948801274,-0.0015407525733541134,-0.010942832509769733,-0.004515344529547192
2015-02-12,0.012572902291969628,-0.019515718065113423,0.020349961377552326,-0.005225788929146655,0.019348523912986478
2015-02-13,0.004890905452930181,0.011915460775383864,0.0016772118338646822,-0.0009315528571772948,0.010767189452775555
2015-02-17,0.00588423112870952,0.008197739117758483,0.007180798899118439,0.0017464253660498246,-0.003432932789369049
2015-02-18,0.006938159420351217,-0.004790406803556306,-0.012220722863731567,0.003831565103112231,-0.02216743604684562
2015-02-19,-0.0020998122188865343,0.007375656311670134,-0.002361326256126555,-0.03262780868535188,-0.01740136550124631
2015-02-20,0.008140902103646947,0.002596520415073005,0.009577757381486739,0.009295872554871664,0.005352476246034975
2015-02-23,0.026668652203627345,-0.0007984122318605483,-0.007553621549522362,0.003552709877192485,-0.010171733927297037
2015-02-24,-0.006260352307600225,0.0051775424126444996,0.024466556849857626,-0.00035470354690487804,0.004595401459979405
2015-02-25,-0.025905792081746162,0.005051807767989542,0.005247660931970706,-0.011895233617715342,0.0020110388770147396
2015-02-26,0.012576792223842559,0.015587649678276812,0.007171114413178854,0.002748500747686311,-0.01065938094221977
2015-02-27,-0.015142134617335861,-0.002824969680738275,-0.004883978284993187,0.0015501322435052625,-0.0012414159911468673
2015-03-02,0.004891762696451779,0.006902372490527261,0.007964450796576636,0.000357492443891204,-0.005663563804772912
2015-03-03,0.002089678976912629,-0.008562205742970482,0.0032323528445392046,-0.007051837645573265,-0.004781553456911299
2015-03-04,-0.006358925777651616,-0.0067651441405046685,0.00257891369276132,-0.00952112324753597,-0.005034417845951728
2015-03-05,-0.016709689590009135,0.008522378919189642,-0.002094547515492107,0.011916835458026487,-0.005059677409350854
2015-03-06,0.001502071565559048,-0.023788108777619926,-0.018065813114490226,-0.011795938224998227,-0.01287955488916881
2015-03-09,0.004256330452837096,0.005478993210418085,0.009968395243663565,0.0035051603869565495,-0.005503622096403048
2015-03-10,-0.02090287373124447,-0.0112897241826917,-0.025359372335514933,-0.009820969220797077,-0.010624688981495831
2015-03-11,-0.01839991871466743,-0.012231298786574403,0.004658933122121187,-0.010969429645733829,-0.0028522228556592667
2015-03-12,0.01791800574906512,0.015241068169319933,0.01858449658660204,0.01488407728315794,0.0023772944616780732
2015-03-13,-0.00693473075683385,-0.006229791736789455,-0.00604732456251887,0.0,-0.004164590405895203
2015-03-16,0.01094407512694516,0.01847565082858495,0.013838261616235135,0.016829584443882654,0.01055603831113312
2015-03-17,0.016588275391832448,-0.011644655787611622,-0.0038878392131531324,-0.008076895295447662,-0.008055438986138464
2015-03-18,0.011193464936430872,0.015594893793148419,0.0022694564201055627,-0.0010900019376968407,0.023392543797857775
2015-03-19,-0.007578843198847442,0.002264261254895167,-0.008946706228859439,-0.012313164863349322,-0.019475180700678735
2015-03-20,-0.012628655502993117,0.0069575312913178755,0.008946706228859479,0.020879683930087937,0.0015389490400172755
2015-03-23,0.010351551883182921,0.005648228855171318,-0.009927499709621129,0.0008404454880959489,0.010472742215475983
2015-03-24,-0.004096271354426988,-0.009954195114650092,-0.011184298637928067,-0.0031258894844274094,-0.010709355141013566
2015-03-25,-0.02647377960250769,-0.016016097211186194,-0.014158759529479958,-0.02105060618470299,0.00401431481042599
2015-03-26,0.006945936877824965,-0.001995580596644203,-0.001174952261321061,0.006984880222638797,-0.006383454973101053
2015-03-27,-0.008000538491729887,0.0019955805966441966,0.00016789762664169125,-0.006616122846187753,-0.008814777934348669
2015-03-30,0.024999343128939467,0.011986637232622433,0.023401607836816395,0.014400773737844704,0.024231449438145664
2015-03-31,-0.01547093207472617,-0.009399007793407382,-0.006253138259743617,-0.0033984109215002218,-0.007384580268818144
2015-04-01,-0.0014473672324197752,-0.014518572776160893,-0.0038288727028363305,-0.01890055178421719,-0.006373052655749681
2015-04-02,0.008574505781537114,0.004930282797174422,0.009462913085817684,0.00024765296041705183,-0.001896122073047235
2015-04-06,0.01606909993567307,-0.004829264334857311,-0.0008267122405631263,0.0032153141891866454,0.009797449949820477
2015-04-07,-0.010578012662998449,0.009435522775081182,0.006264553362198349,-0.006068260509627531,0.007256764323264472
2015-04-08,-0.003259245973833214,0.0005987467638858755,0.0032814065150910056,0.006562054827015019,-0.019905450187178965
2015-04-09,0.007614499000620887,0.01161376071194002,0.006856128235252832,-0.0023473265841005017,0.006994187839735874
2015-04-10,0.004257470323133084,0.007177956551173325,0.003734704334831181,-0.002353549684657954,0.010692853318922172
2015-04-13,-0.0019688883126285023,-0.014905665774230305,0.005978816279707756,-0.004473540954660819,-0.0025742137744046586
2015-04-14,-0.004345275407828912,-0.0002985835089583497,0.015506623925345485,-0.0017450804383039172,0.015002663818254183
2015-04-15,0.003793565125884415,0.0007958167949519559,0.018389420349683328,-0.005128851421909926,0.016599310841580974
2015-04-16,-0.0048232278182179945,-0.008084249159342175,-0.0062488511022778985,-0.0062899016533274205,-0.003981647916539026
2015-04-17,-0.011318566694826199,-0.002106228120186071,-0.015318144105961587,-0.01731194771539322,-0.009160773067835908
2015-04-20,0.022588645537196826,0.006306361340999406,0.006344922137738822,0.0033328723763147313,0.0035602220793621085
2015-04-21,-0.005422343265417212,0.000897626294108943,-0.014814581086370645,-0.001408869510356318,-0.004135481783020022
2015-04-22,0.013384448180244488,0.0012955322311919222,0.010059790173186266,0.005113339871815252,0.006653772781693328
2015-04-23,0.008130251047864443,0.0002983304757648194,-0.002227006972544459,0.009517215414215357,0.0009143971125974429
2015-04-24,0.004693478725069152,0.006152825437821549,-0.0031895738623479303,0.008300697042719964,-0.006532641628443011
2015-04-27,0.018027954056937065,-0.004958729496376593,-0.004162109488425678,-0.0059041286098802555,0.00045977223333824695
2015-04-28,-0.015881519288374085,0.0015894287968283326,0.006714565548203116,-0.00340740357721827,0.009038246541658319
2015-04-29,-0.014814843144973836,-0.0034802537115162587,0.013295612488813769,-0.015543723007610446,0.0007971605411528235
2015-04-30,-0.027504437941966817,-0.011924753567059541,-0.005360383123292279,0.0021805224073521037,-0.005706445984645375
2015-05-01,0.02991120543106749,0.009331287292273975,0.005517738016160206,0.007021978258032849,0.01679762296910762
2015-05-04,-0.0019402803096898432,0.0021951173756809606,0.017299564503467587,0.007352057486604188,0.0029219974774699962
2015-05-05,-0.022790665512291797,-0.008506848838632862,-0.004956900712376741,-0.013349608912112046,-0.005627023989816852
2015-05-06,-0.006299810213036252,-0.003321992406782478,-0.007481326057791978,0.000128736154886657,-0.004751141680059655
2015-05-07,0.006166327995142477,0.0049289745609503,0.00903312812141991,0.00488189121438969,-0.006712773925679014
2015-05-08,0.018665473903351642,0.017998725482023942,0.015232220970931952,0.006387124136069545,0.015743391589753544
2015-05-11,-0.010238806491891059,-0.004345723394226728,-0.0006113328226975993,-0.005490459924520298,-0.01691097482713665
2015-05-12,-0.00356865658102409,-0.0055581481674270485,-0.0013756477657109088,0.010951028067984321,0.0027617302879559746
2015-05-13,0.0011114933197327852,0.0007954842879117803,0.0024448820149816034,-0.010183316103158204,-0.005300069617890972
2015-05-14,0.023063232082171675,0.012649621604529846,0.008056610440879922,0.007139230599048759,0.004725602505013041
2015-05-15,-0.001396699283696818,0.004605234330629964,-0.0025773054488119696,0.00658399382593571,0.004359171801413508
2015-05-18,0.01096726391580737,0.010888346381417046,0.008163304929774209,0.008545133417991234,-0.005740159805446072
2015-05-19,-0.0009221547376413173,0.005208058617158937,0.00884374218694649,-0.044651027193190966,0.0016110967617872344
2015-05-20,-7.697783700027113e-05,-0.0034688553675908053,-0.007940498920806357,-0.006958481443553703,0.0016074483436563612
2015-05-21,0.01017433962761738,-0.00418959911695213,0.002553842095715763,0.002763179179570725,0.0009180066646231812
2015-05-22,0.008714479601024089,-0.010501869695047912,-0.002704171323967892,-0.0032901015988324274,-0.007943511024084757
2015-05-26,-0.02227743258246585,-0.005243216837013516,-0.011195523986333989,-0.012735681563869887,-0.013615055866477054
2015-05-27,0.018497540519985707,0.0030700344525895883,0.01119552398633401,0.0038641937242796945,-0.002815915783104811
2015-05-28,-0.0019711607206048037,0.00019776663345210803,-0.004070638845019728,-0.004665989309558625,0.0
2015-05-29,-0.011447723234089137,-0.010035750567031336,-0.006364461260822613,-0.007645232727037286,0.0010569609135605202
2015-06-01,0.0019937019606513116,-0.0009987920643012144,0.004550362223043884,0.0061743220093475075,-0.000822328717203503
2015-06-02,-0.004452796085791735,-0.0006001074187599798,-0.0009087133669862873,-0.0026799644757141863,0.00011740362333470879
2015-06-03,0.0012301714249325628,0.0010996800020762274,0.010247399709204501,0.004819020374317974,-0.0022339687985581404
2015-06-04,-0.005857798649339609,-0.008629475481524,-0.005562483967688233,-0.00993009670164206,-0.00863016351514181
2015-06-05,-0.0055036488258180735,-0.006470503243725342,0.016299689548569484,-0.01480966540126471,0.0007121854215861764
2015-06-08,-0.006629024499598827,-0.006410386014438745,-0.007892476773647242,-0.006178132278706094,0.006740113649255905
2015-06-09,-0.002977746903201076,0.0025484992450464854,0.004326126136696658,-0.0019298210633439973,-0.003186774853029204
2015-06-10,0.011393076624411268,0.006799092551498688,0.015948192133335495,0.00632729049973784,0.007420912365809081
2015-06-11,-0.0022528954756524605,0.003634235943779146,0.0038016016069795425,0.00013704970477612706,-0.0014092438111904708
2015-06-12,-0.011104084397457638,-0.00900888678424061,-0.003948387060420497,-0.007016402381780461,-0.012654473024092696
2015-06-15,-0.0019680374487760495,-0.008782502075176314,-0.0038164433909775846,-0.0069271037037388775,-0.003577283913664785
2015-06-16,0.005343494213254501,0.008884554742778638,0.005573741686223953,0.005822064189135903,0.011401492675063919
2015-06-17,-0.00235376456690222,0.0037550835123986177,-0.0033703443015614463,0.005238288987079628,0.0005903603141442483
2015-06-18,0.004545896342623477,0.01637446143657493,0.00934878669176217,0.0034313562112722614,0.008812829537621126
2015-06-19,-0.010059903027900812,-0.004994734361810057,-0.010229110095364268,-0.003293447497363879,-0.003163681777881438
2015-06-22,0.007946098971507382,0.0023005605288386618,0.012842953060583688,0.0006867528976593862,-0.00046959939408611727
2015-06-23,-0.004555604948599562,-0.0031017760899915486,0.011390758522530837,-0.003026928714587629,-0.0011748920126744985
2015-06-24,0.00846646016334462,-0.004520235753686515,-0.010521068072130253,-0.0026217312355094257,-0.004595016667123386
2015-06-25,-0.004773066216668967,-0.0021163654902758983,-0.005375304903466417,-0.007209970365177464,-0.008896679991132377
2015-06-26,-0.005899738409918841,0.005232172206057121,0.004360319116182834,0.0036116290206747084,-0.000834118615264231
2015-06-29,-0.017669887157780985,-0.019866759062103043,-0.02570838893931298,-0.009753678556010939,-0.012479010801817656
2015-06-30,0.007200806714109202,-0.002254818773337764,0.008299125866267344,-0.006884378000471295,0.004577917775713684
2015-07-01,0.009284930884007178,0.010309877057074245,0.01107886225807405,0.013304198266453704,-0.010025866142115524
2015-07-02,-0.0012645320380745798,-0.00030437101574980365,-0.0081126080741458,-0.0002777707306461995,0.009304358891535783
2015-07-06,-0.0034860703986481917,-0.0024412686402939315,-0.002817876439407426,0.009280497070470272,-0.007363835672900265
2015-07-07,-0.002463411256769821,0.007305159503375592,-0.007902926822232842,0.017222673760273054,0.004111039940404331
2015-07-08,-0.025136332255440732,-0.011693475708657142,-0.020721995608183795,-0.009942436080196475,-0.010919634754206651
2015-07-09,-0.020607259981586527,0.006422803927662193,0.010339122486375309,-0.003839532945678587,-0.00452434924033278
2015-07-10,0.02638333532870353,0.011418203400347006,0.01411830823604343,0.004661047063428517,0.007569473968157854
2015-07-13,0.019121392724082528,0.007407811101290933,0.015391890884892434,0.01033971466126972,0.002429485641974886
2015-07-14,-0.0003977115055651935,-0.004898732751703183,0.013855857281118279,-0.0012187926988230589,0.008336575693530237
2015-07-15,0.00958664664442207,0.006393578884106313,0.002170093942186152,-0.0018991218263859427,-0.004219910940515205
2015-07-16,0.01323799341947738,0.006847389548119579,0.0053334319596835345,0.0024414870280280005,0.0018109152195482136
2015-07-17,0.008600652068673024,-0.010238755002958504,-0.005044274328161965,-0.005977574326829231,-0.003624744206239238
2015-07-20,0.018724929191482036,0.0028931248211924213,0.0007223810103321909,-0.003959731784467646,-0.010342827823545037
2015-07-21,-0.010045046305249944,-0.0002988153065938443,-0.0023132663179102958,-0.0049363525034731934,-0.0012236229937176717
2015-07-22,-0.0432148701141539,-0.0015960203105765027,0.014083020329046927,0.0057571295156163505,0.0015903805855907872
2015-07-23,-0.0004793740245038618,0.0001997454909278899,-0.006298977730201805,-0.008924371213037552,-0.007978830674171444
2015-07-24,-0.0052871685289717614,-0.010534566101120394,-0.010537102265087105,-0.01290870287632025,-0.014899725602817812
2015-07-27,-0.013993035036273159,-0.008812821671596912,-0.013146590267835934,-0.0027985562501830464,-0.008542790675728676
2015-07-28,0.004956366344252648,0.007501253749489803,0.0005878858968037629,0.010036628018533028,0.03982224041372233
2015-07-29,-0.0031659897383378385,0.007144448717961865,0.012994023076949123,0.0018017257540394657,0.007970161121246364
2015-07-30,-0.005053867326348115,0.00110264294895544,0.0014493746941951523,-0.0009698613126071877,-0.001565127818488047
2015-07-31,-0.008782396807139511,0.0036990037236558143,-0.00741469894551328,-0.0024973798486168726,-0.04685831214893979
2015-08-03,-0.02386017997313213,-0.0018982785222359955,0.0,0.002774384714399113,-0.014624809904598648
2015-08-04,-0.03260988909667763,-0.0022018009049211353,-0.0010220959402165188,0.0009695928236940019,-0.011466961826490317
2015-08-05,0.006607545999953043,0.007188359875315809,0.00393635079144531,0.024094199758665228,0.0
2015-08-06,0.0021738326603374233,-0.014529763339761184,-0.007008472703370497,-0.009842980309727384,0.011851100210990752
2015-08-07,0.0033817474549003123,-0.002223147219903854,-0.0029344809734893084,-0.021383560370793503,-0.016266545079063572
2015-08-10,0.03571196578198567,0.00946438664094162,0.012268139470798935,0.0032224876476983234,0.024683120729539758
2015-08-11,-0.05344097473795559,-0.007847014657340366,-0.009626734365043948,0.00627607264386522,-0.006816656632764151
2015-08-12,0.015302202587245349,-0.0030347083602918156,-0.014615747945669996,0.008995937617277626,0.016637594173451373
2015-08-13,-0.0007813686505815243,-0.002332549926242979,0.004600017121522871,-0.006496554099944385,-0.0017787330856705364
2015-08-14,0.007009627265147742,0.0033453180794627045,0.005020404717654787,0.003737160557183346,-0.0036939708842690564
2015-08-17,0.010295529441862825,0.010670402170511063,0.0026475468274219545,-0.006514951542982594,0.005218836994716119
2015-08-18,-0.005649496283214108,-0.005019302804202431,0.002054842113269965,-0.03437622493855053,-0.011106528392317726
2015-08-19,-0.012871819115344284,-0.0006038414382435849,-0.008983347323616234,-0.013183884288199967,-0.021671116918389202
2015-08-20,-0.02073363644986521,-0.005250233858464163,-0.02486280722870245,-0.002043610570622555,-0.022016497010964267
2015-08-21,-0.06311341846553925,-0.025620769915586053,-0.03613148357819448,-0.02800814002800931,-0.03326839246771556
2015-08-24,-0.025278901742542444,-0.029092365868141436,-0.05411109316259056,-0.039701601858465004,-0.04842969089212961
2015-08-25,0.005994564858792635,-0.02277401908647161,-0.005659248658949595,-0.013381054232095766,-0.00014534900472580985
2015-08-26,0.055770322835917735,0.04714591420692591,0.04886220307108704,0.02704826950880143,0.05369154919351135
2015-08-27,0.02902125074561787,0.01160331165078783,0.024649419197703252,0.019097441174504914,0.03189956469738585
2015-08-28,0.00327150316912973,-0.010972402917218724,-0.005442528732979369,-0.017402326690394206,0.002935173143948172
2015-08-31,-0.004689216393728793,-0.012582511670417296,-0.00046805669310899707,-0.00323896754925449,0.002261629017329688
2015-09-01,-0.04572655691716557,-0.02031628508924549,-0.04222035294228981,-0.014158216501893924,-0.04290604398396625
2015-09-02,0.041994776632208505,0.013589763366910838,0.018062291751893975,0.009667462610735932,0.015828694137577204
2015-09-03,-0.017691478152981353,-0.007634576989831475,0.0017564424992121868,0.0064970299406032295,0.007617828776713912
2015-09-04,-0.010016315398011092,-0.014460799364264065,-0.019005333084237505,-0.015067976927742558,-0.01818862851221664
2015-09-08,0.027440682496505026,0.0283956446761473,0.02663399140822982,0.03823284525974701,0.014250801155825056
2015-09-09,-0.019419480919005014,-0.018478803636806266,-0.015637876124298844,-0.01916445842199717,-0.02061925444487913
2015-09-10,0.021731925131832794,0.005406683112557587,0.0076896864761230015,-0.01547545101690344,0.007196139054371869
2015-09-11,0.014463521669781109,0.002262198479053456,-0.0015970673938034198,0.008231964198636903,0.0023413125415841477
2015-09-14,0.009585367472438057,0.00418837474974372,-0.0028813939040905692,-0.005739698467255479,-0.0027551537010276875
2015-09-15,0.008377018886101909,0.011506415097466825,0.01905416845821118,0.0006220429527218601,0.005091498201995636
2015-09-16,0.0011171946093051508,0.0022220923355306763,0.00876917781778962,0.005735924060239683,0.019571057873058375
2015-09-17,-0.02162174461626058,0.002428119780592191,-0.023504322103444514,-0.003406351875215277,0.002151160061485388
2015-09-18,-0.004134383734716871,-0.015407283847032957,-0.02767386683807919,-0.01768329025594593,-0.024196139986286017
2015-09-21,0.015394143239004714,-0.0027874693349606338,0.008334101036494136,0.005981543360220694,0.00972177028702814
2015-09-22,-0.015834935757881464,0.0011803983197003463,-0.008826664932852358,-0.0020420975878791803,-0.008896337888910304
2015-09-23,0.008079895119997906,-0.002684942842948396,-0.004442342701387634,0.0020420975878792367,-0.0060673702591447914
2015-09-24,0.005930569159544651,-0.005499204298069038,-0.006950464340475903,0.0017246187449147324,0.005930054581392405
2015-09-25,-0.0025247526561049433,-0.016133275068615508,0.020545044773400453,-0.0007835588449442188,0.006851262259009466
2015-09-28,-0.019987295546683204,0.004058095840086788,-0.02453812308739992,-0.0018828967876672272,-0.008640681310221833
2015-09-29,-0.030521704662731946,0.018111838401161956,-0.002336950584900029,0.0018828967876672756,0.005083553448854042
2015-09-30,0.011305718122490198,0.0033264945904873037,0.018707469940185552,0.01648308757789963,0.01873535617684021
2015-10-01,-0.0065489064666109905,-0.0019301084705032284,0.007353805506740203,-0.008829668237017686,-0.003908110035832434
2015-10-02,0.0072740938741716055,0.008124662391753612,-0.0027919400482122156,0.010986306093017567,0.024277544881452343
2015-10-05,0.003617223616860539,0.008797253940048549,0.019702622862091658,0.013604033655215076,0.012181638827938886
2015-10-06,0.004772828347408726,-0.014242153780061492,0.00048388128655445255,-0.0028886848691110287,0.01396311479942974
2015-10-07,-0.0047728283474087075,0.016561020325368783,0.001288172827565864,0.010299952927326037,0.016678348709792557
2015-10-08,-0.01162172334901957,0.001052225751628427,0.0,0.007805406692439058,0.010425234369974279
2015-10-09,0.023645274474055577,0.003045284084181713,-0.003224040029355678,-0.0028448948529284615,-0.009668035542473509
2015-10-12,-0.004649180128220541,0.00647999867894281,-0.0033967087993587016,0.003592147905009883,0.0005047621255546274
2015-10-13,0.0017015507662083238,-0.005641635341707963,-0.002758337397007912,-0.002992681600039389,-0.0017671301132659652
2015-10-14,-0.01423447887954463,-0.009684911071970457,-0.02567199398099454,-0.10580997724091862,0.012553751415191168
2015-10-15,0.014860143878488838,0.027339014234029707,0.031180671632905648,-0.01172922336893902,0.016333037166994274
2015-10-16,-0.007357626296124118,0.011157317738819015,0.008687590366486895,-0.007443761918322859,0.012197956477349893
2015-10-19,0.006195190994992106,-0.0030586238981727978,-0.0033694587510047862,-0.0006798917807954554,-0.018229974036783368
2015-10-20,0.018093310899169924,-0.0035803467515547597,0.004809905216997848,-0.001700746574716676,-0.0019778473929467494
2015-10-21,-8.798490499187284e-05,0.00041010319218414977,-0.007384749983538115,-0.0018738830454452773,-0.0076994736682040425
2015-10-22,0.015180017334687856,0.019274086286803965,0.018044151404259978,0.004424392572536696,0.03286586882876717
2015-10-23,0.03052481858754674,0.007806296833042558,0.01070370090844206,-0.01023939050123001,0.0010853147245580526
2015-10-26,-0.03243167682095378,-0.0036954462416044875,0.0004697102463110915,-0.004814236766490509,-0.02143815600306775
2015-10-27,-0.006352414654727209,0.0024982548484155757,-0.004077108338155119,-0.009350521821818752,-0.0016018448471251344
2015-10-28,0.04037827253186584,0.002890497964483704,0.02880793260296879,0.002779465782575266,0.014568232641007853
2015-10-29,0.01050885510003576,0.00881855510143246,-0.004437532220440511,0.005536763611621594,-0.0006076331913554097
2015-10-30,-0.008582105914691508,-0.003359574331820791,-0.01483078935234617,-0.012500484439565323,0.00618277865227826
2015-11-02,0.013960342640941953,0.01122053576517649,0.019878612429441708,0.006443057076004191,0.030237058461974387
2015-11-03,0.01140509111879008,-0.0020576015383655566,0.0036550233765925916,0.008642174481380622,0.018242418748704477
2015-11-04,-0.004660919917541428,-0.000196221533730029,0.00106379997220128,0.004464056814555555,-0.010067813851126947
2015-11-05,-0.004620591301643522,0.0038185868367558388,0.00892012565477998,0.00410335674411789,-0.01370157949286172
2015-11-06,0.0011570808475340915,-0.004014846880932773,0.02995027672147818,0.002895990596723716,-0.004016660447606457
2015-11-09,-0.004055794670953651,-0.010652996812561905,-0.015752991374281575,-0.004945862062709873,-0.021607336293823977
2015-11-10,-0.03202423083775894,0.00603108246789267,0.004293839619812417,0.0032428512041012447,0.004868972192017829
2015-11-11,-0.005668225554888668,0.004033408649352442,-0.0048875974282576356,-0.018923502762078367,-0.008904027233788511
2015-11-12,-0.003364390466243585,-0.01573307037224845,-0.02024823662962938,-0.011001081231849353,-0.027450040635394496
2015-11-13,-0.029643308280705064,-0.003897088172270786,-0.0066891567562182425,-0.009350132944604315,-0.016634225212724157
2015-11-16,0.016245774904065955,0.013326913131229445,0.014386874614422193,0.02537534677623381,0.0352236851421186
2015-11-17,-0.004300780574174623,0.0027627882579918626,-0.005729905326962231,0.034810908905507004,-0.011687395252228483
2015-11-18,0.0311742656740863,0.011460373692607405,0.01976389500260971,0.01671534901936816,0.009707744495599824
2015-11-19,0.012623488084683762,-0.0017544458744075458,0.0031086761171855363,-0.0037818602150058818,-0.0054642777839004385
2015-11-20,0.004368238412279339,0.007247281530135169,-0.0017752135722168417,-0.01043329850720366,-0.006371782920079198
2015-11-23,-0.013077443254440047,0.0028256453870371,-0.00981984021980038,0.0031581531527860454,0.00612251484802683
2015-11-24,0.009550602210970918,-0.007128143601375075,-0.0014964269469595502,-0.005658343449944767,0.01973410594056026
2015-11-25,-0.00717558737859935,-0.0007846754212993735,0.0011972144740731803,0.0053269355786458705,-0.0077239591524112345
2015-11-27,-0.001865762302299784,0.004013333234543523,0.0046257999217835955,-0.005827608299005197,-0.00024620480467190764
2015-11-30,0.004150901988054824,-0.011099520502503363,-0.00732145586427589,-0.017687391668729183,0.00528005381713225
2015-12-01,-0.008148270106180586,0.011001723380108273,0.013850726574485247,0.0025457853990811827,0.0028125005980664166
2015-12-02,-0.009074470917756318,-0.0030330575242532177,-0.014150912692891843,-0.002567216982688448,-0.028991313972079286
2015-12-03,-0.009331477202126397,-0.012423498233384043,-0.012985213347041452,0.011755897249193271,-0.014434195523634076
2015-12-04,0.03270582800368356,0.021204125378163092,0.03126919895945915,0.01044685496817487,0.005722638858728806
2015-12-07,-0.006320915570136624,0.0035873176989377094,-0.013196290693538544,0.013981254184720416,-0.026469614224571208
2015-12-08,-0.0004226366001499478,-0.008748747204013262,-0.01564439054822853,-0.014820054346559789,-0.028661962077536966
2015-12-09,-0.022322977180554784,-0.0026399899244225395,-0.0076087740042766324,-0.008084861245786655,0.013310529566895256
2015-12-10,0.0047456563235295625,0.004785571594497922,0.0022885703343286604,0.007245936918979405,0.0007923707753216854
2015-12-11,-0.026075431889903692,-0.009397123134079796,-0.02375209597310122,-0.0033640333342988566,-0.017996349418067284
2015-12-14,-0.0062037556178173745,0.004611551539581706,0.0031166806463841993,0.017202836851129437,0.022478912381105033
2015-12-15,-0.017850665802910323,0.0191980015550367,0.02807613792750917,-0.012496978054072995,0.04374791892227945
2015-12-16,0.007663694377928466,0.010697917575843567,0.021403088496664346,0.011005931867457828,-0.0035313364721913823
2015-12-17,-0.02142437202239514,-0.015414357013866616,-0.01868350527796776,-0.02213364066717925,-0.015148916388152819
2015-12-18,-0.02744216728366563,-0.016441338541419687,-0.028774520199332895,-0.002206830480837332,-0.008760876984152887
2015-12-21,0.012186468586473124,-0.0036356118192953915,0.01754659844121121,0.011824728442342858,-0.00025869834298345796
2015-12-22,-0.0009323791776992694,0.011062676110397155,0.0021337844864403126,0.016487620746409276,0.005035187039391235
2015-12-23,0.012787277065082517,0.0075656973092636266,0.01586087418499892,0.009044088152190564,0.03218759834805406
2015-12-24,-0.005354356498856186,0.00221955145221646,-0.0019507098984375573,-0.0042649222227404285,-0.010782446263130947
2015-12-28,-0.011263821327145901,-0.004832210371717898,-0.0033086257760432647,-0.0013161265913067702,-0.007465363981888708
2015-12-29,0.017814587180002707,0.0078168994672678,0.010340948128819026,0.014057157995070445,0.005319747318033671
2015-12-30,-0.013144569280435028,-0.002406035141217936,-0.00718239411682656,0.0011352460908563963,-0.013352963986842874
2015-12-31,-0.019381871010093914,-0.010266438832499962,-0.008445235859986003,-0.006179779450780354,-0.0020502022955348658
2016-01-04,0.0008544125382738255,-0.02204823994181668,-0.03049525497465106,0.0026069526032048893,-0.006305866799259474
2016-01-05,-0.025378420811956157,0.004171244247091307,0.0017273264671530302,0.023477338856185095,0.008484366391456057
2016-01-06,-0.019763566101054716,-0.005066804807067768,-0.014540993373559219,0.009962904291759701,-0.008355459634998964
2016-01-07,-0.04312119342884954,-0.011723492043925712,-0.04127986529444117,0.023021985163042658,-0.01613585509715658
2016-01-08,0.00527415298938711,-0.010740708049637948,-0.022653787437434098,-0.023179531493976852,-0.020408665310027635
2016-01-11,0.016062464533274454,-0.006028886172176618,-0.0015287765376064118,0.010645494798534274,-0.013479264309949144
2016-01-12,0.01440891809760688,0.006843301100292964,0.002207293462426045,-0.00938679598201126,0.020284327748465503
2016-01-13,-0.026046683362556854,-0.012496141254522615,-0.027860873031186936,-0.027085047485356267,0.005966268848956224
2016-01-14,0.021635248747933458,0.019090896279943773,0.014887150799290016,0.01824409888654738,0.04484814340289552
2016-01-15,-0.024308467993070678,-0.019296971189798437,-0.02013290386207944,-0.018082542608323284,-0.01965605569784648
2016-01-19,-0.0048503414663105164,0.00514137787579838,-0.0005256237265548403,0.010121477050081438,-0.015327154988294196
2016-01-20,0.00134387016362636,-0.01811178006507024,-0.026663848769484907,-0.027878608369998205,-0.04306044132499081
2016-01-21,-0.005075365403479467,0.001982308603979175,-0.004694698913293885,0.01694975871681584,0.012493193520993585
2016-01-22,0.051801938844337224,0.008407352195496763,0.03030558624663965,0.013004833681668094,0.03279005382925194
2016-01-25,-0.01971554452834972,-0.0036240941123712633,-0.022912054635940274,0.012050256308733328,-0.03441028400809331
2016-01-26,0.005515361231202433,0.048394937189327775,0.02519195375601648,0.008630650150815707,0.03610658279717331
2016-01-27,-0.06796466085844094,0.009638946574004069,-0.0007013139573820603,-0.0007813569819094111,-0.018554153448180708
2016-01-28,0.007146302994017257,0.0010762467462419475,0.004199118130265352,0.004213276632936348,0.02232795188930445
2016-01-29,0.03395799490798315,0.02099641666130498,0.03802457191634398,0.032779706331943534,0.011108507500130586
2016-02-01,-0.00939223790509805,-0.0006704200973995699,-0.01081422026869138,0.017033245185913825,-0.020242083267942662
2016-02-02,-0.02042926710536432,-0.009240735688223938,-0.03158449979486446,-0.009527178488021568,-0.02253530750499816
2016-02-03,0.019599145462437087,0.007034237828606111,0.006641103008331421,-0.00886361084996298,0.0508374039498562
2016-02-04,0.008003067185131734,-0.0023072328830117876,0.01709709359703418,0.0022610653860285837,0.017055575985272305
2016-02-05,-0.027071120092816026,-0.03287309870223275,-0.011191975392332293,0.008694372701733252,0.0031266083621734214
2016-02-08,0.01047451717247447,0.014417366453260467,-0.021175137293556818,-0.001493376343039021,0.013396455028299656
2016-02-09,-0.00021082921588452182,-0.00029418373700972625,-0.006031606207917767,-0.016427262888009303,-0.004361072526736961
2016-02-10,-0.007608510050682269,-0.002356590686198393,-0.012173372064196499,-0.00030397921625277405,-0.00915790363727077
2016-02-11,-0.006064474820861035,-0.00029506524951180283,-0.04513189531401203,-0.007169237444668784,0.0031459978270217685
2016-02-12,0.003089795564092441,0.0011793372579828093,0.07999947265226894,0.013079550213419678,0.017804768597015918
2016-02-16,0.027804511458577475,0.004898589381834535,0.014848417293989925,-0.004239621834700612,0.0023423726457877728
2016-02-17,0.015198604214325057,0.001757778024236806,0.007172063719439055,0.003181400284386098,0.009558003283448375
2016-02-18,-0.019138457112926686,0.01683345050627606,-0.016469647505266343,-0.030563361072280547,0.005472469270580598
2016-02-19,-0.002288050013475751,0.006453016854296247,0.00017284282140277122,0.008386245981912616,0.0006063122447356368
2016-02-22,0.008708435794975192,0.005648316111429018,0.01288791797409997,0.014889963153058757,-0.0013342564740125402
2016-02-23,-0.022864738376790435,-0.006416846686108145,-0.04273045691556388,0.012868531721867667,-0.014179370305795372
2016-02-24,0.01478069193440455,0.008419977288789357,0.00035615279447852874,0.009580857232571504,0.0035636076604007435
2016-02-25,0.006844679919491755,0.013437821594910575,0.015378433122192791,0.013613521099725167,0.005993005556862065
2016-02-26,0.0015485547755941546,-0.005655963827312285,0.00925352411625274,-0.022743435032332966,-0.003175181593470421
2016-02-29,-0.0022725993982890295,-0.00540295444763306,-0.021785771234315635,-0.0025592533318531635,-0.01976622193062595
2016-03-01,0.038946280860976755,0.018924133822057553,0.050226894613736986,0.0018073948889875864,0.014000132421926395
2016-03-02,0.002186137521726175,-0.001680372761063197,0.00941501282989779,-0.003768838541513006,0.017319430617869964
2016-03-03,0.007416671700259531,-0.0036501108834550385,0.003341035307334765,-0.0010579505261871368,-0.00363428332422335
2016-03-04,0.014767065496346881,-0.0014075394069509907,0.001499986976939596,0.009629874809226278,-0.001335514080157018
2016-03-07,-0.011128614414754521,0.0022512462270781477,-0.0018336978805369472,0.016485342115336993,0.026028416758554322
2016-03-08,-0.008280176416037689,-0.004883691656779291,-0.01954229299415196,0.002206865618335503,-0.02190512961037603
2016-03-09,0.0008907909488309227,0.005820003376929789,0.005767798040835863,-0.00014796146549870425,-0.002787773068021141
2016-03-10,0.0004943836839143408,0.0028039708148859064,-0.008664306469356738,-0.001778569941745976,-0.0026729595758831328
2016-03-11,0.010716142987513699,0.005305886484289614,0.01237873163898906,-0.0035667601443108566,0.0001215739700576561
2016-03-14,0.0025392574753175736,-0.0004639349145112036,-0.00371442516963227,0.002824898942546103,0.0026731426596089615
2016-03-15,0.019894533526331526,0.0009282199589973389,0.0013521577196807211,0.010778785540104389,0.0049628668809800726
2016-03-16,0.013203629705371315,-0.003252829888689295,-0.004740914599962512,-0.001469540122290744,0.0006033157445856172
2016-03-17,-0.0016051961242141656,-0.0062576241751229975,-0.0028894442885307923,-0.00797400655353602,0.014733328012107144
2016-03-18,0.001133370457948154,0.007094796644642805,0.02902161594362854,-0.0074408046219222425,0.0011886293794435253
2016-03-21,-9.447151280692495e-05,-0.0020483016506605825,-0.00033084117168676166,0.015120421842534221,-0.006912413717653369
2016-03-22,0.007618915634905123,0.0009314116363714576,-0.003645408404247235,-0.0014725406891270378,0.005961509605511246
2016-03-23,-0.0055439526107783094,0.010376111849050398,-0.004992670245565806,-0.006059244607369077,-0.0044080193051713795
2016-03-24,-0.004343523804476316,-0.0017523864026472659,-0.007703538852054924,0.007973034229788381,0.0027425409580575915
2016-03-28,-0.00455294010339119,-0.0007389788897477157,-0.0013457879054047767,0.0017631519805223668,0.0028537544059232373
2016-03-29,0.023395599109379592,0.008372774815545016,-0.006248598257123198,-0.0013218960355411704,0.0036741636835251677
2016-03-30,0.017308526212111715,-0.0014669729221763789,0.011453489280546148,0.011254925722643975,-0.00011842041601609349
2016-03-31,-0.005215915800335074,-0.007183212296724454,-0.008240190079046299,-0.004516240582705489,-0.01106419919962272
2016-04-01,0.00913312605102737,0.009108295309854119,0.010916264654600685,0.00828827274016065,-0.007565331651915179
2016-04-04,0.010221070703517228,-0.0055099121401232885,-0.0038778218873679595,0.0005792045481652776,0.0024079526337954095
2016-04-05,-0.011858977015842787,0.0033091417644043127,-0.014290650888380762,-0.006679494631098081,-0.011489934133610479
2016-04-06,0.010418184802850205,0.0043046727970706255,0.007681370871357825,0.005810263940804237,0.013292119068233165
2016-04-07,-0.022050827226915773,-0.0013712324423528956,-0.025662481103763426,-0.01194789555467149,-0.011347383071133445
2016-04-08,0.0011046200673933027,-0.0015573448623827095,0.007300788476034393,-0.002348579471963595,0.010146263456109738
2016-04-11,0.0033078734829591573,-0.0011923575825784983,0.007935099803887518,-0.009744610308741845,0.0013211164061679977
2016-04-12,0.01294096951662013,0.005764880520376907,0.01838666172581057,0.02055907932005029,0.01228587200915229
2016-04-13,0.014383250316799665,0.002460538829444175,0.04146964473279226,0.005074126271225562,0.0056743186036695755
2016-04-14,0.0005356230675725815,-0.0002730841489036524,0.012863854305434455,-0.005074126271225588,0.007048512132008901
2016-04-15,-0.0202755085356963,0.0030905955032400722,-0.011570134117165783,0.0037720321574553893,-0.005399215422485616
2016-04-18,-0.021811184801320552,0.006784086117867509,0.006444256054316296,0.01151748822341439,0.009487805674116844
2016-04-19,-0.005317047118608056,0.01565275397820613,0.016721605877216477,-0.0012891467832288931,0.005000318086572226
2016-04-20,0.002055574045271467,0.007955041811112383,0.014424767268986635,-0.008058795232452492,0.00682034755518325
2016-04-21,-0.010887158813970427,-8.786777933959204e-05,-0.010012532134362416,-0.010749958751836208,-0.0001153921492620708
2016-04-22,-0.00274033156453291,-0.0022035973070900165,0.0058009119623672716,0.0036447793204081353,0.00848980693847987
2016-04-25,-0.0056938013946385094,0.0016752446102170232,-0.00580091196236731,0.010854611884848783,-0.0022871869494250803
2016-04-26,-0.0069713716192214194,-0.005300196395096741,0.005175222304420576,-0.002450158398368022,0.0034294695417776814
2016-04-27,-0.0646212936426707,-0.0012405910812961951,0.0028117847567092724,0.0017302046576269585,0.009427320735894086
2016-04-28,-0.031043315539933915,-0.002574618395856795,-0.00798700706112979,-0.007373686398055851,-0.004873366199265849
2016-04-29,-0.011561081025482405,-0.0035629377007948054,-0.0063090671965096885,-0.030050586666017134,0.004194490144835478
2016-05-02,-0.0010674449864332164,0.00596010018994948,0.009291718659277245,0.010709612782201158,0.008224269417285364
2016-05-03,0.01631260745396739,-0.000532196384466275,-0.019470173246006202,-0.008767436942618669,-0.01150986872593392
2016-05-04,-0.010455889753723366,-0.004179589410733401,-0.01595130966367798,0.0028317495419815293,-0.001931608457919322
2016-05-05,-0.004067452818316907,0.005864012160732737,-0.0053742063356000055,0.0002977042655186969,0.0011364165854870643
2016-05-06,-0.005592472743294254,-0.0012407410057368013,0.005861393054691784,0.015355328995332469,0.005324257754906717
2016-05-09,0.0007547144241620322,0.00865508489826008,-0.006351117727260908,0.010203894214107058,0.0006779652353853136
2016-05-10,0.006766650666091421,0.00831887953127387,0.013468689110353264,-0.002323187454037141,0.015905245987729064
2016-05-11,-0.009788750664020032,-0.0026195132300883537,-0.003714217584841946,-0.027915237562717635,-0.004830214176735234
2016-05-12,-0.023736513905439124,-0.001224477731579235,-0.0006474811172566445,0.006603108803393956,0.009637143404773153
2016-05-13,0.0019904718962651252,-0.00588318524429657,-0.009270693750717228,-0.02898735714318504,-0.011327360183107447
2016-05-16,0.03644666196034004,0.007719783604223731,0.007488320861856957,0.016494180805762104,0.010211654496338856
2016-05-17,-0.004162359455064668,-0.00534467741771899,0.0,-0.014033411536329577,-0.0004468163844980331
2016-05-18,0.011379207999126895,-0.0021109664757111637,0.03787266278778984,-0.03041161496151964,-0.0020124847858789007
2016-05-19,-0.0038138920689338306,-0.006535718383925398,-0.010202005780283538,0.09148805199837277,0.008469758775344807
2016-05-20,0.010769807263285093,0.005251639778358895,0.0018912312020048254,0.009492275972497502,-0.004114306430130329
2016-05-23,0.012627275785892664,-0.00427019043935799,-0.0007873091874056318,-0.005166654717596879,-0.0015615666855615532
2016-05-24,0.015129178517684345,0.00471405386930656,0.01687519853650902,0.010591190005770778,0.0007811211974923277
2016-05-25,0.017416233951556104,0.005839700482812997,0.015070444271556842,0.003411400883097366,0.006558121886090055
2016-05-26,0.007898991518828957,-0.003977818916051683,-0.007507024826802931,0.005235883176054787,-0.005109688363432053
2016-05-27,-0.0005976394173454032,0.0014163848942076935,0.006132375231068489,-0.0014128548851492177,0.0023361951674925707
2016-05-31,-0.004894865207581699,-0.0032782664609688154,-0.0024484545405945137,0.00042439315471509627,-0.011060164635802014
2016-06-01,-0.014118779791578029,0.0007984759102560484,0.006414080248156107,-0.00396393628001724,0.0024688723387599745
2016-06-02,-0.007544226687551942,0.015048418731150388,0.0018251500823113275,0.006362779744900456,-0.007988302869588808
2016-06-03,0.00204429600550664,0.002355228308965971,-0.017938270994217458,-0.00112808856660554,-0.0018084881913824535
2016-06-06,0.007225057240534126,0.00876269868006759,0.009852307059313,0.002536483925636636,0.01091648740850086
2016-06-07,0.004046981877386152,-0.0003455570696451913,-0.0033756851689236544,-0.00028129038193942395,0.015218335758304448
2016-06-08,-0.0009090084115756741,0.0006045594834720148,0.0029160453652178372,0.003513177729300425,0.000881554989390842
2016-06-09,0.007150415300893837,0.010309433940726195,-0.007692317517739003,-0.0026689692093971513,-0.0013228855146247217
2016-06-10,-0.008262935421009285,8.563495220795273e-05,-0.014153609008222977,0.0007032980621100458,-0.007638666949436645
2016-06-13,-0.015191269835422318,-0.0018822989188879101,-0.008968896465892117,-0.0086115901831895,0.006756009892517144
2016-06-14,0.0012323657227413533,0.0028216480300090247,-0.018987668866564687,0.00593697862408462,-0.0017677203396712568
2016-06-15,-0.0032889414034522626,-0.006080598962402278,-0.0017732229034480079,0.002393485711895613,-0.0029900787962856726
2016-06-16,0.004211919184980164,0.00197425761750407,0.004026039956808274,0.0025274829875536688,0.01168852843574954
2016-06-17,-0.023020727179264462,-0.009995339286609138,0.0009638842168930491,-0.004920968699449227,-0.00549621088602224
2016-06-20,-0.002415343853676034,0.009137411444739119,0.001443966305818906,0.0021120892925243144,0.0043991485925598895
2016-06-21,0.008481419598400774,-0.0030940589794804544,0.009256433280029978,0.005050392288170112,0.0044894982281005165
2016-06-22,-0.003761070895974882,0.002407307539758346,-0.0038198702456253113,0.004049908733046807,-0.003941141635904619
2016-06-23,0.005739810448867566,0.007868579688540267,0.021143155458420125,0.004866328764125518,0.006886724988169322
2016-06-24,-0.028498237005279044,-0.01502103917873603,-0.07200823102820215,-0.0019436717684222836,-0.026603618942568845
2016-06-27,-0.014667762532518619,0.007925097385222726,-0.033959462180085595,-0.006412971688897122,-0.005946971548102911
2016-06-28,0.016700162875429733,0.014311310231961144,0.032616014904711124,0.0001397781870986109,0.022808326719554836
2016-06-29,0.008617674719257937,0.009260899760751241,0.02783471894554216,0.013197385038715878,0.0169059269446243
2016-06-30,0.01263171531321697,0.01637399887185852,0.015242791277237697,0.007698556084507967,0.01374868541694281
2016-07-01,0.0030288961834482662,-8.227377459099116e-05,-0.006508395234468336,-0.002879795473526701,0.0010664163913663616
2016-07-05,-0.009430076643185395,0.008047151679393311,-0.02831074240682821,0.004521916412157158,-0.008776676163654379
2016-07-06,0.005668657735713935,0.003021469533182955,0.010690067159696828,0.00925442003636582,0.011437248427932846
2016-07-07,0.004282665168171582,-0.0010605285083374692,0.006458382115232445,-0.003936583276967517,-0.012082870613036365
2016-07-08,0.007683660980826347,0.0027714817089568066,0.020423988738955522,0.004207428280447174,0.00622045495189349
2016-07-11,0.0030980998596353416,0.0006510419833761475,0.007090942233401683,0.0029748312327804553,0.0037346885455458874
2016-07-12,0.0045267141328814995,-8.11828089698271e-05,0.014824771621760994,-0.010724432934252176,0.011226394887489256
2016-07-13,-0.005661471820044535,0.0006502614432521268,-0.0006332131324696317,0.004765709473968178,-0.000737356155311871
2016-07-14,0.019626240826061733,0.0014622805776349512,0.015085137716900269,0.0010859729908653793,0.0007373561553119607
2016-07-15,-0.00010101677209569412,-0.0014622805776348601,0.0009355349698064231,-0.00040692839573582023,0.0017888712043804087
2016-07-18,0.010573610231633187,0.0011379233747672768,-0.0034340651340632453,0.002304847632374069,-0.003158626377176961
2016-07-19,0.0004005131223686634,0.016989555929770358,-0.0015645631837423479,-0.0024408969615565203,-0.0036984291793084323
2016-07-20,0.0009007991518707816,-0.0008785100758111202,0.0010954900012004787,0.0017636007246453768,-0.005732138747328083
2016-07-21,-0.005316218613591404,7.998431892769531e-05,-0.0037612286975726816,-0.003666162660172265,-0.0008521989038650151
2016-07-22,-0.007774421625858573,-0.0009593474755938131,0.005480579700512225,0.0004084066268266007,0.001703104859725328
2016-07-25,-0.01346963691056465,-0.0011207932910551476,-0.0026584686740799574,0.002715348536540616,-0.019440759279216246
2016-07-26,-0.006906433090974586,0.0020801407666489998,0.004062691411731969,-0.0002709909138604212,-0.007293411947462978
2016-07-27,0.06293996606448633,-0.0030410829062048708,0.0031137702810117712,-0.005576433992963097,-0.006796680418852111
2016-07-28,0.0134111986055051,-0.002487796183972793,-0.0035818318581080947,-0.0010914182974331196,-0.00784058903812646
2016-07-29,-0.0012463299501006323,0.006168040475542234,-0.002029845772520567,-0.003693837206954511,-0.013955306772139102
2016-08-01,0.017502262019711806,0.0013562802344846956,-0.002661226144702761,0.011039352121805714,-0.035356064692735854
2016-08-02,-0.01491459495452192,-0.004395497801751527,-0.0023539310740907384,-0.008848988998416922,0.013649771282822278
2016-08-03,0.012460092311298791,-0.0076382956334106605,0.015743571948229337,-0.002601363338873973,0.005156416213373021
2016-08-04,0.006158440198625399,-0.0003229602422031522,-0.0015479963644953164,0.004923489578369257,-0.00011420530427632685
2016-08-05,0.015092983339519061,0.0030634729553338336,0.026595265939272607,0.006255797430379606,0.0009142249547388093
2016-08-08,0.008246325023839514,-0.004760381105940043,-0.0030214092330605987,-0.005710153859702952,0.011694236813987392
2016-08-09,0.004052271083717698,-0.0017807216022292724,-0.003485375241207994,0.0027230202096008393,0.001241156436187676
2016-08-10,-0.007472192479236607,-0.0005670137289421987,-0.008997545872193388,0.012381960294176502,-0.017664896374570332
2016-08-11,-0.0006484510405680447,0.003317866041630673,0.0027535439978734503,-0.002030440637210375,0.0035809335684061595
2016-08-12,0.002313692967004312,-0.004453922410169019,-0.0021410403965433965,0.001218923768382876,0.01294621689742052
2016-08-15,0.011945509165135289,-0.007412408072620302,0.006105245107087347,-0.007744325381492508,-0.0004553272293161013
2016-08-16,-0.000913771732170876,-0.016320530380944418,-0.00015227210276541516,-0.0058817890549626725,0.0012518184313450149
2016-08-17,-0.0014640486628595829,0.008111008752775354,0.0027352483340556217,0.0005487838806214429,0.0021590933296035822
2016-08-18,-0.0012827458859374155,-0.004875640181347799,0.0009101144683337566,0.018610479781173465,0.009038631233103485
2016-08-19,0.0025638484426158755,-8.350068607673596e-08,-0.0013652188581783765,-0.020257271369609708,-0.01256350758852777
2016-08-22,-0.007803044179516814,-0.006609245930103832,-0.000911509182704669,-0.0015120225285868377,0.0021619742304530526
2016-08-23,0.0031286812034152273,0.002598860018274641,-0.00045602863355968603,-0.010092083498195547,-0.0030734890061848413
2016-08-24,-0.007561924445660861,-0.006130920067944955,0.002732756674442713,0.0036061886509086206,0.0034142051376289113
2016-08-25,-0.0042671923664419,-0.0011796807148913744,0.0018180481295553396,-0.014081692916196195,-0.0063825473490566
2016-08-26,-0.005873853625059585,0.003956058470160552,0.002267959380541964,-0.001123958709792602,-0.0021749556523047503
2016-08-29,-0.0011225471798928667,0.007364928224505034,0.010963210857239569,0.0036479012669249143,0.006510392430828741
2016-08-30,-0.007706578550839853,-0.00375907646928552,0.008181877477624307,-0.0012610801650592208,-0.0036494560177830057
2016-08-31,0.0009432887135952313,-0.0010887647864934334,0.0,0.0018211237901940493,-0.004351524498247287
2016-09-01,0.0059199851736273165,-0.0021809240861086756,-0.004305578273198468,0.019407251393011898,-0.0034488791668008034
2016-09-02,0.009326039398540785,0.002013264904105802,0.004157174904632731,-0.004678542412179876,0.006656930449522631
2016-09-06,-0.00027859682774946575,0.003597237974452156,-0.0007409496716049487,0.006872821791637816,0.013069134594817029
2016-09-07,0.006109578804661954,-0.0011695965012640626,-0.0041604104621191,-0.012960208307516324,-0.0037328520249971073
2016-09-08,-0.026558832765133534,-0.0011712175046919987,0.0013392529588480454,-0.003197012756375273,0.009138084977632665
2016-09-09,-0.022909849160424354,-0.010433491119644896,-0.008961923598822401,-0.021530678214802434,-0.025131297996975294
2016-09-12,0.022151867824590298,0.007835284986468977,0.006132266782299217,0.023060812443806592,0.00516876747195979
2016-09-13,0.023525940775299473,-0.013093010480442807,-0.007934553605703873,-0.006694397756052313,-0.02411682019253697
2016-09-14,0.03477487466517663,0.0021231968591657255,-0.001955932005631942,0.0008392900986099899,-0.007184608882728735
2016-09-15,0.0334332845142902,0.006512098561181416,0.003607997166194919,0.012228935025608012,0.005657612826818468
2016-09-16,-0.005640235411180797,-0.003208619213636843,-0.012381364983816603,0.006470716396954407,-0.012418042983470204
2016-09-19,-0.011728715059593194,-0.005001829232692038,0.005605721901452409,-0.010761285580557743,-0.002382985952333851
2016-09-20,-8.797620800022367e-05,0.0024615951505471737,0.004070698387289992,-0.001666184039124206,-0.015507928855161116
2016-09-21,-0.00017612254296562474,0.008106138576769879,0.005701610154980816,0.0030522721734352522,0.009165534556664811
2016-09-22,0.009379044436235818,0.0046145657672226744,0.00819499098406365,0.0011075263013351037,0.00287716470380425
2016-09-23,-0.01680434209798922,-0.00545583969386203,-0.0020795111823059473,0.0011061141139652253,-0.0010779933142592152
2016-09-26,0.0015073431748518142,-0.008707001760346927,-0.02210128418345027,-0.010140872488777857,-0.004684496576244898
2016-09-27,0.00185847726609327,0.012152021790186793,0.008778827840063388,0.009864458641179996,0.002164721050487472
2016-09-28,0.0075760479009720815,0.001424982296660467,0.005260199239705552,-0.007493520739836119,0.043030020592017534
2016-09-29,-0.01565518274341936,-0.017916704610717506,-0.016017206308031932,-0.014875461695496972,-0.005076076468290796
2016-09-30,0.007725510756209836,0.007306921818628835,0.014216616174966756,0.01946196785354453,0.009439457924867448
2016-10-03,-0.004699104974584849,0.005739780465588284,-0.0012021474007312713,-0.001526874865470121,-0.0026388823589911926
2016-10-04,0.0042567144187211385,8.410868397621134e-05,0.008595334707877425,-0.003617037870274309,-0.009232385301709126
2016-10-05,0.0004423905558638358,0.003025311259733437,0.016233886491466343,-0.0011155574252066423,0.00865779258671149
2016-10-06,0.007402754389812013,-0.0036146422782016097,0.0026560199325447904,-0.03276194544726209,0.0004598355976351165
2016-10-07,0.0014915180103238419,0.004117958193138952,0.003529650481032602,-0.009560972825960056,-0.003452645042855608
2016-10-10,0.017296630795017705,0.004685411516026387,0.007751519187656919,-0.010535901427765096,0.01940966242113123
2016-10-11,0.0021519063803145735,-0.018194490258579644,-0.004819654920340175,-0.00871681156392375,-0.007946881634754812
2016-10-12,0.008902784555496491,0.0028009997797798997,-0.0026383124136122745,0.0010385226613479001,-0.006976783894683096
2016-10-13,-0.003072939140026024,0.002455388871483998,-0.005740662383231758,0.011349163735807343,-0.006563143913092709
2016-10-14,0.005541186430568108,-0.00593672079537967,-0.0032530511813999275,0.003219410736521346,-0.00023109838980987974
2016-10-17,-0.0006803462481363957,0.007879849447037571,-0.005197311098582212,-0.0033661022775788507,0.0
2016-10-18,-0.0006808094342988883,-0.02633783279658028,0.007859354311300578,0.009483009982518643,0.0026540062128633363
2016-10-19,-0.002984216766387351,-0.007130354742937851,0.009555642593637007,0.0002902986901329755,0.004599116107239404
2016-10-20,-0.0005120112623265237,0.0024403802191581194,-0.0013171890727104948,-0.0023254413183052443,0.00045907380174857427
2016-10-21,-0.0039378014836960774,-0.0125268480444725,0.003363186929300857,-0.005690372768123289,-0.006788326334867448
2016-10-24,0.008965199457877377,0.0014976219158060074,0.005533169446846845,0.012361091474972897,0.0033423558897919944
2016-10-25,0.005086962887436415,0.003075436899446461,-0.0010170456540137983,0.002454104900355304,-0.002188666830113859
2016-10-26,-0.022751623591188416,0.005251395702866482,0.00478526741634537,0.003310770933009288,0.004257255424918354
2016-10-27,-0.009649325067192729,0.009902240003298455,0.0014454121723308443,0.0034425949674662146,-0.001953795038180065
2016-10-28,-0.006660861483521195,-0.0032032676368566764,-0.001734930777883129,0.0022885611579133965,-0.024928257842876445
2016-10-31,-0.0015841269451378828,0.005706337921712802,0.0021683180181511046,0.00042878832699000223,-0.017370943340976795
2016-11-01,-0.0182201388187035,-0.0056194309742115325,-0.004195941813773943,-0.010336251395293176,0.003952768912277097
2016-11-02,0.000896187025594235,-0.0041701381052443795,-0.004213837093946142,0.002162047512130618,-0.0023936835542426433
2016-11-03,-0.01077634029862061,0.0014786850466601287,-0.004377659788657943,0.0025886708606746834,0.002513301741280457
2016-11-04,-0.00905490919491762,0.0006952033902116337,-0.009108156729994451,-0.0067727316592352885,-0.001076586961036845
2016-11-07,0.01432172417174902,0.013375650345347129,0.030807085505874268,0.00892483399020421,0.022247295710183225
2016-11-08,0.005870240977482853,0.003337231792111869,0.0021445220046712086,0.00014302472511035688,0.007175727864754526
2016-11-09,-0.0016220384181931905,0.027470658585775947,0.04495451180821216,0.01859646784333579,0.010958104481278255
2016-11-10,-0.02826377055617503,-0.006420453881043638,0.04537154106878978,0.004070603592040473,0.009233422466920497
2016-11-11,0.0059199790289630235,-0.008991377640881763,0.0005215031846502487,-0.0022432509449219497,-0.015980549780037916
2016-11-14,-0.02540557123155429,-0.015910508709049902,0.03611135456009376,-0.01044368532138229,-0.004562847329586166
2016-11-15,0.013156864543947664,-0.002404558519598924,-0.0018883404883535118,0.01310712819422343,0.017897509641280136
2016-11-16,0.02653306391177718,0.00034359209690604367,-0.025007708841847276,-0.000420191927919232,-0.012401315469323802
2016-11-17,-0.00036339534795106816,0.0018033845141515932,0.007978649082626079,-0.03130148575470232,-0.006082623594726739
2016-11-18,0.0009998489556292947,-0.00354761229039566,-0.0039814939685319664,-0.009438747539909684,0.0005864294227703216
2016-11-21,0.015059407222396312,-0.0031255224750769556,0.004366000603042189,0.012036840675787967,0.014088822860310688
2016-11-22,0.0006261739108945713,-0.01984773910737141,0.0061311430441508465,0.010753570051620594,0.0021945253189247205
2016-11-23,-0.005111115210114071,0.002922850388762507,0.004193417536588415,0.010074897167202288,0.002764947303344255
2016-11-25,0.005021749419917376,0.009330907276520056,-0.000380493963959953,0.005631674455079311,0.0022986091738134737
2016-11-28,-0.001969855585302114,-0.008800436520755427,-0.006490772659252338,-0.0005620748353224779,-0.007489357771041839
2016-11-29,-0.0009865337246190284,-0.005762296207338597,0.007631570863930216,0.0025246259652519183,-0.006613612576263871
2016-11-30,-0.00846921200399265,-0.01054613252512031,0.015714562966323998,-0.013257987532572879,0.01616676379280763
2016-12-01,-0.009363045391543909,0.0007182070980709103,0.02000576525785006,0.0034022773306044765,-0.0006877473103815187
2016-12-02,0.0037374729040562517,0.005194097036859285,-0.002325588051759946,0.0029665726270836717,-0.0022948424863269497
2016-12-05,-0.007214386589209559,-0.00017846234880452254,0.020138992570349942,-0.01335035016243333,0.005042132769417117
2016-12-06,0.007669496091887461,0.001071184115928239,0.005151125264835337,0.0059874654834578605,0.0009145100199622854
2016-12-07,0.009774586416798669,-0.008603385434399875,0.004530609451682994,0.010536870624972567,0.005807562896852967
2016-12-08,0.009769300728989867,-0.000990930493099005,0.012412315894591183,-0.003689869167434433,0.0028343386800586024
2016-12-09,0.016190081009741588,0.01137754932899322,0.004337255858649846,-0.0037031515149834613,0.007669940997728223
2016-12-12,-0.005720860332362855,0.02724010986683201,-0.00892961558553413,0.02243527126212267,0.022003499761972932
2016-12-13,0.016544058726019956,0.004583892133676184,0.0003535969282975537,0.0018118369975768046,0.017433253993285307
2016-12-14,0.0,-0.007796326232787931,-0.0003535969282976135,-0.006426803582195545,-0.021839359623800323
2016-12-15,0.005454249541523926,0.007796326232787807,0.014877224214992239,-0.0036513348699521915,0.0034161587996585814
2016-12-16,0.0012940670265797348,-8.65874087774677e-05,-0.012402000000324808,-0.0014081427979218044,0.0031855811106273786
2016-12-19,0.005760766147550401,0.001207341954714005,0.0057520768451524,0.008417859497185536,-0.008370083325237997
2016-12-20,0.0026542291131179925,-0.003107285668828468,0.012793945091676726,0.0033470473563026967,0.00011078621704550733
2016-12-21,0.0009403152993459247,-0.003031069271438754,0.0025390590453169665,-0.00810871889596248,-0.0016603737701459849
2016-12-22,-0.0065996381159151565,0.0011268197318550367,0.0016128372377987958,-0.02343315659935264,0.006514075259196307
2016-12-23,0.001975866114028146,0.004494710220441082,0.00183941634553604,-0.0007189468766281965,-0.001762246122853157
2016-12-27,0.006330730293530746,-0.00043154939810862965,0.0009187801016454316,0.002298350543714635,0.00044069230809657995
2016-12-28,-0.004273333335059273,-0.007012834524244797,-0.007256683150541575,-0.0056114631226786985,-0.004970682227420302
2016-12-29,-0.0002568721669960483,0.003382893632566913,-0.007077341355747494,-0.000721464850048405,0.0005535770324820219
2016-12-30,-0.00782613037618231,-0.0024276756290931077,0.004646240877813544,-0.002023360790709442,-0.0009969175199421665
2017-01-03,0.002845111704305833,0.0054535978991832,0.010834649454965069,-0.006677409977069782,0.0069555910381518616
2017-01-04,-0.001119965508792108,-0.0016413942886233707,0.00184273680600337,0.005809014407601215,-0.011063178666004574
2017-01-05,0.005072408215231454,0.010408238066240518,-0.009247374645057744,0.0021694795899198584,-0.015019436785255209
2017-01-06,0.01108676324774094,-0.004803703560019165,0.00011580731132481895,-0.013821155235299778,-0.0005648332107604994
2017-01-09,0.009117643351319867,-0.00017188755927870138,0.0006963811546672851,0.006570819350148702,-0.016634589633115517
2017-01-10,0.0010082220958228503,-0.0010323743295349162,0.0028969840205688106,-0.007010688459044007,-0.012834910885505113
2017-01-11,0.0053587210055197464,-0.01238731058977075,0.007492192581440152,0.004387657089476273,0.010188449583033707
2017-01-12,-0.004184359871899432,-0.0009589558471377095,-0.009692939272303157,-0.008205249813006748,-0.0054286316894558975
2017-01-13,-0.0017623729570706815,-0.0001749277819974084,0.005319666778241979,-0.012435759174800127,0.00011575133523260239
2017-01-17,0.008032088606930833,0.002353233287224391,-0.0370083595521851,0.019034422748065286,0.011629139422074735
2017-01-18,-8.325886832789024e-05,-0.001480807648498853,0.004656710571969322,-0.004541203179601966,-0.012439747780665762
2017-01-19,-0.0017513556922728248,-0.0043688015436465465,-0.0076535864771865286,-0.007220402983377892,-0.018128080634714223
2017-01-20,0.001834614560600652,-0.0004377662182333796,0.004432183061250262,-0.006528068665418085,0.013597295484904848
2017-01-23,0.0006665125404477016,-0.0021048400891650076,0.0004777052167442734,-0.007920535055246598,-0.010768736768779767
2017-01-24,-0.0009164482770058257,-0.01905485855883047,0.011993258872786508,0.011189597490067456,0.0014111136030147482
2017-01-25,0.015794951267072456,0.009262664504449037,0.015344321191785405,-0.007595217258126211,0.0029337300824475135
2017-01-26,0.0004925909474239851,-0.008547412469931908,0.008334199453005477,-0.002394817407475166,0.003041777951243418
2017-01-27,8.199552200170174e-05,0.013675849805627496,0.00207299551813175,-0.016164771693517866,-0.0010515175060837214
2017-01-30,-0.002627742975487588,-0.002207139288739787,-0.010407194971137224,0.011507986391955266,-0.007630565263406649
2017-01-31,-0.0023044744097685263,0.001060185871227485,-0.016406972905472238,0.004806491202186162,-0.01149650352822667
2017-02-01,0.05919346854047764,-0.00017678062505803902,0.003773800185512653,-0.007670918558264362,-0.01138882490807459
2017-02-02,-0.0017102771844856824,0.0029982266296363753,-0.004246890053505919,0.007071457129773118,0.006129862677303181
2017-02-03,0.004270285256176051,0.0006162628633098844,0.030159058006431597,-0.0030029112584921574,0.001078158270438124
2017-02-06,0.009329960331618538,-0.002114384051570977,-0.00471399972676821,-0.001505197873826548,-0.0027572111112831353
2017-02-07,0.009472434036878969,0.0007053499585509173,-0.0005761863109058069,0.007352682067661582,-0.00650266362273483
2017-02-08,0.0038699772329025663,-0.0007053499585509086,-0.008802642120813203,0.013660149131694605,-0.0066057863953844645
2017-02-09,0.007200035612756541,0.005978629575840975,0.014321811855017361,0.01855563861687506,0.004408467448163601
2017-02-10,-0.0022683665117494054,0.010117015639445481,-0.0022954653653889747,-0.015463666771898067,0.008274760214250798
2017-02-13,0.008816843619656744,0.005538089259989216,0.013131237013187434,-0.0036818722445875387,0.005800160730743255
2017-02-14,0.012895838591948943,0.004133660106327422,0.015869075322714272,0.013047040416558882,-0.002171415951667289
2017-02-15,0.0036220803014943717,0.007193275787557858,0.011435304818959746,0.00043682164655002126,0.004097327771014439
2017-02-16,-0.0011810788416103345,0.0074802703139697545,-0.0006626855296775329,0.0026170278619127444,-0.010395513238605771
2017-02-17,0.002730104908821421,0.006583978439390448,-0.003319270978928191,0.007233747777186513,-0.0065831674585272604
2017-02-21,0.007194530483033247,0.006708389265916608,0.008607423139370338,0.029543364091566018,0.0015886674517307327
2017-02-22,0.002995055051823872,-0.0011710092023564044,0.00054881855273652,0.003632087667571687,-0.011792011525955876
2017-02-23,-0.0042396106603631665,0.018075306271101207,0.0007687003009931318,-0.005593181999237147,0.010447913358057597
2017-02-24,0.0009521072539949209,0.015023253982565528,-0.008817582912632432,0.015031241587402395,-0.008596427647479652
2017-02-27,0.0019737262751162066,-0.00269251895302241,0.0011064591869574284,-0.009019532215201088,0.005657357963434583
2017-02-28,0.000438016998334225,-0.0015536458747047192,0.0020989920838926555,-0.011354607753165229,-0.002701567432818591
2017-03-01,0.02023339087516333,0.013411120790528494,0.03235543870074459,-0.006790422088238046,0.020689752559312248
2017-03-02,-0.0059554584981466804,-0.0018586629168964913,-0.01572141753441045,0.00439050770967309,0.0033666725012849604
2017-03-03,0.0058841773061676095,0.001293390155749787,0.007137627827606186,-0.010370248458250554,-0.010134982862041375
2017-03-06,-0.003153034910464766,-0.0006464859706275397,-0.009528025821103639,-0.0021442415877134455,0.004476949466541939
2017-03-07,0.001291069002761337,0.0009698914192254565,-0.005563657436447572,-0.00014278632646286992,-0.0037497156850237294
2017-03-08,-0.0037343649545279246,0.00217796661988057,-0.0021902725610344065,0.006323550638441871,-0.01822110514909555
2017-03-09,-0.002304618240420621,0.014797221910414214,0.003938829136052984,0.0008593165426349655,0.007867159086313236
2017-03-10,0.003311369427481952,0.0020618204530280814,-0.0031719294040182624,0.003429425502000257,-0.0007349468607814119
2017-03-13,0.00043112080141691347,0.003716943856622337,0.0008763346923321271,-0.0021422624286740253,-0.0023307834660265528
2017-03-14,-0.0015095583361293364,0.0029168764437364704,0.0016402174755139644,0.010947737751400644,-0.005295227379286851
2017-03-15,0.010521129655508268,0.014921384971258474,0.002401095289490725,-0.001981423500058778,0.012393679375006761
2017-03-16,0.0016355440171142116,-0.0038844124613930026,-0.0009811905096385706,-0.001985451956251773,0.0008529810634625575
2017-03-17,-0.00498762372644206,-0.003118847097551133,-0.010531346283102839,-0.007838882262542278,-0.0008529810634625511
2017-03-20,0.010446013630459093,7.814577137192868e-05,-0.0071934616834345875,0.0012868968994948619,0.0
2017-03-21,-0.01151837192920413,-0.006423196277022664,-0.02976236583571238,-0.0011437629767732241,-0.0020753354291428903
2017-03-22,0.011235648798898455,-0.007810423750786669,0.0016008498270786604,0.004994736545322653,-0.0008560483240293706
2017-03-23,-0.003542207098923359,-0.002855347053561118,-0.0016008498270786201,-0.0055670135739182185,0.0012225307369578575
2017-03-24,-0.001988693289261585,-0.0033417067497861917,-0.0011446343952566155,-0.0035852237804320963,-0.007726182951173452
2017-03-27,0.0017050038303276058,0.0025466519984390923,-0.0005733142101243686,0.0007179589829418449,0.0002463779680654879
2017-03-28,0.02051493483466534,-0.0011131805142547979,0.015468545939912828,0.009430087303728138,0.0072351221789420635
2017-03-29,0.00222322672122386,-0.005906311752988327,-0.003731026652757218,0.00595496665741317,0.0021975300500400394
2017-03-30,-0.0013191755839226944,-0.0020835300265361033,0.00857293376505977,0.011944068253300131,0.020275653339351843
2017-03-31,-0.0018781614161638574,-0.0008827592641771061,-0.013456184522283325,0.006821117458269794,-0.02039781895300796
2017-04-03,0.0002783154984034338,0.001123333391209919,-0.0036497475548686407,-0.0034738690764760777,0.0007311524474590265
2017-04-04,0.007418959770364778,-7.99472332841555e-05,0.003326717242201506,0.002502479294825442,0.003648675804411521
2017-04-05,-0.005194531526021316,0.0009617950192066324,-0.012910789663817175,-0.0050119808927369495,0.001940558578540927
2017-04-06,-0.002502743742746915,0.002001168470441474,0.0033592634380462077,-0.003075050993069881,0.005799669621692855
2017-04-07,-0.0022300086104474017,-0.0010400603568606428,-0.0034753328006399626,0.020370766569133485,-0.0030166540354203283
2017-04-10,-0.0011864653920489825,-0.004653817856182595,-0.0034871126144130015,0.0021922390907222174,0.004461313630923506
2017-04-11,-0.010814931838207677,-0.0009655139941535405,-0.001748070107513764,0.005051743112684189,-0.003494926995234682
2017-04-12,0.0011998249625174958,0.009454553564953349,-0.0038564531916601874,0.00013596173342570543,0.0015681109179234139
2017-04-13,-0.005303269552734509,-0.003274823760489083,-0.011778844331127301,-0.00395661071962446,-0.015547611502564465
2017-04-17,0.005514867719750901,0.005823333746946791,0.01715037733838599,0.004637321266887814,-0.0013477446868376721
2017-04-18,-0.004451938043852094,-0.03151262328876957,-0.008185846599383734,0.005428075003708431,-0.00651748085592835
2017-04-19,-0.003689734136755627,-0.003700996965094742,-0.008254100069095287,0.0024332475185317075,-0.006933249805775264
2017-04-20,0.012433054992866488,0.004111428648981802,0.012822890641728969,0.00980734486448794,0.006439501811923683
2017-04-21,-0.0011940826603299554,-0.0009032208500644408,-0.012112618592441823,0.0018697415642553795,-0.003958069643416539
2017-04-24,0.009583725834145082,0.009237874209664404,0.03465028214639031,-0.002137362303866464,0.00519169819960582
2017-04-25,0.006176623156250686,0.004384651024474532,0.008648634137239182,0.003604231090542895,0.0076149133383379905
2017-04-26,-0.005898498999513033,0.000647551945502208,0.0019241641608035709,0.005050495429333037,-0.0040457881885278225
2017-04-27,0.0007656494633156527,0.00186070680609657,-0.009316013098204885,0.00013253370174699168,-0.0017213180022156457
2017-04-28,-0.0009740627831072993,-0.002184390356494273,-0.0069868617271572,-0.0034524843789868497,0.004787871053335874
2017-05-01,0.020191498694970788,-0.0010532163376385764,0.0006892065913750682,0.0006648724867638357,0.0050087208580537725
2017-05-02,0.0063242367518886325,0.0029141256358952688,-0.006452981848833448,0.0038475144032483074,-0.00012147303121981266
2017-05-03,-0.003054975626726452,-0.002995268346382611,0.005763775257458313,0.003172807843235377,0.007890548291132378
2017-05-04,-0.003610443420952963,0.005014134703087741,0.0011486002859176095,0.007626757290688514,-0.012900232612847243
2017-05-05,0.016447427943083747,-0.0035560921045640396,-0.0011486002859176483,0.0020935566524227915,0.004643980420303606
2017-05-08,0.026825542067834596,-0.002107261107145841,0.0011486002859176095,-0.004979766438635388,0.010550862665594109
2017-05-09,0.006384466497257798,-0.0003246070141133496,-0.004026503704888516,0.007851399240691606,-0.007021548387978168
2017-05-10,-0.004752070813683253,-0.003251959121412865,0.007807941416242482,0.0064090185204547095,0.004527321401317055
2017-05-11,0.00861118703071489,0.0031708911376852767,-0.0030927985089328597,-0.00745903074682679,0.008509734313511591
2017-05-12,0.013869280712122003,0.003564863836593715,-0.002757630857949889,-0.005532124830304854,-0.0007267075367111422
2017-05-15,-0.0025659637886627936,0.026734419986479616,0.004820484638705122,0.00763104791372383,0.0030240328946086444
2017-05-16,-0.0014783446187651543,0.0061234373481079485,0.003086768458063245,-0.015588006582044045,-0.003024032894608627
2017-05-17,-0.03415212535256049,-0.008646506341447325,-0.03886942513641683,0.00013335940604405092,-0.006806960008069195
2017-05-18,0.015126029984912458,0.002365597585472362,-0.0036851958812939723,0.031706840867138986,-0.0029313428413749866
2017-05-19,0.003403570348438734,0.00023627560363605538,0.009719161639574907,0.015738472178590025,0.002199137844848318
2017-05-22,0.006057269240198726,0.0020451021268444573,-0.0009442737286011699,-0.0027968874819248074,0.004384723278247754
2017-05-23,-0.001234522183169371,0.0020410056913686882,0.012437369002463257,-0.0007642774543900008,0.0035177922710658933
2017-05-24,-0.0029951642343645103,-7.840535899997138e-05,-0.0005831654848149398,-0.004341154789340561,-0.0035177922710659406
2017-05-25,0.003449906600060847,0.006766512904029515,-0.004209248885433437,0.0020450650822642783,-0.006583861123095972
2017-05-26,-0.0016908976075749563,-0.0047946113118361305,0.00011719800913735127,-0.0023006959421898714,-0.002449413515183873
2017-05-30,0.0003901973855941956,0.0014956042185063725,-0.017252283787267297,0.00025563085992568585,-0.005533585670435704
2017-05-31,-0.00593902733212482,0.008928714131633358,-0.02107838742093347,0.0057417719101405815,-0.007425573603948974
2017-06-01,0.002745712768448295,0.00412409571077509,0.01101593530288118,0.015277028846511729,0.0024810394199103695
2017-06-02,0.014710330894224652,0.010044139261736487,-0.005069275601804248,-0.0023832948000987427,-0.014981288397588336
2017-06-05,-0.009826243285751473,0.002150131564724287,0.0018137263106594852,0.008005728674355573,0.007768355873548391
2017-06-06,0.0033726743998642203,0.0035989414126770176,0.002050812642966944,-0.016709762811777457,0.01351304050466763
2017-06-07,0.005938842931673541,-0.000611860247520828,0.011386876484746962,0.0027833571842621665,-0.003700829581046225
2017-06-08,-0.0024485994830911006,-0.001530463571485994,0.012317784174612692,-0.002783357184262272,-0.003591097462864025
2017-06-09,-0.03954896073629048,0.007478587398558713,0.023385272821638537,0.006188756315743535,0.018556697060897732
2017-06-12,-0.02418586349395601,0.0022022481631378404,0.00023004340014660352,-0.0022689213708666062,0.009693809919930824
2017-06-13,0.008013709625561093,0.001516101754410859,0.0033286915519449936,0.003527517628762023,0.000361685857066459
2017-06-14,-0.009803402298515129,0.0056649051073134424,-0.0020646216127945924,0.004767061214778633,-0.010786173571628989
2017-06-15,-0.006011006710318268,0.002031446834974857,-0.005989106876600104,-0.012468105426754306,0.00231221553919879
2017-06-16,-0.014098832769821728,0.0097985217447161,-0.004515176745520828,-0.04762439817568175,0.014842265317152388
2017-06-19,0.028206556936520126,-0.0020862824345865174,0.02169367835773108,0.003449379302869234,-0.008782090079518395
2017-06-20,-0.009130128269335132,0.0011182709165099157,-0.006264327233540545,0.0005297878206704269,-0.005452252313736256
2017-06-21,0.005913450823724875,0.005127709385958453,-0.0045809845264821675,0.009223664384210677,-0.01062606679737655
2017-06-22,-0.0016472000905801904,0.00841443654164137,-0.0011481128801189425,-0.009488567044989854,-0.004430448070170695
2017-06-23,0.00445345689539324,0.002789319300932874,-0.0018407584863112702,-0.009045072677046972,0.006515771294805513
2017-06-26,-0.003149383197334943,-0.0006601584620003326,0.00436524872200129,0.008780187517155796,-0.004544142252867357
2017-06-27,-0.014436573449876648,-0.009802730989727398,0.009242291520491223,0.006732184154804803,-0.0016014100561077102
2017-06-28,0.014505072733848887,-0.008853194989165305,0.01990266109128821,0.0065565050202430145,0.005164517889535882
2017-06-29,-0.014852965381672698,-0.008857022543415558,0.014699145995667991,-0.007609543138341952,-0.010232560673899023
2017-06-30,0.0023634696103491826,-0.0026421705606389204,0.0027385310650832363,-0.0032977017219628195,0.0003718203304167648
2017-07-03,-0.003617023831757054,0.004600581106149279,0.02014786518510248,-0.004237695491788679,0.016827785506136214
2017-07-05,0.004103552653621371,0.005552449050124564,0.009976979170654954,-0.0005306142480792372,-0.0153423801745782
2017-07-06,-0.009483750613990946,-0.008415962540425037,-0.0032077549651447347,0.001989449944907551,-0.009070158186014638
2017-07-07,0.010107358448593059,0.00015106782766848514,0.005020901608269267,-0.0018566381489153873,0.0012475650549939943
2017-07-10,0.006085237788099784,-0.007497852669259093,-0.007057194503049685,-0.028273686847672213,-0.0007481525320903302
2017-07-11,0.0032346112617553896,-0.0024351453506881765,-0.003870597694978025,0.0032721387705335384,0.005473663329342744
2017-07-12,0.0014423958674984394,0.007591253316032652,-0.0034531768877977547,0.0063770405919817835,0.004456632957286993
2017-07-13,0.01383248111079824,-0.0028019743106382465,0.00635729465586229,0.014900416667777382,0.0001236515512165163
2017-07-14,0.008557650012220475,0.0055964895619389455,-0.009171689650792533,0.017042655112808537,0.0038213430545365385
2017-07-17,0.003483249123739498,-0.0033997468703488064,-0.009366184740489353,0.0003928872288615957,-0.005180725463596916
2017-07-18,0.0034708292545006045,0.017329143645572285,-0.0035078955044669075,-0.0022286074540102054,-0.0032209020994431376
2017-07-19,0.0062435352937402246,0.005562536415501952,0.0014265802409396111,-0.004339780463566378,0.0030970823337682116
2017-07-20,-0.004512791924032739,0.010008006989825001,0.0,0.001974432068290748,0.0001238197656750358
2017-07-21,-0.0004656410786346095,-0.009269146521637048,-0.003405112613948073,0.0017089599663858213,-0.009193977951689592
2017-07-24,0.012038593317451175,-0.01714386100050627,0.004281671133369896,0.00967051418755923,-0.003124987354879913
2017-07-25,0.0042649149250866695,-0.008531747170824439,0.016515277591774916,0.02097760470363025,0.00499564492179028
2017-07-26,0.0047024382970076144,-0.00707711551207483,-0.009419577887736641,0.004827963667366163,0.0012451637800905272
2017-07-27,-0.01907811588691461,-0.0009166393160247273,-0.004141704754024813,0.011091522131693511,0.0057070757179169965
2017-07-28,-0.0070653447845359955,0.007766084756401069,-0.002953994950013392,0.0003760327461624241,-0.015334180212456798
2017-07-31,-0.005163601963351279,0.006576597723978087,0.005680666383790165,0.0022528180410205318,0.005512280710244946
2017-08-01,0.008836212552030405,-0.0015835680517191759,0.013309496124162006,0.006355738764394336,0.0016230864940179172
2017-08-02,0.04616813798779527,-0.002644617970757972,0.0008598436251453977,0.0003725877892941967,0.005348991795522508
2017-08-03,-0.010041145646905154,0.008964267405190234,-0.00657284580739155,0.004213288133248594,-0.0013654852425875183
2017-08-04,0.005257067825903766,-0.0012761108047785084,0.012462647369693462,-0.00483429008319716,-0.0034849757894583294
2017-08-07,0.015355412735989176,-0.00240552687476887,0.003836156895442017,0.009891107763458461,-0.0006232022972967924
2017-08-08,0.007965111153454824,-0.004450741990745258,-0.00362280566861559,0.003806718615432208,-0.0024979873699792154
2017-08-09,0.006103578797978994,0.007231656317474497,-0.001602332339746393,0.00651547352508315,0.0031211896672758573
2017-08-10,-0.03237053976974733,-0.0010511452125936134,-0.014430737831400123,-0.011709060513088126,-0.005933938684769043
2017-08-11,0.01381106645303715,7.513952155448733e-05,-0.008387639878635807,-0.0032284409692363955,-0.00967050042938925
2017-08-14,0.014937689690537034,0.0028509056454674823,0.011636733070827616,0.003724263107120275,0.00025591342027645375
2017-08-15,0.010888111877494267,-0.0007493616103382398,0.002591507096311618,0.0008670976293722212,-0.002431685230195493
2017-08-16,-0.0040303967241564565,0.005905351917671437,-0.006926016571321339,0.0025967908448235075,-0.007330809931806479
2017-08-17,-0.019385336495471812,-0.008457965332646285,-0.015760490892923716,-0.01593272338550432,-0.01574235623194213
2017-08-18,-0.002283192763586335,-0.003086161674419425,0.0009925882473929707,-0.00490572096173447,0.004970718402845239
2017-08-21,-0.0018424724524831937,0.0061632695049967465,-0.0012131785110655194,0.005031110228916066,-0.003398346936976303
2017-08-22,0.016215426049010228,0.009323343157761482,0.010209702235081133,0.0038814271944824395,0.004702186906964474
2017-08-23,0.0012505070888567077,-0.014206100780044108,0.0012005457083054622,-0.0007499019174277616,-0.0016954419563257378
2017-08-24,-0.00444780105463527,0.0006777500554203493,-0.0016379176380849217,-0.020468432594950993,-0.0036614509214662246
2017-08-25,0.0036977049768319665,-0.002806034863953659,0.0040350100210777605,0.0036950808277696457,0.005096231324382107
2017-08-28,0.010020658691707953,0.00045565994252176677,-0.003161091901941762,-0.007659826307012271,-0.0032638671121802184
2017-08-29,0.00887876879162853,0.0035612613250527213,-0.005473709687199212,0.009438780621052134,-0.00026158200382035723
2017-08-30,0.002697171244884312,-0.00866004792829974,0.002302381405635436,-0.002924043752068197,-0.004588721867813536
2017-08-31,0.003971097923014239,0.00986924883801703,-0.00461018258790884,-0.006002123133443027,0.0030179396594320995
2017-09-01,0.00030520119431272233,-0.010174502393945942,0.008872201774683541,0.003835116590840422,0.0031391009291137093
2017-09-05,-0.01208133010804724,-0.008661499341560464,-0.02417166188025236,0.018082296068737347,0.007935223096156642
2017-09-06,-0.001049513831081857,0.00591016539057552,0.006680724107308401,0.003502475743129956,0.02051864888245203
2017-09-07,-0.004022867650808912,0.011565336352305536,-0.017689832702869383,0.0004993303007698953,0.0031687449612877853
2017-09-08,-0.016443128123096364,-0.00919558874358145,-0.0012430443054251084,-0.015597703433759188,-0.0026607572954196663
2017-09-11,0.01793015500412105,0.016881851524255826,0.015375278484786927,0.0025323070359518514,0.005440362348166414
2017-09-12,-0.0039703294823994146,-0.004363180021207919,0.012176334521767949,0.0066797895534015965,0.003149696758968112
2017-09-13,-0.007550471882010989,-0.001358198851392888,0.0028568731024291795,0.003135617761162076,0.003390353566308696
2017-09-14,-0.00861817176537202,0.012976816129213182,-0.001976687104992156,-0.002256735830022252,0.004003761570824197
2017-09-15,0.010057644208827168,0.0020102667785824647,0.007119896584492097,0.008746840607477189,-0.0002498278954783163
2017-09-18,-0.007596930328653552,0.006893602420740432,0.014089078576949802,-0.004738526240416849,0.0002498278954782854
2017-09-19,0.00037844758033503384,-0.0011825879220084443,0.01091736923412903,0.0006243571848098216,0.0016214087961720642
2017-09-20,-0.016900011819088435,-0.014901462355417667,0.007001151093099709,0.005605991811541535,0.004105786469448491
2017-09-21,-0.017321331790486033,-0.011095607406283318,0.004535189916948851,-0.0061057588535566535,-0.008227649373295079
2017-09-22,-0.009827011328506687,-0.00273627752291039,-0.002106725547715262,-0.006017016042644151,0.0003755271571203908
2017-09-25,-0.008861202011234689,-0.0016755820504840032,-0.007515363076876212,-0.004789707101837795,0.013175950339490018
2017-09-26,0.017057105422282635,-0.001755029565095875,-0.004472543620223307,0.0030276021759744376,-0.0011123146356425693
2017-09-27,0.007092292229801192,-0.009129913723836477,0.015671488992513194,-0.0012604078700664855,0.006653805075448476
2017-09-28,-0.00617860392886041,-0.0021602149924483806,0.0020991907775462387,-0.004297092104797351,0.00929007428229816
2017-09-29,0.005465092988469948,0.004162012622837902,0.0013623632544337999,-0.010312819283798826,-0.002558396208650717
2017-10-02,-0.002013033437985812,0.009264105024375495,0.013828560650791267,0.00395967902157885,-0.004278801076874886
2017-10-03,0.004346346477005003,0.006683822445250955,0.00525319797128657,0.009766859480704387,0.0015913297737939183
2017-10-04,-0.006494263092080052,0.005962620620874637,-0.010221638926441415,-0.0016421355836735009,0.00036707830837787376
2017-10-05,0.012367659685675561,0.0022548647808115483,0.013375658426881988,0.00403798966936944,0.0028082114580157912
2017-10-06,-0.0005789817753995884,0.00022519976690798038,-0.001752528444373682,-0.005176665133421616,-0.0037871786362077093
2017-10-09,0.0034707663112277768,0.001724946183047649,-0.005275889382050382,0.019182100259881735,0.003908819951878948
2017-10-10,0.00038500330084054315,0.0033663417268324316,0.007440290659048521,0.04373335832667687,0.0028002826989810253
2017-10-11,0.004160784877802108,0.0203295214482473,-0.0029903015059346183,0.01883966260313976,0.004124214918681682
2017-10-12,-0.003519617047506412,0.0013166956056717871,-0.008816020309041063,0.004306673796403615,-0.0020599469688889435
2017-10-13,0.006326105416991277,-0.0029272997981446823,-0.001354896964288196,0.006021307167549023,-0.00024246019510165614
2017-10-16,0.01824138226937056,-0.0022751892741662344,0.020444389979629815,-0.010211487428444764,0.004841762072445398
2017-10-17,0.0036832145077842554,0.03373230215217894,-0.0022508809994962,0.002795148367711268,0.001810060599749978
2017-10-18,-0.00443388248006236,-0.0007812978151932876,0.0037829275339862595,0.002787662524633904,-0.002413914860763273
2017-10-19,-0.023945230575213045,0.009620908902507325,0.0012237728133097584,0.0020854304992006744,-0.0002416301527316917
2017-10-20,0.0017297440094517127,0.002531031255979778,0.014169133267614726,0.011965286917615229,0.004461858270065381
2017-10-23,-0.0005122904162732508,0.008531121051371495,-0.0017105501909221764,0.013743222094184663,0.0015628093971055074
2017-10-24,0.005937638413138246,-0.013882547460960508,0.015780114680148363,-0.007586699403103936,0.002759429407661819
2017-10-25,-0.004401868218131817,0.005070600585302033,0.0009907474619682973,0.005667212919203562,-0.003600680556435905
2017-10-26,0.006373202792505053,-0.003871161702591584,0.007101674294220769,0.0015810692304616513,0.0036006805564360142
2017-10-27,0.035202830933298776,-0.0002111444235008043,0.00029463791858626775,-0.00509094566394686,0.002870832871921078
2017-10-30,0.022259141133528365,-0.012634197482729629,-0.003543296946809176,-0.013933344725764105,-0.0020324685181625805
2017-10-31,0.013819322576235651,-0.004223383875440601,-0.007920021247245761,0.004131611961558688,-0.0022772170394437315
2017-11-01,-0.012800367457951954,0.004080504106641985,0.0030762585192799074,0.007189760409820104,0.0062193432130225774
2017-11-02,0.007283579765951684,-0.00035746299488940796,0.006617075370997718,0.009731705774110401,-0.004061568633671495
2017-11-03,0.025778951423502793,0.001071588161356688,-0.0017733126430318105,0.009861555079501132,-0.004198962187847453
2017-11-06,0.010093571312057776,-0.00228715146646309,-0.0062318104721869804,-0.010988027577528373,0.006828680286051734
2017-11-07,0.0032090539161460816,7.186888049173632e-05,-0.020348742494047403,0.0028144342755034033,-0.002031699889893948
2017-11-08,0.00814659973795588,0.011028489989099787,-0.011303817668565952,0.014620021499469662,-0.0013169401019760892
2017-11-09,-0.002044835600453662,-0.006887737975994044,-0.00010278444247157678,0.0004430255488454818,0.005972270049265312
2017-11-10,-0.0033152623734063985,-0.00564444580690312,-0.0012293984184369251,0.006842386122008615,-0.003129916685815562
2017-11-13,-0.004015541153811371,0.0014318249133055297,0.0035830955408813004,0.0007696677795200486,-0.0006031307152436579
2017-11-14,-0.015232546208293327,-0.0019335357591761158,-0.00604772310160969,0.001098571032394676,-0.007872413701590104
2017-11-15,-0.013277979924196891,-0.002799743236058849,0.009413835977859357,-0.01392917988925675,-0.012603663566244563
2017-11-16,0.011875900404627176,-0.0016550340831204564,0.00284773191639556,0.10344408341376127,-0.008036136542839455
2017-11-17,-0.005567678376556177,-0.006284930198711511,-0.003357309713676806,-0.0218182344555734,-0.003979866582628856
2017-11-20,-0.0009993001889230131,-0.0005070305265286855,0.008826157965437748,0.00010232791976289192,0.0038559572363310113
2017-11-21,0.018419534036047985,0.002968406178552478,-0.0008086538660795922,-0.009896967217367153,0.003964580258299101
2017-11-22,0.010456943204606004,-0.0076190766587119155,-0.002935619316847167,-0.0011404619332319379,0.0028400505929346044
2017-11-24,5.7037282841520214e-05,0.005230415798636725,-0.0032493435486841095,0.0021760561451086113,0.003938436308183799
2017-11-27,-0.005042189883977725,0.006757085575845801,-0.003974250956605354,0.0,-0.0038149521581169288
2017-11-28,-0.005876190815351613,0.013807520007984702,0.03442542909802851,0.001551179265213624,0.006880240188153392
2017-11-29,-0.02096111882703398,-0.0015008768899772574,0.023112565529088417,0.008130665877214237,0.007320013510028916
2017-11-30,0.013886976690491194,-0.003439266962840121,0.00758735318290287,-0.0033883128675206943,0.012322039049549208
2017-12-01,-0.004666161688832126,0.004654274588666947,0.00257991846781447,0.0012334486640981108,0.0020391153548829015
2017-12-04,-0.007334381226450032,-0.00695403367495855,0.020403088943870256,-0.0034987189114261737,0.0013166427047654186
2017-12-05,-0.0009429164801002801,0.004736725877269418,-0.011567215981129168,0.00841735567628351,-0.008170042651708228
2017-12-06,-0.003720663539149408,0.009902771405812768,-0.00750099802774055,-0.005638070668161276,-0.007386367302215226
2017-12-07,0.0018327378832437452,-0.0074714520690313205,-0.0029585224823198424,0.00010347457486772484,0.0032759738668018314
2017-12-08,0.0002949401581245696,0.0041341408825119105,0.012443665299303528,-0.002379374470281087,0.0013320302767467428
2017-12-11,0.019296815843213834,0.0039045239746962313,-0.002930278623778114,0.003928048915943375,0.004465983561528415
2017-12-12,-0.0056335302030423254,0.010291421648326337,0.011577831748938259,-0.0023756203856762767,-0.0032570716021439183
2017-12-13,0.003314582683587037,0.002031458243437612,-0.012620061199608576,0.01090187267614752,0.004340521449386289
2017-12-14,-0.000290638121506271,-0.008715904587060702,-0.00808892316106638,-0.006465031893075234,-0.002650320248959216
2017-12-15,0.010109827296630014,0.0057021061822989825,0.01404200993816867,-0.0002059444358951129,0.0015668704017166681
2017-12-18,0.013985012345922022,-0.004643674230023239,0.007695780078097724,0.008102325879474764,-0.0010844896876181641
2017-12-19,-0.010713700920665148,-0.00014102764606138983,-0.004215803980940128,0.0091509944539608,-0.006046922747492614
2017-12-20,-0.0010889987078219737,-0.004382643836378608,-0.0034799760971575824,-0.00050616816909278,0.005202654511883532
2017-12-21,0.003778460730890214,-0.0007089485627158269,0.015796887512744332,-0.007011932058377612,0.011756316999219155
2017-12-22,0.0,-0.006685866498904723,-0.003530156634737325,0.00152847468565637,0.0014302021099369365
2017-12-26,-0.025697578508357417,-0.00021412022285413826,-0.0040100580773363564,0.009626637954675228,0.00011913020267068898
2017-12-27,0.0001756968887547497,0.003420502965770263,0.001867104074316896,0.0010080296876503847,-0.0009533723601463853
2017-12-28,0.002809728729227508,-7.116282401930001e-05,0.005301936921920571,0.0014095366512604543,0.001429350629363411
2017-12-29,-0.010872656349379464,-0.005993886575638164,-0.007916787775575099,-0.006560746920864802,-0.004532845232150813
2018-01-02,0.017746062033057865,-0.00351332918067905,0.00940029987083783,-0.0016214088912014516,0.016482134436090926
2018-01-03,-0.00017381398903096605,0.009507215756317257,0.0010184166095011944,0.00868481740784438,0.019449870054766574
2018-01-04,0.004634454664618029,-7.116788852713943e-05,0.014224063928777725,0.0009046280508637122,0.0013830916928044001
2018-01-05,0.011320708972786071,0.008219482425564355,-0.006440919620363939,0.005909700882688593,-0.0008064578088932113
2018-01-08,-0.0037210631725665792,0.0012693646433302455,0.0014762024615586461,0.014672677399158906,0.004485441765152786
2018-01-09,-0.0001151393273790885,0.01573278484549496,0.005056445462446009,-0.01207950753863591,-0.004255088200515393
2018-01-10,-0.00022919388600554916,-0.0011800557041122637,0.010943801973700106,-0.007197825831738524,-0.007983758552734895
2018-01-11,0.005664108953177684,0.005679365694153197,0.005337420657118015,0.00350553822195109,0.009826034709608123
2018-01-12,0.010273211153491672,0.006676954656337852,0.016375471790029194,0.008462367140205478,0.006764438959539713
2018-01-16,-0.005094768054861195,0.007518523332521777,-0.0035566349291825425,-0.0017859925649030522,-0.006304415870257863
2018-01-17,0.01638137260320952,0.0008168843620843994,0.006392710474306054,0.019765328857472106,0.011773627082994533
2018-01-18,0.0008925873189635903,-0.0004084247420744273,0.002386748464594941,0.015459323465234922,-0.006498483999967055
2018-01-19,-0.004472480995585572,0.0029903273795583653,-0.0022099671732420363,0.0027767668428522185,-0.003207621795147747
2018-01-22,-0.00821493816349254,0.005279211107507419,0.011612999532125206,0.008189067640577885,0.012542900794475375
2018-01-23,0.00022586968227362764,-0.04352871849626705,-0.001050324574044629,0.004258008535414931,0.0005664454214909354
2018-01-24,-0.01605660011550253,0.001691039415516439,0.012702061942129592,-0.001039077221839812,0.0026014481466274204
2018-01-25,-0.018012261779389756,0.016267208072209174,0.0002596386085350134,0.007627772619632145,-0.0018090140087963728
2018-01-26,0.002334745970043505,0.006419846076011877,0.005344402181386255,0.016651902500590534,0.007103979556698122
2018-01-29,-0.020915823706765122,-0.011418353502296403,-0.0010320167967026734,0.01064539784186403,-0.011186042971012458
2018-01-30,-0.005911204471895966,-0.008738478012921484,-0.009424700714353713,-0.01675275189923494,-0.014074315931850127
2018-01-31,0.0027507431349423363,-0.03022043615489461,0.004852676721135151,-0.010544548443219668,0.005974327593015618
2018-02-01,0.00208864664036871,0.013155694726838717,0.010321186681215887,-0.010183120624268849,0.020071983179751077
2018-02-02,-0.044359701830024766,-0.0168532886760169,-0.02241062783644175,-0.009904624034328258,-0.05231597737519237
2018-02-05,-0.02530207906305183,-0.0544020269909124,-0.04914031842533469,-0.042926028321505195,-0.058586039558469
2018-02-06,0.04094215656616566,0.010983075869900374,0.029969361649898264,0.008060092526572814,-0.017334433507152695
2018-02-07,-0.02163982348642003,-0.003115037564961634,0.006756177047088201,0.019141287405337725,-0.018160035076554885
2018-02-08,-0.027902374166702652,-0.039263385538809224,-0.04521721129754188,-0.027901172266455526,-0.011371809453332452
2018-02-09,0.0121576816129052,0.024777930788857587,0.019824323114759755,-0.006520012594731012,0.006354273996539552
2018-02-12,0.039488983554559286,0.005696549158326845,0.015331033646786587,0.001809761701808618,0.008409725715815698
2018-02-13,0.009967361933802724,-0.002382628211907199,0.0061557293048584635,0.0142626733763002,-0.0015716323937240945
2018-02-14,0.01826966512946954,-0.0022339480322352,0.022862432140223217,0.007104778819879924,0.0020952762094707685
2018-02-15,0.03302683628719222,0.011958771476106491,0.004164108682606124,0.01493236173849864,-0.0032753320789516483
2018-02-16,-0.003242434866320383,0.014524619483156354,-0.007211530394330082,0.014903132576057543,0.004320854503926822
2018-02-20,-0.0033692143576271377,-0.01727167553834356,0.0002617125681702962,-0.10739839754566903,-0.010375105392843226
2018-02-21,-0.004549034112182113,-0.007362690751167945,0.004175866981607317,-0.027906936631613224,-0.011418172422753954
2018-02-22,0.008324670471124283,0.0,-0.0018246142264455548,0.013565829715520323,0.012869578071703493
2018-02-23,0.017241254335080544,0.01611147849261818,0.02006164460251234,0.0012925598468012407,0.0217750748095082
2018-02-26,0.01957914367601961,0.006761923293250587,0.0123685464122618,0.0024731503448684826,0.016755591473796978
2018-02-27,-0.0032459862585657914,-0.0030335218958652344,-0.011942635613230904,-0.017331539907190115,-0.01714278833176432
2018-02-28,-0.0015144799690640883,-0.013687618244103084,-0.0159755884360088,-0.016636699877253764,-0.022971487411444946
2018-03-01,-0.01767170220526063,-0.020221553277481416,-0.018084566107748584,-0.010385888964443592,-0.0071546720313034025
2018-03-02,0.006890519842145648,0.012026570962347403,-0.0009704756142520959,-0.0034860970423766977,0.004643222314185727
2018-03-05,0.00345582586424425,0.007501621875357795,0.015238114405619568,0.01353853935186794,0.009484811581865094
2018-03-06,-0.0008487499946950405,-0.012170330267302784,0.0008688695525687631,-0.010277073143769532,-0.001180884700424377
2018-03-07,-0.009326112002157222,0.006375320540932403,-0.003740780628072393,-0.014932355978023122,-0.0255263885602059
2018-03-08,0.010853288542370082,0.023133519931623332,8.717926241333492e-05,0.00799390151637018,-0.0018868772668207004
2018-03-09,0.017034872434649392,0.013089885847571803,0.028354894802206553,0.009057909567692021,0.005918481372789508
2018-03-12,0.009621718327304992,-0.008782728537195778,-0.003224681959492346,-0.007353424047903005,0.009078959907879231
2018-03-13,-0.009676761927680104,0.012884822223789887,-0.012056065431151411,0.0026079933808915213,-0.00948113631496265
2018-03-14,-0.008538241575003472,-0.015225091617949599,-0.011245803152592678,-0.00716030441606887,-0.012556679344870984
2018-03-15,0.001176380045149413,0.005577362122738296,0.0025197929772024273,-0.0018264603766809922,0.011079577451422955
2018-03-16,-0.003532751645835391,0.004648412592523133,0.00173385871261738,0.018791412215098214,0.009362011839241525
2018-03-19,-0.015397029443233009,-0.026070129489022317,-0.007913940137989354,-0.019477577117339932,-0.012996589591380336
2018-03-20,-0.000342375600883352,0.007420649742556866,0.0009598929402947066,0.005701388062863025,-0.002160171305193107
2018-03-21,-0.022915338084986487,-0.0001524688523662189,0.0008720512489048297,0.0026116210712298863,0.014091464084506003
2018-03-22,-0.014230378534907228,-0.029472356081869548,-0.042643122936808636,-0.011863947392935314,-0.020736199466335405
2018-03-23,-0.023429163431074443,-0.018061206639921338,-0.027103441787222318,-0.019935721694173722,-0.008333671800827626
2018-03-26,0.04637947323492057,0.01813991322389618,0.030372434369479832,0.02405824887603496,0.015113512467032793
2018-03-27,-0.025975194033915947,-0.0014141087656612363,-0.019590531307348672,-0.016710258608594226,-0.004062174962143316
2018-03-28,-0.011110811911259552,0.001884857998805088,-0.001572699779181962,0.01979135409202207,-0.012149701402440255
2018-03-29,0.007778663772095435,0.005477340769427429,0.01807616854727161,0.01357904002950568,0.024421427994897174
2018-04-02,-0.006577745586563399,-0.028413815073360778,-0.01946619446232552,-0.03919780989903937,-0.018805846956509244
2018-04-03,0.010206602067229878,0.029973199870674264,0.013629442985925885,0.014505619619587637,0.024285948916720444
2018-04-04,0.01894189992974007,0.0159229393575582,0.015069322846362691,0.004827015121440305,-0.002001409813665633
2018-04-05,0.006910753373737794,0.0022976545928631983,0.013044909742533162,0.006741987745488744,0.015243060570182768
2018-04-06,-0.025912258430637543,-0.02017011121280132,-0.02525368209536732,-0.012837155950564507,-0.015243060570182692
2018-04-09,0.00986945456741672,0.010715225660073576,0.011936732680848404,-0.004740614987527395,0.0
2018-04-10,0.01864332809392364,0.00592918976155975,0.01893236388000556,0.001968455339161116,0.02896094782766302
2018-04-11,-0.004686502976335204,-0.004771413534710439,-0.016941564337996835,-0.006266244348073422,0.0046600801199162024
2018-04-12,0.009810371006940384,0.006152318548269468,0.02455612613059108,-0.005602652078782261,-0.002715530471927983
2018-04-13,0.003382237629828687,0.0014556872501119659,-0.027452934260798974,0.006882311834289177,0.00799664476601583
2018-04-16,0.0062188466749240915,0.0086899026968123,-0.0008161793474505416,0.00948769313809324,0.008952585962263095
2018-04-17,0.013670449895502406,-0.009302600337607245,0.0,0.01213232061252235,-0.0026773135016249098
2018-04-18,-0.0022465966406981894,-0.021838979963024953,-0.008108561531177581,-0.0037612370565235573,0.011297824066275183
2018-04-19,-0.02874932982086487,-0.0013319953977699985,0.02171669856096652,0.0036476135919049912,0.002521686752541105
2018-04-20,-0.04183574201724602,-0.007002386979342052,-0.0022403502631012763,-0.010407918471492231,-0.005302245677650734
2018-04-23,-0.002900460074943106,0.001341424940424108,-0.004856412779407918,-0.010168741455502095,0.007189241761543986
2018-04-24,-0.01401688606712169,-0.005058824734670817,-0.0046984403790072205,0.004981811713179264,-0.015451283126435622
2018-04-25,0.004347844197089,0.004506682255582472,-0.0038112327757450232,0.007369095295446299,0.014571142023594545
2018-04-26,0.0034771174808296335,0.009812921902509437,0.000999562152203872,0.008794407038066936,0.016962266484452912
2018-04-27,-0.011637553675899146,0.0020289781316500236,-0.006378316694239628,-0.007418591734891128,-0.038706483177356456
2018-04-30,0.017950359233843458,-0.013974104707364148,-0.005683231606903733,0.013314416207324455,-0.0005143316312564912
2018-05-01,0.022970377591950506,-0.003801737584832614,0.0,-0.011940937766550412,-0.010342939886563348
2018-05-02,0.04322696157842831,-0.020120307989804295,-0.007937050948816209,-0.012316863037246308,-0.0019508741933087711
2018-05-03,0.001810949478672246,-0.0038128543972454462,-0.006321157592358753,-0.0012746122732062077,-0.0033911233078016867
2018-05-04,0.03848332275751249,0.009384235649057989,0.011035435829455886,0.01496329288680735,0.004692056667464353
2018-05-07,0.007209012456564494,-0.004842953882841937,0.008632013067025018,-0.023816105282364008,0.010864220746517739
2018-05-08,0.0047948128596107895,-0.00796120163567187,0.014703482347874346,0.003154310980830718,0.004492069780746115
2018-05-09,0.007016428700543542,0.00731395345647213,0.02156943075800589,-0.03175674920981881,0.023289275498188423
2018-05-10,0.014202687488694429,0.014787576103748394,0.007729366560102523,0.0018161704060702132,0.02214745306919502
2018-05-11,-0.00381048108824997,0.014964933883322108,-0.0037692613617722835,0.00830950812975104,0.004686279470604543
2018-05-14,-0.0023358049842035823,-0.009316932166808041,0.00035132039110719423,0.012040606618243799,0.006744053647188741
2018-05-15,-0.009129998601650903,-0.007404819776134055,-0.007667797113339916,0.0015390529611517439,-0.0004892686284473891
2018-05-16,0.009289574332062638,0.001756818059619985,0.0027386329746398514,0.01886972038807893,0.0028083552387174744
2018-05-17,-0.006343959038273743,-0.012038707287624687,-0.003358111453991437,-0.019224417275537517,-0.0017081730148525737
2018-05-18,-0.0036434327949298215,0.0031439012506101548,-0.01633329473746203,-0.010111326402013216,-0.0071088357050588975
2018-05-21,0.0070602588148725234,-0.0041941983912230025,0.009136991626363833,0.01034790697827523,0.01198188634265846
2018-05-22,-0.0025079299810071647,-0.006568644296357472,0.007638742542334097,-0.013581197044750314,-0.007808912940039158
2018-05-23,0.006390950658847362,0.00438391281929105,-0.004611847822006348,-0.004327769435912574,0.006227692719902935
2018-05-24,-0.0011154633899208117,-0.009768198765544071,-0.011264212746694395,-0.0019291779973136791,-0.023150848982226822
2018-05-25,0.0022828747455583996,0.0009883893414166863,-0.005137628628212503,-0.004718733088044509,-0.019625598401041874
2018-05-29,-0.0036123988745337073,-0.017188006736591165,-0.043684168576891176,-0.0007277220363488742,-0.003691403180292492
2018-05-30,-0.0021312505506938793,0.013063415345078724,0.02258828802717249,0.02065907715206444,0.03852402673770886
2018-05-31,-0.0033655219106325956,-0.011222639602222351,-0.012444344728605084,-0.01896177768442142,-0.0031956894412592794
2018-06-01,0.017873033241074487,0.013616986859239295,0.012905868279049694,0.005437555388377706,0.007236769254230566
2018-06-04,0.008323376779871335,0.005674218026254902,0.00046087115132899183,0.02886007018299058,-0.01056512807457118
2018-06-05,0.007685656762868717,-0.003861573494963254,-0.0056404270268228035,-0.009409520549463736,-0.0035882531295760695
2018-06-06,0.0034599384511704223,0.010725812663733446,0.023098785638706973,-0.0007095217415848495,0.016959962650219627
2018-06-07,-0.0026844346773804454,0.0043884330896257736,0.003979513323979711,0.0046015862286417596,0.009943284953836442
2018-06-08,-0.009139279711094088,0.005901336773294914,0.0027935885266206933,-0.006969432529996817,0.008649648450170118
2018-06-11,-0.002454449408545561,-0.011348896008442858,-0.0025229609580502198,-0.0007117093425968754,-0.005998919137170927
2018-06-12,0.005475614149708355,-0.000978717554298857,-0.005791351456124825,-0.0023750812574936347,-0.008216354917278497
2018-06-13,-0.008251301920432969,0.0007339525426872854,-0.0019984890258107034,-0.00011893686753590778,-0.011102613188975584
2018-06-14,0.000524144467231022,-0.001795552770405195,-0.017798729637544287,-0.0035740825600620516,0.004651423934761208
2018-06-15,-0.010325447624556883,0.0016327586617890194,-0.0012040590875816452,-0.0010747513660114446,-0.01513425150217139
2018-06-18,-0.0005295001162929597,-0.010577245991740283,0.002591470830024488,-0.008398184868993155,0.001981444859412692
2018-06-19,-0.016291731811507087,0.010250954260800816,-0.005840570059110087,0.00732243182610693,-0.0014855280869388577
2018-06-20,0.004352645010617384,-0.00433352501988785,-9.280435213870299e-05,0.0,-0.003102821840639118
2018-06-21,-0.005592056709879741,-0.004846374774540457,-0.0002791740809476514,0.007150589486216351,-0.009491732530287688
2018-06-22,-0.0029160583046174446,0.011380305671457766,-0.016506016734399248,0.007217443665708301,0.020985565990121784
2018-06-25,-0.014982978161726697,-0.002037402674474269,-0.009119659370610428,0.01926616934902415,-0.020358458872134725
2018-06-26,0.012329481159114817,-0.001959747710948619,0.0006681240391105093,-0.005682607375664309,0.011223309382845739
2018-06-27,-0.0014648455145749874,-0.006066604012884725,-0.015570033066165114,0.010528172825089607,0.013181905778023948
2018-06-28,0.007250015482549306,0.0032019291501639803,0.016237347624312833,-0.01192479892139572,0.0031766641925111477
2018-06-29,-0.002104491274630377,-0.005424537137347666,-0.0069814934838361665,-0.002448874556242388,0.009229401319260559
2018-07-02,0.011120139827438319,0.0019760438834349075,0.008409955503081129,-0.01945242242208713,-0.011794255007561025
2018-07-03,-0.01756982687813287,0.009251390287692101,-0.014088437437125336,0.005224698834127922,0.005853544810662714
2018-07-05,0.008014967078422272,0.01848955543176646,0.00648093023530866,0.001538295051667177,0.0008508462229265455
2018-07-06,0.013766645064041268,0.005982241519411844,0.0032725256528475786,-0.0007097883440955715,0.00024258439594652113
2018-07-09,0.013789221985048176,0.002382927193892396,0.030474725520098975,0.01666305210232183,0.006899976253142863
2018-07-10,-0.0012073363368680797,0.010496044765095377,-0.006171104701240272,0.014785882094232743,0.009125673317994602
2018-07-11,-0.013060793079285763,-0.008989837191990546,-0.002159361898929935,-0.007827679619670283,-0.012872203187160064
2018-07-12,0.016627034689608258,0.011968679244923989,0.004314070999321166,-0.00011552187317877507,0.0012101545466617532
2018-07-13,0.0015690661285119993,-0.014427421953269556,-0.00459643141662003,0.013546255143961551,0.0074696019854178005
2018-07-16,-0.0021973995565516442,-0.009895721287606558,0.03890989014162452,-0.0006845212770500357,-0.00989157728696288
2018-07-17,0.002824354233111269,0.03483449573577844,-0.000723647030620486,0.0062562089358748135,-0.002184210025040504
2018-07-18,-0.0054995037552417626,-0.010198313615072164,0.00927797939784149,-0.0013616767518052214,-0.0010940972778016305
2018-07-19,0.007743073100472523,-0.01466090274483561,-0.01481375481931682,-0.003982088645215147,-0.0025574467420440717
2018-07-20,-0.002295539571212077,-0.0007149593447898945,0.012569457669176491,0.003868293226495848,-0.007465854916971877
2018-07-23,0.0008874397659187552,0.006178743726415505,0.01843113828433624,-0.004894942994922743,0.0
2018-07-24,0.007228073938088529,0.021329824164865074,0.0070327882119962095,0.0037590691797179626,0.019585750188103938
2018-07-25,0.009385795001581505,-0.005737132857716162,0.008982806828075151,-0.0006824971660265428,0.006962772024121837
2018-07-26,-0.0031358970655493605,0.012823843402592726,-0.002869182472124409,0.0037470305610780357,0.0077460368756793185
2018-07-27,-0.016771184482910442,0.009700907942776053,0.010221908625023507,-0.0011339040581622912,-0.027927141679552247
2018-07-30,-0.005618617073549387,0.004702123244881879,0.006014782415864161,0.008474160196473094,-0.002199290585511686
2018-07-31,0.0019990708577189956,0.0026446838724173164,-0.015366394640850345,0.003930291694511877,-0.002817786536817265
2018-08-01,0.05723993774270584,0.0009049721514855987,0.00615777299907117,-0.011157044933559138,-0.013836047093248113
2018-08-02,0.02881195436094034,-0.010534673241588785,0.004227620135704296,0.0058758002202250435,-0.005988450567860104
2018-08-03,0.0028888285326671994,0.005319175388693913,0.008060107660750182,0.009419216908636499,0.003622217151914075
2018-08-06,0.005179434366881369,0.000530219863882273,0.00025624568636446835,0.0007810286893452502,-0.0002493707378591906
2018-08-07,-0.009419494534212432,-0.004250815147358541,0.0036648510043642796,0.001114512959177934,0.013502982983609073
2018-08-08,0.0006757658584636831,-0.002208291349189879,0.0020395588529719707,0.0031144176139018876,-0.0066667897842626585
2018-08-09,0.007834163289114024,0.00022846667949322647,-0.007755729530006244,-0.005825323438787367,-0.005091697163973203
2018-08-10,-0.0029830168203823504,-0.0034355639899131232,-0.009887706350913832,0.013058813154788372,-0.001006506075037153
2018-08-13,0.006436055128147917,-0.00406185926592486,-0.016026860036169082,-0.006005922721593052,-0.01088773324331519
2018-08-14,0.004204371456641926,-0.005544683245007572,0.00665105752501195,0.0134081026387922,-0.003187131125667192
2018-08-15,0.0023333947678356075,0.007155897596077618,-0.008320736082442541,-0.006958628111892347,-0.017649585969015783
2018-08-16,0.014543755916421553,0.015595050489163943,0.009366623210907124,0.08922586389859301,0.013682853591927351
2018-08-17,0.019773198572034204,0.01490947684849164,0.0,-0.008041211040532893,0.003327668168316963
2018-08-20,-0.009791522939665481,0.01776369225492676,-0.001307902147857108,-0.019087582608913998,0.007003408078117101
2018-08-21,-0.0019512994676763086,-0.01124099590377237,0.006088714463473482,0.0008331605315168462,0.00025380773882528333
2018-08-22,4.66307219725986e-05,-0.005482110647169259,-0.003039681950530413,-0.004276632176954951,0.014232956926731485
2018-08-23,0.0020437571726692597,0.003707563066230612,-0.0020893899650271377,-0.0051349984482526945,-0.011066747010052938
2018-08-24,0.0031046647619008493,0.006197856335634444,-0.0004360945144431246,-0.0024192962806280117,0.006805417906503036
2018-08-27,0.008200948394786559,-0.0009630995196860489,0.017546549762531793,-0.004327503488934774,0.009748840810935508
2018-08-28,0.008042958287011206,-0.004456709975486182,-0.004895647162181428,0.016054189461362424,-0.001493493104701296
2018-08-29,0.014819227646253081,0.004012100728463962,-0.003277376589701424,-0.004486083995092472,0.007198962530671179
2018-08-30,0.009151838616812525,0.0006670156984016775,-0.004936087292050194,0.004798372865636301,-0.004338097859043605
2018-08-31,0.011487494750093988,-0.0019283452814648522,-0.005309950458341192,-0.002500710632251025,-0.00423215639178168
2018-09-04,0.0032020565378157407,-0.007228000504792629,0.004962466958561434,-0.005229407343884719,0.0014958121142915077
2018-09-05,-0.006546421723206686,0.015877294465033435,-0.0048750077667617814,0.013126622352663967,0.013238629730786267
2018-09-06,-0.016756833220602733,0.007406016657344383,-0.004285131543346161,-0.0017608551580287734,-0.011123678444301932
2018-09-07,-0.008100839173144655,0.003282637642549684,0.00192602046300543,-0.006449028297385776,0.016883926453582644
2018-09-10,-0.01351160460590535,-0.0008013249480251363,-0.005350052790668021,0.011103716744731415,-0.0014675077508157534
2018-09-11,0.024968574864994788,0.00942986991162581,0.006311963715165285,-0.002686947986056728,0.013975723350006757
2018-09-12,-0.01249700329865115,0.006118174434599645,-0.011867856626530168,-0.00695714541689463,0.00325338925103484
2018-09-13,0.02386820253615118,0.003795865758343104,0.003883485727406566,-0.008896435461393645,-0.009791896272115304
2018-09-14,-0.011415996760817497,-0.002863572599583491,-0.0001762408466862298,-0.005587303696428959,0.007262477889945762
2018-09-17,-0.026987241551128076,0.003363855822169845,0.002991212017082373,0.0024284923310926173,0.005891924020741096
2018-09-18,0.0016512006462493696,0.004135198270325472,0.004032315475912098,0.006412761770573583,0.0026340596898299772
2018-09-19,0.0005954454884721278,-0.0005691420533430248,0.028632868603475786,-0.0019930524546475756,0.011886642117735895
2018-09-20,0.007572939195614295,0.010763175607725743,0.008550328104182667,0.00534064637426888,0.0022424827772197105
2018-09-21,-0.010829509889099117,0.00631910791028378,-0.006597094980040247,0.0015652787491762497,0.004117862193888402
2018-09-24,0.014277660832885517,-0.017010954023074315,-0.009634351919280498,-0.010271543104844606,0.016650704802076026
2018-09-25,0.0063207885297477395,-0.013113286229156805,-0.0028315167522529328,0.0018945283703871519,-0.0011553832502698676
2018-09-26,-0.007997883140441439,-0.0034683167596487896,-0.011840499256654494,-0.005377112036006125,-0.008358528130804425
2018-09-27,0.02034349023693612,0.00043385446832299324,-0.004356748157282437,-0.0048750224790365445,-0.00011699465365536479
2018-09-28,0.003505490084564419,-0.0003615437731548294,-0.014778526713831506,-0.002340008063297291,-0.008782347177284468
2018-10-01,0.0067108963023939615,0.010940862064995595,0.005832013578689192,0.0052041929777233535,0.009249228964828493
2018-10-02,0.00884940618496416,0.0056395518250354285,0.004132638419441221,0.007913616165715301,0.007546176606029658
2018-10-03,0.012094919245253322,-0.010375640971291697,0.00934461728606695,-0.011415349070253471,-0.0035920166608876514
2018-10-04,-0.017737347882123434,0.0022990870209462604,0.008975369904978362,0.0014871848806908565,-0.006638277964685552
2018-10-05,-0.016361821422566942,-0.001795573324081982,-0.005654597208183802,-0.009599275136920007,-0.002808479649822787
2018-10-08,-0.0023212057852507475,0.0020824516348602468,0.006088382879300511,0.014681245784317655,0.009214202023055422
2018-10-09,0.013758272581504466,-0.0013639854646658154,-0.006961444155792112,0.024927099746625714,0.004402603604202164
2018-10-10,-0.047433191896637694,-0.010616276292627248,-0.026993838996768896,-0.013690448884117072,-0.023271930370715024
2018-10-11,-0.008867351297966565,-0.028650293526362586,-0.030421275344689483,-0.01940176492094913,-0.03515896650693598
2018-10-12,0.035096302453855664,0.00022398807344745062,-0.0109726977084113,0.009431598520111311,-0.0026994762294595574
2018-10-15,-0.021617632373140305,0.0005977889929037854,-0.005720356152858197,-0.010496850648888346,-0.006905376196141656
2018-10-16,0.021797697087154753,0.01929736566432486,0.021214161483831716,0.02098899443642886,0.004691049198704054
2018-10-17,-0.004330600296236478,0.021013762385723916,0.011078492494613457,0.0077974736953818,0.0036877143640163088
2018-10-18,-0.023651355216940707,0.00028658394148837796,-0.015969901207890727,-0.004047030796663667,0.004285315346157651
2018-10-19,0.015115216919716642,-0.003231119504742745,-0.0016663961485493591,0.010138378684361436,0.001464866753331854
2018-10-22,0.006091474201390234,-0.002664336237549326,-0.014467787888231621,-0.0001026296041255426,-0.01005394043563637
2018-10-23,0.009382746971459396,0.0018010065884995507,-0.010491269602315204,0.0067715029177278134,-0.016275049269733985
2018-10-24,-0.03490393044209015,-0.01056447750372294,-0.01879809067663343,-0.002457188423300622,-0.02819892330060886
2018-10-25,0.021661575608898538,0.007247999444918469,0.015085796665817908,0.016468919281224993,0.008850145594976981
2018-10-26,-0.016051594176426383,-0.010891621555639101,-0.013827952167137551,-0.0024229575925682817,-0.010010750923621874
2018-10-29,-0.018948661687650012,0.004225415797569656,0.013732503107298968,0.008654706167829282,-0.006210228538168297
2018-10-30,0.004982055634627507,0.02299780030102076,0.017490164055366925,0.025913837898083502,0.022204352738341798
2018-10-31,0.025732394559674864,-0.005414170111864875,0.021510440709913658,-0.021115900689502917,0.011359758268971332
2018-11-01,0.015235876672368285,0.0059113973769217365,-0.00036684557745967044,0.0029874621548192973,0.012348052405469816
2018-11-02,-0.06863313434074589,-0.0009944318577755672,-0.005520979141418609,0.0075274336717824925,0.015742765055438757
2018-11-05,-0.028799056201223857,0.010746566259928933,0.006529545564542487,0.015373814992868672,-0.003790406550933869
2018-11-06,0.01075621300583685,0.0025986022198475826,0.00466414747926545,0.004073033893054227,0.004278116677286299
2018-11-07,0.029877127790427806,0.015174877272232115,0.017007827452541376,0.009535236545571764,0.012604961848517742
2018-11-08,-0.0034948276578832117,0.0037925698540246357,0.008040570645108694,0.00535357084994789,-0.01602560346032593
2018-11-09,-0.019469968139335523,0.0002750016224653417,-0.009746093508438648,0.006462498110891641,-0.000247325655242421
2018-11-12,-0.05168706834134028,0.0019247880475446414,-0.02125082433329586,-0.016139151424945198,-0.012943736082659356
2018-11-13,-0.010041710364572834,-0.006476149326936769,0.00585762841276958,-0.008993590206871358,-0.023190297707969123
2018-11-14,-0.028654154393864845,-0.002976395564015468,-0.020838144695755467,-0.013792153025648313,-0.007851353339916963
2018-11-15,0.024379349430782116,0.0017316550160074312,0.025208231153515222,-0.019794732305931657,0.010284014617134116
2018-11-16,0.01101469961817546,0.010258604640547299,-0.0007269942710862315,-0.01876045262206636,0.009799903589440297
2018-11-19,-0.040438540072354714,0.01184793789584468,0.007607971505361533,-0.009358680372335747,0.0032873918664252074
2018-11-20,-0.048957019601406616,-0.008701895003646449,-0.021708269481195867,-0.02744491355081513,-0.028813387358756392
2018-11-21,-0.0011308097802164604,-0.03092752649816481,-0.007496868950000707,0.0001061505144978314,0.007636079982818038
2018-11-23,-0.025726739328599094,0.0016888844608705037,-0.009239916445618428,0.009827259964586589,-0.02705161035720942
2018-11-26,0.013432641512030432,0.00028307272694519896,0.02417786925574511,0.000525666565098652,0.019545711696159075
2018-11-27,-0.0021783485210841737,0.013001172643317271,0.004201527516691181,-0.0011569125727356635,0.0009087673090351404
2018-11-28,0.03773180071956238,0.022234021730463124,0.01105790707978334,0.025144103172813046,0.018006924632379354
2018-11-29,-0.007711774738123316,-0.004037174142032856,-0.00796398604966784,-0.0017454675576081922,0.007745746274597253
2018-11-30,-0.005416844026194205,0.007173470640298749,0.010214757372244539,0.003693297436970593,0.005549903104883403
2018-12-03,0.034345536310626125,-0.004708302468058103,0.00939887664262876,0.011201798487461563,0.02140437218932218
2018-12-04,-0.0449855993502576,-0.0012317275203143085,-0.04566349389021788,-0.03022438425985495,-0.022285392331296082
2018-12-06,-0.011211935343839576,-0.0008220169097546319,-0.01920729726488388,-0.005471867077303016,-0.01318001935364827
2018-12-07,-0.03630825237193978,-0.0032954254714547744,-0.01822809884241833,-0.016812694650215117,-0.009613214960925836
2018-12-10,0.006566092024506339,-0.0011694723125492282,-0.018862068045886908,0.008015841652968047,-0.014269262238461042
2018-12-11,-0.005735454127355791,0.008500350209174985,-0.00981502961402276,-0.0009584171898930357,0.0018274246127179357
2018-12-12,0.00278329672894838,0.004087108898513357,0.00645547462270707,-0.007916164411137117,-0.008644572454411165
2018-12-13,0.010880635098221129,0.005017927432858357,0.0009891177370164597,-0.0016121964986537526,0.01254932321580694
2018-12-14,-0.03252062530505306,-0.10578168043897074,-0.008241779209931244,-0.012012814887650786,-0.018353954712302462
2018-12-17,-0.009349679496121713,-0.029451762614183193,-0.012844941684285245,-0.011827930568644982,-0.020586055598924943
2018-12-18,0.012908794533374323,0.009862838491265666,-0.004758725541342916,0.0034096122099644883,-0.027939517128609065
2018-12-19,-0.03168881525125393,-0.02178125991323269,-0.012766286316372175,-0.005835937696687006,-0.01708948324069513
2018-12-20,-0.02555861577999544,0.005158720920017568,-0.008671680220986628,-0.036781233707122135,-0.030847051817181503
2018-12-21,-0.03967210010353592,-0.0014042666120124786,-0.02392291336155255,-0.001719831956814232,-0.007458665947779988
2018-12-24,-0.02621430566133223,-0.04185048382100437,-0.021792522790295275,-0.015149141667937863,-0.03906805961823167
2018-12-26,0.06805240769228783,0.03101827257387178,0.04062240268932066,0.05210285407669355,0.046672725509283954
2018-12-27,-0.006510894868547575,0.005509360770853363,0.01119185950425396,0.01296718984377041,0.004361128793058516
2018-12-28,0.0005118297375394135,-0.0010993872663100173,-0.0021662587887838407,0.005878398943331144,-0.011232443176500927
2018-12-31,0.009619213965050678,0.013888901988226371,0.008125403734417077,0.011010425429760393,0.0002936325224328845
2019-01-02,0.001140262255374496,-0.01012465870055065,0.017163802500361158,0.0020376359004371184,0.021758716179250348
2019-01-03,-0.10492457218271466,-0.016018116730656715,-0.01431390418371501,-0.005155561182302276,-0.015472741476782419
2019-01-04,0.04180316964431567,0.01664411532017178,0.03620224466132158,0.0062265698362141755,0.03620647177094392
2019-01-07,-0.0022281169294235048,-0.006435417394463087,0.0006948505127112927,0.011703367866892878,0.005186821522093254
2019-01-08,0.018883910324628602,0.022961060834790124,-0.0018870676652662512,0.006957130400298575,0.007244452975867206
2019-01-09,0.016839074907566764,-0.007957355502445562,-0.0016922018201102132,-0.0032618792738833145,0.00526076378614777
2019-01-10,0.003191060912353258,0.006031749365260728,-9.953748566664269e-05,0.0007375491109068368,-0.00512212292550292
2019-01-11,-0.009866645885045511,0.00030813679975464714,-0.004792760114064781,-0.0012645587009307605,-0.004590736326206844
2019-01-14,-0.015151525132822247,-0.011394077211320535,0.01025673290646162,0.0011591220334613102,-0.0012554870005477422
2019-01-15,0.02026071023213145,0.00838393475402948,0.00730425701268109,0.01359871590516904,0.0005582222391241831
2019-01-16,0.01214206238748576,-0.010256656597039445,0.008032089399628526,0.0010385118992139067,-0.00041878786713731063
2019-01-17,0.005920228689012795,0.008167289968732653,0.004089080792864327,0.004039281521400373,0.006816419476800952
2019-01-18,0.006140510341177554,0.012318290399506071,0.016095868006056654,0.010181920299646806,0.011852587236514835
2019-01-22,-0.022701794188042912,-0.014567346937757887,-0.015901514474557395,-0.002458835125661083,-0.015185404309335746
2019-01-23,0.004036556628042273,0.0,-0.002528819362759638,0.01243599495507604,-0.008240903541475959
2019-01-24,-0.007957844868523328,-0.013837596095948044,0.000584036666424094,-0.003551799336510935,0.0014015748375767237
2019-01-25,0.032599542896916564,0.009402336688480308,0.006306606199517102,-0.014541903990401376,0.004471778928480266
2019-01-28,-0.009297550056441718,0.005909416051195705,0.004728466728089815,0.0012370498657120548,-0.006715076183060621
2019-01-29,-0.010418964373778612,0.010334724239227766,0.0027876550779158274,-0.003612419647581727,0.0037827489987872554
2019-01-30,0.06610095821761187,0.010001285802867833,0.0023012026740525703,-0.019947513553815722,0.010848566157828504
2019-01-31,0.007175601441307484,0.010879529725420825,-0.008753972419662817,0.010806587688181976,0.013601876405994633
2019-02-01,0.00048058052576914375,0.008380884795121557,0.0036651146676943106,-0.020771523180838074,0.03539234011958537
2019-02-04,0.02800880834057084,-0.009884979504728508,0.0035555202122865884,0.009648597787582258,-0.014594983103955487
2019-02-05,0.01696482318465376,0.0,-0.004422578320640937,0.008719540823982882,0.01023926710904651
2019-02-06,0.0003444423013074463,0.000902515412859285,-0.000481703901827617,0.0004186130490349658,-0.004375630304466228
2019-02-07,-0.01912086137697877,-0.0071681362404038005,-0.013196479379661612,0.011332392080334675,-0.0077363171106124146
2019-02-08,0.0011741213738143028,0.002646821510868483,-0.010012684891991228,-0.01195980883471529,0.0016232209380612303
2019-02-11,-0.005767547249887763,-0.003025725884220568,-0.004746969377293715,0.006465686258075493,0.0016208779899794647
2019-02-12,0.008580295558235841,0.01623123547024363,0.016906357479791297,0.007972253072149495,0.017391650968240656
2019-02-13,-0.004163201001730571,0.002159158111922136,0.004764515469589274,0.009953400164279055,0.011210565960733387
2019-02-14,0.003636594736151687,-0.0010417216975123667,-0.0065204085768621545,0.005904493836303532,0.000261874431310133
2019-02-15,-0.002227284106723137,0.015294589648561403,0.030102814868228963,0.014810793339522729,0.0187043431400393
2019-02-19,0.0029881714952512354,-0.0050722724620280496,-0.0035117408588210774,0.021861103192107902,0.006669207366875634
2019-02-20,0.006414376512392034,0.004852276046549522,0.00483712397501218,-0.022962279222743208,0.003827517578925196
2019-02-21,-0.005654254968795988,-0.006844145353174052,-0.002083875887900565,-0.004917638082402244,-0.009082097231544312
2019-02-22,0.011103602083804549,0.008675994699594456,-0.004466033414736524,0.0016082927932757874,0.007680200160220793
2019-02-25,0.00725828894041281,0.0036778220559562365,0.010421722456341345,-0.004328597345322925,0.0010195527421885252
2019-02-26,0.000573779682419004,-0.0006609898439276356,-0.0076636724071195575,-0.004347739489100662,0.0020364664806089587
2019-02-27,0.0030928807194196225,-0.001764778561651126,-0.0012353899246327663,-0.005894163281418059,0.010244833156842827
2019-02-28,-0.009884476159955781,0.005651114240944239,-0.007636592014836118,0.008929379689908833,-0.005551888550224596
2019-03-01,0.010456248014203385,0.01243698023927508,0.0006706913466844122,-0.010765939116438118,0.012198965332504278
2019-03-04,0.005016670454205959,0.0009391966248884211,-0.002301029843767582,-0.0008168316485643776,0.0038673997982843376
2019-03-05,-0.001821432830453177,0.0020920876149602458,-0.0007678591397525136,0.004994839684522681,-0.0014953828318712617
2019-03-06,-0.005770605797628441,0.0023032215964089264,-0.0037537046549238036,-0.0008138150373153421,-0.011412828289778775
2019-03-07,-0.01164236110464494,-0.006129926306427727,-0.007256853953769405,-0.008277582946901507,0.011038400270054096
2019-03-08,0.002374406302358469,-0.0013031609532298993,0.0003885712230789475,0.0014353873874710223,-0.014449956310691368
2019-03-11,0.03405565189137503,0.0036153382993958797,0.012924603741416112,0.009078611437357857,0.00969849955647406
2019-03-12,0.011172660720732402,0.004464446979080537,-0.0029756391345799405,-0.0011172902838779857,0.0027538678075291157
2019-03-13,0.004412353757898697,0.001651230935660639,0.003358625181209732,0.0066865132805047495,0.008835634499676283
2019-03-14,0.011055250875464868,-0.010020868493374455,0.009059280139828384,-0.002846607470677623,-0.0033510100315500523
2019-03-15,0.012924389422550801,-0.0030475101541500207,0.011421420741869075,0.002034394471230233,-0.00361147714631137
2019-03-18,0.010156628056074096,-0.003129745856553096,0.005988380678053398,0.012520104366927092,0.011536637374738772
2019-03-19,-0.007956044817755087,0.009216048790210941,-0.003645124977067596,0.0019050478805759067,-0.002593654873016517
2019-03-20,0.00870023768186787,-0.008341496257768779,-0.021579459770173805,-0.012192378348322024,0.005549103176441143
2019-03-21,0.03616861357002108,0.005882663463630745,-0.01591206605936948,0.004248972793615671,0.00576313496873375
2019-03-22,-0.020925760633117654,-0.008654525140494444,-0.03069903130283722,-0.007905355783603015,-0.0161464069888816
2019-03-25,-0.012164975421038306,-0.002193553370718067,-0.008354617751328496,-0.0011197236561095425,-0.006982520516976005
2019-03-26,-0.010385540528473777,0.014245362293968805,0.009957193290093124,0.001526685194481221,0.012929041948084308
2019-03-27,0.008954060506041823,0.0009376387137429789,-0.0034086888995593727,-0.011353982594869014,-0.0076878181726897496
2019-03-28,0.001325697091962687,0.0012970841071286293,0.011283953814729237,-0.0008231265371564666,0.004966781140112853
2019-03-29,0.006496478088472408,0.006531057165001954,0.0051498145453582455,0.004109591200199436,0.0007427456723295301
2019-04-01,0.006768281633441264,-0.005811675854511277,0.03313071890838471,0.002969108591893535,0.011444424978422464
2019-04-02,0.014432083822648272,-0.009179467013800091,0.004767074878964134,-0.009037017421315659,-0.004291932838198218
2019-04-03,0.006831516671399488,-0.003929136896391566,0.0019953809210509097,0.0025757587566458107,-0.005915346267137754
2019-04-04,0.0017389726744921638,-0.011733043293533337,0.009613865537097253,0.009421642556071664,0.014114610855902182
2019-04-05,0.006671833368485659,0.004489443318954998,-0.0023709201461313257,0.007311788788361839,0.005348346987931222
2019-04-08,0.015613492243826948,-0.0002937165945170014,0.0032232912364658023,0.004039236062824275,0.006163537122505251
2019-04-09,-0.0030029546867295764,-0.0041957267244379015,-0.0074100812546425456,-0.005456935141582763,-0.012975401876193934
2019-04-10,0.005598304860247443,7.391885807919179e-05,0.004471727635222473,0.009178426185341065,-0.004526392322596643
2019-04-11,-0.00835923956958436,-0.002732680560498941,0.008413141061024523,0.011976279973889796,0.004770374048327147
2019-04-12,-0.00040195966751142273,0.0056787585934957256,0.04581392318192998,0.007511333293913184,-0.01264785553757147
2019-04-15,0.0018085929978153982,0.003963109831241269,-0.011485472057008025,0.008530101634652832,-0.0033425620435379934
2019-04-16,0.00010052450478224784,0.010927192581919144,0.010495970803016298,0.0048691354894624846,0.006796704953220525
2019-04-17,0.019285620281865434,0.0036163167949448856,0.028395753143131842,0.002232014921388145,0.0028283397695644395
2019-04-18,0.003587310513558132,-0.0072451452891097,-0.0073760877288481476,0.00019433802124278982,-0.0036912173344759223
2019-04-22,0.0032813838267633138,0.002251629861838142,0.001233064401705957,-0.00788133390351375,0.021582762749235023
2019-04-23,0.01431992828284723,0.014906759628968333,0.001231708801260699,0.006814752575693369,0.005773238656939922
2019-04-24,-0.0015432347519377262,-0.005015925327761772,-0.0016719727268017267,0.00445295191279127,-0.01962042658077974
2019-04-25,-0.00911686991734074,0.0032271705019172076,0.0005285381978414648,-9.649794470248803e-05,0.005610511021767758
2019-04-26,-0.004785099995626515,0.005285179437745995,0.007540965608287614,-0.01941041347147512,-0.02126548542774414
2019-04-29,0.0015162712857772378,-0.003925447460815174,0.014311486493136691,0.0002949507644606797,-0.006481672727679548
2019-04-30,-0.019444155413033678,0.009678388121592663,-0.0006028825247956377,0.012524796596264329,0.0038690476262467207
2019-05-01,0.04791906213915739,0.005297386439989341,-0.0076987225480381755,-0.01449579162758982,-0.020258772666893594
2019-05-02,-0.0065287983928210514,-0.004730816067162843,0.0021683469440196296,-0.0020739606767306673,-0.017697281537713303
2019-05-03,0.01235442634814548,0.005153661227092628,0.0061332581288139456,0.009152320124337598,0.002326476172350577
2019-05-06,-0.015563286557927863,0.0005632076665922799,-0.00890983697679085,0.0037154071727066758,-0.0043988704582158585
2019-05-07,-0.027327178919293517,-0.015032767146555272,-0.01647001762091525,-0.011385798357553567,-0.00532971971233437
2019-05-08,0.00019736292709272076,-0.0012865746352771633,-0.0053137208040978925,-0.009920713407794893,0.0015627572505660032
2019-05-09,-0.010802417534271679,-0.0076118099311509825,-0.0007997502946124398,-0.0023079959017715257,-0.0009115834154218059
2019-05-10,-0.013950290272594713,0.0023042225142023073,-8.879995353309454e-05,0.023530470809522835,0.008658119584495139
2019-05-13,-0.05987703234940627,-0.013394084993264322,-0.027574336526979125,-0.02002063469576233,-0.011164048672884824
2019-05-14,0.01570662403875792,-0.0027734089134706535,0.007917374905135648,0.003996385781353802,0.001319487988751759
2019-05-15,0.011907941727187073,0.0006574924145589926,-0.0038143467108218945,-0.0040966950811106035,0.007360261430388021
2019-05-16,-0.00440969357532609,0.009450480183985043,0.01274841144721077,0.01421568749669881,-0.0001310689495602889
2019-05-17,-0.005697642042463018,0.002889963027254941,-0.004863244053349993,-0.004451517048097481,-0.005910610480487557
2019-05-20,-0.03176954715704471,-0.001371603068258851,0.00522239110544872,0.006522304049743225,-0.00013172446287377818
2019-05-21,0.018989766200993925,-0.00216966600869723,0.003406889359869842,-0.003947808173875805,0.004601030556967385
2019-05-22,-0.020684363910624875,0.004623024516535293,-0.008177969713647542,0.010917513770832336,-0.009090784628227575
2019-05-23,-0.017216597041877495,0.007395390258305398,-0.01986768378695578,-0.0036260058970992415,-0.02370361871865845
2019-05-24,-0.0038482072594939096,7.195568686238772e-05,0.009801015389463003,0.00792066005599911,0.004192128804311005
2019-05-28,-0.004143519270797064,-0.012902467767882958,-0.010906171849730669,-0.0024379950256239445,-0.020312725044703737
2019-05-29,-0.0047801063600451145,-0.042778498708344284,-0.0027682893098935958,-0.0029335978863411828,-0.006216673084142745
2019-05-30,0.005172905806061502,0.005921879893101196,-0.010776633031652454,0.0006850142978141104,-0.002636930900360514
2019-05-31,-0.018281540422932972,-0.007293483977613533,-0.010327764793553991,-0.007366146830364284,-0.016814028568611975
2019-06-03,-0.010161607704036462,0.002208838097790328,0.004707594044521746,0.005113364246298332,0.015563053370039482
2019-06-04,0.035930483576804804,0.01727222647909037,0.03034452306192514,0.005867348457010359,0.02351092422587315
2019-06-05,0.01601447573450775,0.0048491120496765745,0.003547260450830079,0.01797318886989118,-0.008323583451920087
2019-06-06,0.014574831643389831,0.016970609557753792,0.002177421601559666,0.006586406261581228,0.018060048706517624
2019-06-07,0.026269068160410174,0.013588842223006166,-0.011023639866050192,0.008997325870631599,0.0036268103864639336
2019-06-10,0.012698427371456081,0.003386602884820822,0.010751437812338907,0.013671706355968772,0.004415010429962358
2019-06-11,0.011513269146644016,0.005451816060743432,0.003076914020814784,0.003898803399255091,-0.0009348963085417742
2019-06-12,-0.0031877562112923533,0.013501431687551992,-0.012821443714003447,0.008119612515456556,-0.010882130457211413
2019-06-13,-0.0002064115071016042,-0.0068700230337157735,0.0024680425409897566,-0.0015633250028521794,0.008741836051991227
2019-06-14,-0.0072882271925232885,-0.0044161601065195585,0.0025528651443892407,0.00385809955339411,-0.004428567627661676
2019-06-17,0.005948517623932131,-0.004650671996257108,-0.005478452083247809,0.0008247943322345008,0.009903831811774606
2019-06-18,0.023246162190480937,0.005649596924759252,0.013549935435291802,0.0044789077783282585,0.008619031622293442
2019-06-19,-0.002927025969229607,0.0015677542955941932,-0.007252331797038979,-0.0002738197368211107,-0.005561026372331577
2019-06-20,0.008003409091999673,0.012453282372977792,0.002544366373933457,0.006365429601770394,0.016982149594386656
2019-06-21,-0.003414793286641502,-0.0008442440975247088,-0.006829847518019753,0.007315473359571122,0.013999148334877035
2019-06-24,-0.001006380320328236,0.006803397057152336,-0.007152798936566504,0.0009895540117510948,-0.009570999497653294
2019-06-25,-0.015274097718391439,0.008214391130337352,-0.0083171049169027,-0.004685732447350136,-0.008876131563788643
2019-06-26,0.02139838498182914,-0.016708352000535227,0.006659259931527594,-0.005070504935160251,0.004317461930524766
2019-06-27,-0.00029993922340857494,-0.008211139962806658,0.003313116381348022,-0.0005447184444685781,-0.010234998858398063
2019-06-28,-0.00915388955639384,-0.010072590919243962,0.026832730530107686,0.003535721070117075,0.010626716385910808
2019-07-01,0.018174696247316918,0.0005741507166642819,0.016676009236432025,0.0011759916682066423,-0.0009143839830148247
2019-07-02,0.005837503892503689,0.004796238116929443,0.0010549376022007753,0.008820284213935816,-0.011031993670740975
2019-07-03,0.008252631616417264,0.014955537046929765,-0.0015942443985046888,0.0064305931289776715,0.009463455877782941
2019-07-05,-0.0008807952646364704,-0.011106571599883661,0.0059209792594009615,-0.0030313313372933807,-0.004063468760826571
2019-07-08,-0.020829497232887313,0.002841317539137914,-0.0054779646552648035,0.006586294701831705,0.004587024346928564
2019-07-09,0.00608088773202562,0.003116567863027048,0.0042436173863724955,0.001418723277320092,-0.0006539531548271561
2019-07-10,0.009840016550462342,-0.0014154597398001352,-0.0029155056392352278,0.0008853171087030234,0.014031612731165575
2019-07-11,-0.007308951806443103,-0.007820314662678837,0.009510380608135348,0.008285868421809946,0.000773613691766316
2019-07-12,0.00765367549968497,-0.042351788433850644,0.010462418051598872,0.005951050446227757,0.000773219254928749
2019-07-15,0.009350875803921688,0.003048146851525733,-0.012216442242824505,0.0033104237953507044,-0.007109957682524423
2019-07-16,-0.003465909277808115,-0.01654160401260241,0.010653864850977362,-0.0019153992587794529,-0.015032203813150123
2019-07-17,-0.005639335069325472,-0.004841820787385897,-0.009864427535632351,-0.0013950245365711366,-0.005944043895746252
2019-07-18,0.011295709141295475,0.0015914721467588774,0.005948191317596594,0.0010466162187896637,-0.008515242296455635
2019-07-19,-0.015039710615822046,-0.013416139900432469,-0.009903570177309789,-0.007173140079968021,0.002002541008148884
2019-07-22,0.02259633097940955,-0.012898349345976357,0.006408877856923866,-0.009527525533336637,0.0010661551817247009
2019-07-23,0.007787511352514306,0.0015535189199852308,0.018124762959476244,-0.006491722779453115,0.00398814605440634
2019-07-24,-0.0008145248426799122,0.00726945595096924,0.004031211450094921,-0.0008028870037932863,-0.0001330877084212159
2019-07-25,-0.00793835764521426,0.010271939731395521,-0.009632878690793645,0.001961876636805676,-0.005721734713870849
2019-07-26,0.0034717362497547733,-0.0029787360624538525,0.004397783391158468,0.007103860719698513,-0.0016031082787740475
2019-07-29,0.009295131183800851,0.017365576499320846,-0.0031885966690081615,-0.006658218873114102,0.007059523416107458
2019-07-30,-0.004301397544781394,-0.007091974228304108,-0.0022469681103426615,-0.001872151231091876,0.00013312302152976435
2019-07-31,0.02019888019781894,-0.014182402315011007,0.0035405421564993615,-0.015105545102943386,-0.013225949618944867
2019-08-01,-0.02187661707716275,0.000537621835205686,-0.026733109291953227,-0.009100934524193499,-0.025883446021889623
2019-08-02,-0.021385172969274804,0.005968866604316554,-8.849970033228698e-05,0.00018307097740653838,-0.009846640152168865
2019-08-05,-0.053767981240326286,-0.006967138765623042,-0.03020471068919095,-0.033271681022215116,-0.020700844125085414
2019-08-06,0.018753668825232352,0.004675662541487279,0.00781818955161408,0.013609635961272251,0.009629166666727619
2019-08-07,0.010301851619523461,-0.004291522259119016,-0.021972971075858713,0.008632177992737584,-0.006503426487074688
2019-08-08,0.02181618818455038,0.011226061374945598,0.016798191626989662,0.007863676626446416,0.02631709191321248
2019-08-09,-0.008274435714519638,0.002729958314206266,-0.0010931568071139372,-0.011491966808513016,-0.02150639033959235
2019-08-12,-0.002540695123283441,-0.000833145906071802,-0.018949870856509364,-0.019389104349597477,-0.004871004453257786
2019-08-13,0.04147611045566686,0.011230427235281538,0.015298145745162932,0.020600075855871088,0.012275525777538602
2019-08-14,-0.030216831613421084,-0.023969665643133,-0.04240820256610637,-0.011329256010449706,-0.041123449372794496
2019-08-15,-0.00499400581497478,0.002147311568834987,0.0038092679703939487,0.05931652502434168,-0.005930632525904543
2019-08-16,0.023320925368848486,0.00626202337849181,0.023672336349283722,0.0026587731361412082,0.015492956873564811
2019-08-19,0.018472216725518138,0.006752424557281527,0.00896454841951579,0.007231030320171283,0.016697295712916234
2019-08-20,4.769784391902807e-05,-0.01255485300658866,-0.012778098235747602,-0.01558541032663972,-0.0060657317555516165
2019-08-21,0.010780100483132276,0.007095815924090796,0.002791632880556636,-0.000267877510565734,0.009946052294334847
2019-08-22,-0.0008469270003879708,-0.0019786913849514235,0.010262211058782778,-0.0009823444708161565,-0.00215391604243574
2019-08-23,-0.04732294299349113,-0.02733760582901981,-0.025148182147667533,-0.009697291352787676,-0.03035408939181234
2019-08-26,0.01882103446781052,0.008013321238611162,0.007985576291420054,0.01041202376507779,0.005320205040267928
2019-08-27,-0.011347878424204818,0.014294705156124464,-0.010629987406908322,0.003832007143547725,-0.009775033456766986
2019-08-28,0.006688122592785458,-0.007432776551779988,0.009974859326616398,0.002665262607095607,0.007266051146537266
2019-08-29,0.016789993328145576,-0.003424970456808377,0.022406016224577528,0.011993231693139044,0.011020844384803122
2019-08-30,-0.0012927042430910603,0.0009350504433273401,0.0058429037537433,0.001576437024910304,0.0007303007631238205
2019-09-03,-0.014670594267292576,0.002956350826073308,-0.011903924326178423,0.0033201633526186184,0.0011673122937831838
2019-09-04,0.016824123216829013,0.00093134882894741,0.011994645710774679,0.011017192700872756,0.010591460934653126
2019-09-05,0.019362793006081413,-0.00217502519670555,0.02249935123542385,-0.004063023172783629,0.014044285622747168
2019-09-06,-9.371904580287832e-05,-0.00288182241643465,0.0021336231309390112,-0.0061689967714326464,0.009348730249157708
2019-09-09,0.004258133721728877,-0.009876161128711711,0.024473491471510435,0.013848967810981975,0.007863723627456907
2019-09-10,0.011743649140347647,0.0202735651415422,0.012657978556513403,-0.002409627449567319,0.00808087035947296
2019-09-11,0.0313000978252058,0.012427371797348657,0.0027344709182537813,-0.0002589686066300963,-0.001944494690659797
2019-09-12,-0.002238546667498187,-0.005657680746601539,0.006125044657490453,0.007727650794077827,0.000694488613070879
2019-09-13,-0.01964581284838285,0.0026799314218101493,0.01948501111192286,0.004352442884656639,0.009127503611033722
2019-09-16,0.005243383115743667,-0.009526740963373075,-0.008939411559884364,-0.015966156459963087,0.014894334451033208
2019-09-17,0.0036315202513688086,0.0010030033179268371,-0.004963632771405736,0.008100953300201353,-0.007624680154469815
2019-09-18,0.009335596745904822,0.00569074575807591,0.009985824969879657,0.0055632781027125265,-0.004794732936621364
2019-09-19,-0.008158238705161002,-0.002303268658597569,-0.003177994826988009,-0.0004265579626522235,-0.006751657203539886
2019-09-20,-0.014726080242974934,0.011766542148247433,-0.004028603924703742,-0.0011108284751095855,-0.0034622973801010457
2019-09-23,0.004536788931526172,0.0006836476622000757,-0.00016828863196595255,0.005456010167212773,0.0006934047129803063
2019-09-24,-0.004766423072178576,-0.001443703257355048,-0.01312433784113415,0.006609959622234209,-0.013820351828063241
2019-09-25,0.015272372924219693,-0.004265623104885175,0.005694345174804227,0.0005906686956777445,0.002947471263695061
2019-09-26,-0.005170876095679268,-0.016472313238691,-0.00825433579101104,-0.0014360901265772332,-0.005339769689225791
2019-09-27,-0.004878186636744368,-0.0019418956752444785,0.0058787971970064995,0.0012672265952736773,0.007160376500348129
2019-09-30,0.023262813297234192,0.006046802493888221,-0.0002548961179206583,0.0019399459690629531,-0.01224595078314556
2019-10-01,0.002764229719412566,0.004703790697169608,-0.018350798225261075,-0.007018195652801952,-0.023790405494860136
2019-10-02,-0.025387272245888826,0.015344353828555524,-0.02010572771329326,-0.014788279013557221,-0.026452514721103375
2019-10-03,0.008458727329090521,-0.00615478395711227,-0.0014249364292221827,0.0016348138759898516,0.012284931211845375
2019-10-04,0.027646277313025675,0.018652127057514234,0.021428551192919556,0.015780463265776982,0.014457926797716457
2019-10-07,0.00022005724518725528,-0.0037477526186648295,-0.0021835050049135545,-0.007901788831092639,-0.01387011359733979
2019-10-08,-0.011784276021127603,-0.009962463305656791,-0.02254852979699414,0.0029809717071760983,-0.019596827437338222
2019-10-09,0.01165219145403676,-0.0200722918428849,0.007217629297362809,0.011416414827835068,0.011033513182274173
2019-10-10,0.013388116090396494,-0.001239268335572329,0.013930749599116748,0.005701011983307034,0.011939028940167466
2019-10-11,0.026251091343280946,0.017435835011897684,0.01675783594106385,0.005253552044917397,0.010639312656940101
2019-10-14,-0.0014406760801445556,-0.004655472304383881,0.002665429177960379,-0.008938772330604722,0.002895077020161241
2019-10-15,-0.002334435760527699,0.016087542699137695,0.029696298211832423,0.003016352355739545,0.0034632749219290536
2019-10-16,-0.004045161711629723,0.017387769992818984,-0.002336778756852884,-0.0009207012267052865,-0.01729069005770424
2019-10-17,0.003875204973826421,0.007371010366684905,0.005582675446896652,0.0035107195395480454,-0.0013199454326470004
2019-10-18,0.0047912875223032544,-0.06422022502513822,0.0017433256661212114,-0.0058581357326444854,-0.0078084662578167515
2019-10-21,0.017194302542653965,0.002502627603746854,0.024498431210642713,0.00502329728066617,0.01657542115903598
2019-10-22,-0.00228974426905531,0.009175257056790193,0.009986425347827357,-0.0013368349516609513,0.005078899110086189
2019-10-23,0.013329669944558411,0.005402950281636517,0.002640938067857445,-0.0019252255730506627,0.009507042034182667
2019-10-24,0.0016436662977916587,-0.018648381131869767,-0.0007196042531103705,-0.0020970926044564862,-0.009507042034182771
2019-10-25,0.012241098263389536,0.006644537438363165,0.007965985903791047,-0.0005038896133765854,0.0023126864155314105
2019-10-28,0.009967072771967843,0.006445731848418835,0.0038017176707825246,0.001510907765006253,-0.008847720822673507
2019-10-29,-0.02339952376839603,-0.0004644124214539412,-0.0006326889896490748,-0.01751502721322105,-0.002917734747041192
2019-10-30,-0.00012320722473989107,0.028403133990002508,-0.005552008803804374,0.008076554564436183,-0.010575869530454151
2019-10-31,0.0223577514111028,-0.006040501410169679,-0.006463250260844359,-0.007138451062807495,-0.0022172913742405918
2019-11-01,0.027985406198665182,-0.006381888143849409,0.022793066145678793,0.003065623839909372,0.029600281755286333
2019-11-04,0.006545694302634002,-0.007420853781030989,0.00794936814398099,-0.0004253176578380909,0.029307685732177752
2019-11-05,-0.0014377353372142102,0.001457900335377149,0.002171443434548748,0.01091262161509011,0.01961932115099345
2019-11-06,0.00042753217552564263,0.004132232463417674,0.0015480887287902074,0.005369628293785138,-0.022134295426734077
2019-11-07,0.011475241056670594,0.003582086990069542,0.005399128774423917,0.006090295633734249,0.021039086045818004
2019-11-08,0.002732874978490295,0.011874632543433673,0.0029185616229605027,-0.006592287489753496,-0.019173511675365375
2019-11-11,0.007887552377084286,-0.007698601327312937,-0.003534189809173727,-0.003354548288341304,-0.0060944504915220075
2019-11-12,-0.0009156434319814587,-0.004784948999842085,-0.00586698876276818,0.0006719373190278268,-0.013886092423404226
2019-11-13,0.009536159156753788,-0.0006090071805512948,-0.005278841887835122,0.015493998787383815,-0.00825080944326791
2019-11-14,-0.006943477328809058,-0.0023641620257966694,0.0009338923823061351,-0.0027314691852754454,-0.004370097198433083
2019-11-15,0.011809302952572365,0.029938014002651257,0.007205285054920347,-0.014863358042475466,0.010022680109414572
2019-11-18,0.005029482474125885,-0.0008156104892751022,0.0083798763296666,0.011542300028327958,-0.009730910465180445
2019-11-19,-0.0030370970715049533,-7.423549015762294e-05,-0.0003062707830256546,-0.0029982646965465752,-0.010268238597030339
2019-11-20,-0.011710000245350231,0.008273100686286256,-0.007301725338926344,-0.0063595106453324625,0.003091708713002695
2019-11-21,-0.0044935140058431095,0.0036714546334499017,0.002311650638223499,0.006109152723562389,0.02382085278797556
2019-11-22,-0.0008780331484808397,0.011876058692878479,0.006597003204658646,-0.004180269116211016,-0.004315185906480907
2019-11-25,0.017381554009212555,0.00043732540513947754,0.0053381329634990095,-0.003693058753738073,-0.006653444751066595
2019-11-26,-0.007839230654827603,-7.313077850596118e-05,0.001367710719872194,0.002267895482385199,-0.0024698875641837653
2019-11-27,0.013342756933170408,0.004219510344675416,0.002957789588171048,-0.0036142724545317638,-0.0005821300895546069
2019-11-29,-0.0022051091434630494,-0.001889116788749463,-0.00227446184293138,0.002775090847159813,-0.008331537900360871
2019-12-02,-0.011629762445431614,-0.0009462324588106522,-0.002203391927104043,0.0015937589803580825,0.004247637049220325
2019-12-03,-0.01799094412779566,-0.0014569626459468763,-0.012937975234630814,-0.0051270505465177,-0.007923810207771855
2019-12-04,0.008787810444779644,0.016055895703493604,0.019533777456953998,0.000168868713674743,0.011279665192731285
2019-12-05,0.014564380724621547,0.001290679095828104,0.005425713048505716,0.004222298926004716,-0.0035020926529922107
2019-12-06,0.019131825060099708,0.005858241037977214,0.014771069415879752,0.00939444969322002,0.01595167182620806
2019-12-09,-0.014098644517136655,0.0008547492510510301,-0.004676434425359641,-0.003512623673789581,0.002155501269158548
2019-12-10,0.005827075608097673,-0.0036365770637739867,0.0006692667094209127,-0.0018446263216012448,-0.008650469867376696
2019-12-11,0.008493260215519521,0.007047049839690166,-0.0023817510158124487,-0.0011758952951587663,-0.0014490979498138178
2019-12-12,0.0025451646310771596,0.002550194450866471,0.028216353660678827,0.006366142035900123,0.019814088069206422
2019-12-13,0.013501793690096114,0.0002828240690187764,-0.008805586448094267,0.00441598170204736,-0.01590631034301114
2019-12-16,0.01697326816358809,0.0028957682157732733,0.003866317788599444,0.0020761509546176273,0.01106128733608437
2019-12-17,0.001963054383256758,0.012406081493925723,0.006097819310420397,0.006119843144638229,-0.00458206904619728
2019-12-18,-0.002392419982076408,-0.0025806371770793917,-0.001013691465045511,-0.011777133729225656,0.0027226658328340725
2019-12-19,0.0010006606010065757,0.014972357819524182,-0.005011137575583639,0.0018338689562738774,-0.006893629381020918
2019-12-20,-0.002073690460522959,0.004872952595205532,-0.0008013233901493352,0.0017472706736961481,0.007895106453901821
2019-12-23,0.016186818982867685,0.0025982480939395355,-0.0002917613373054254,-0.010529924456215669,0.0049918840344476655
2019-12-24,0.0009500782291754972,-0.003489061808336334,0.0027664768445369438,0.004024360032280498,-0.0038485865512866368
2019-12-26,0.01964586161410279,-0.0006851523420134731,0.010556049647318893,8.378463704004337e-05,0.0015698478053717154
2019-12-27,-0.0003792482037866229,-0.0005489008695641165,0.0007186448668439011,0.000585562412933375,-0.00342805792382071
2019-12-30,0.005917661782952416,-0.0030919069007369236,-0.0036716988806606765,-0.001590392036824722,-0.005883906891092007
2019-12-31,0.007280040132893161,0.003914925041726276,0.005538626673586656,-0.0047007736141351335,0.004308516718121477
2020-01-02,0.022559759382164885,0.0006854047585781784,0.012050483007379004,0.0008410913051397157,0.015923118157995395
2020-01-03,-0.009769426631750651,-0.011645516096306254,-0.013284331179486391,-0.008867100563335435,-0.008072331188180187
2020-01-06,0.007936394116834439,-0.0012479199376077008,-0.0007953662922121441,-0.002038072378080933,0.0076491228427084355
2020-01-07,-0.004713894858725578,0.006087795509739606,-0.01714676571727445,-0.009308125072176697,-0.008217722969817343
2020-01-08,0.015958126925533247,-0.00013751075669806966,0.007770938560660467,-0.0034373044664397466,-0.015195245230049783
2020-01-09,0.021018575786179855,0.0029615388559085273,0.0036441548150533674,0.010277524289948728,0.007626557970997236
2020-01-10,0.0022580692370860332,-0.0022722126716724165,-0.010017703434946734,-0.008385512581725249,-0.008927380176598077
2020-01-13,0.02113929706232156,0.004402398693571573,0.008269856921065317,-0.004305520268376429,0.009500667233864425
2020-01-14,-0.013595133508355057,0.005612433690164225,0.01159475504338592,0.0025854712983874313,-0.00863341303264168
2020-01-15,-0.0042947988750374555,0.0033386300304022497,-0.015099108929554362,-0.007776663425265967,-0.0015906650451999464
2020-01-16,0.01244863201097874,0.008062049260457378,0.0038690132424458582,0.005363678496692537,-0.0039155621024154754
2020-01-17,0.011010241379364677,0.006523891778015558,0.00689786738833269,-0.008143336443205043,-0.003785314979453356
2020-01-21,-0.0067999116922675545,0.0006698164897959452,-0.009889408156658622,0.00546498489882683,-0.01439707538245251
2020-01-22,0.003563033798661134,-0.006856489985998173,-0.0011700017380910997,0.004402336505098719,-0.005787790858955782
2020-01-23,0.004804318633224026,0.0018867810507162148,-0.0010251912506219294,-0.002500678567650502,-0.006270520160352461
2020-01-24,-0.0028860958867142233,-0.0014149530507782666,-0.02514096095324657,-0.01251192985921707,-0.006762402117327092
2020-01-27,-0.029846174645134265,0.002895287488611433,-0.008446955673782177,0.012943512799921777,-0.024112108746431913
2020-01-28,0.027896214804715658,0.005029111399846517,0.018014147280019523,0.0063669057739659815,-0.0013912616452298957
2020-01-29,0.020716173634416177,0.00693252011646675,-0.0014887899990263266,-0.006107872360830899,-0.00838758225347777
2020-01-30,-0.0014497184666996208,-0.0011966060279902345,0.01229102458995966,0.005936206632601301,0.010550843309447343
2020-01-31,-0.045351710726490684,-0.009958661174227374,-0.02632008459860023,-0.01809030172839444,-0.042083341263392436
2020-02-03,-0.0027503357544950645,0.008694188083346446,0.007601647000323057,-0.0019232750571959113,-0.022630368151962548
2020-02-04,0.03248046107834025,0.009477860043877299,0.01429323152565908,0.00871311998159667,-0.012593005810143597
2020-02-05,0.008121167124399826,0.015642060635894045,0.016857673087956656,0.013271494590736682,0.044995140373420096
2020-02-06,0.01162901067451459,-0.0029915547974072574,0.00014543981592898537,-0.004289851640938727,-0.013642709080972438
2020-02-07,-0.01368562063244724,-0.010739754801451687,-0.0032023899576907396,0.0012029672773402839,-0.006647831188999702
2020-02-10,0.004738385476136114,-0.00019761347050893964,0.004146640753367264,-0.010358256837369071,-0.010617239760036772
2020-02-11,-0.006051637201700218,0.0008561035321266954,0.0018855680124045791,0.0013006920799588705,0.009461696476379202
2020-02-12,0.02346990104250807,-0.005939163154520962,0.0,0.0038919561436119776,0.012151001230644045
2020-02-13,-0.007146254113793427,-0.006640665497532927,-0.0008697647169010191,0.013631157181323026,-0.005564633762183961
2020-02-14,0.0002459184941543279,0.000266521498914847,-0.003050708695219345,0.0038246927368559796,-0.004606073802686451
2020-02-18,-0.018479913033377912,-0.006616128547273135,-0.013328485926600363,0.014651523357940132,-0.01277694763776005
2020-02-19,0.014378730887742363,-0.001342298240787527,0.013546712030363556,-0.016434609415390482,0.007652579744237208
2020-02-20,-0.010311695235420719,-0.0038338903153411984,0.0,8.476801788705875e-05,-0.007986724767216074
2020-02-21,-0.022895401211957305,0.010459427216760004,-0.012294397866340687,0.0075340042424455475,-0.01227012708786367
2020-02-24,-0.048665615935102914,-0.020822188477370794,-0.027243324320828835,-0.019242805104423784,-0.04797875341780983
2020-02-25,-0.03445909942674663,-0.008673022560444256,-0.04567024981890727,-0.016731155684207608,-0.039078701662924265
2020-02-26,0.015739152481303222,-0.006728252167968122,0.0030049435008528626,-0.005347211558341197,-0.022200551769340784
2020-02-27,-0.06760257680888164,-0.03225176254022213,-0.04250444139592514,-0.030156588743762626,-0.06206398972271814
2020-02-28,-0.0005851102454215211,-0.03392161844063701,-0.04430562886524556,-0.02494608864292512,0.031999782347986276
2020-03-02,0.08901834971890943,0.04037012732033332,0.04554055815457255,0.07339115305392799,0.04634305041011789
2020-03-03,-0.032274509381707964,-0.03214976349898881,-0.03824668540592539,-0.025964289965305695,-0.04906840451471649
2020-03-04,0.045340948812245686,0.056559928588457715,0.024409146851203718,0.03361541460895372,0.021597169144560658
2020-03-05,-0.03297489907534416,-0.010298279493472855,-0.05030591117223775,-0.007305857308633347,-0.04506756228642787
2020-03-06,-0.013368678028174456,0.00014089044712217987,-0.0530634290603054,0.01123755303732112,-0.049498828262303014
2020-03-09,-0.08239579871356026,-0.04015333262166739,-0.1455522672040082,-0.0005973540793321268,-0.1303906967328316
2020-03-10,0.06954616322167084,0.037403734195043885,0.07482627271948136,0.022199763052698093,0.03635887004691239
2020-03-11,-0.03534777796248948,-0.07200297078264097,-0.04821446062822915,-0.04577716775972133,-0.0334963660648381
2020-03-12,-0.10397752121664872,-0.049697423000837404,-0.08602658784737989,-0.09509171883779764,-0.12142269297409396
2020-03-13,0.11315737487240411,0.06841346795889118,0.16562043056017287,0.09220351718160096,0.024968343568456543
2020-03-16,-0.1377080374100291,-0.054791628641925244,-0.16210605204923764,-0.06649146573435755,-0.10006957822489564
2020-03-17,0.043030687195596086,0.07177370859697896,0.05931930837134056,0.1107222757460141,0.06510024981114812
2020-03-18,-0.024784694748128493,-0.012005349453173327,-0.11123167954229818,0.027457917235013337,-0.10563228933943346
2020-03-19,-0.007691382132474144,-0.06039776700633417,0.016667743329023568,-0.02145077938856644,0.038790578605871706
2020-03-20,-0.06559013026186869,-0.05800586346834484,-0.021327842764985682,-0.04696255245489115,-0.05033037067560248
2020-03-23,-0.02147314347319734,-0.07578399049607049,-0.055019265717187064,0.002716211431249574,-0.04019866334644281
2020-03-24,0.09560596239046905,0.06984398170624129,0.11238372168344872,0.006541399140752407,0.11944209618425228
2020-03-25,-0.005523976925678402,0.001844258752376504,0.03663837396802617,-0.0501823749404771,0.05088435059228268
2020-03-26,0.05128507467870118,0.05831639200191012,0.06734163670781229,0.0038320030422141966,0.04021010572206366
2020-03-27,-0.04228361614258636,-0.027311201138131184,-0.07390409729983323,-0.002188145356571448,-0.049369945823458314
2020-03-30,0.02813819376281618,0.07694013414984106,0.02567413820997939,0.049928575829897036,0.014775226690011982
2020-03-31,-0.0020429125458127323,-0.014235284165416686,-0.037818238557634755,-0.013723507956238248,0.01245542991211371
2020-04-01,-0.05405167241979874,-0.017850520270190094,-0.06504940169448548,0.004566054880717936,-0.011655741854555896
2020-04-02,0.016548751438509868,0.03313760509342338,0.03665964243146637,0.03875246081186036,0.07368943308080977
2020-04-03,-0.014475568111470372,0.007631326262780787,-0.030003661642884625,0.006970853595933392,-0.029898130675812297
2020-04-06,0.0836400763320948,0.04081919944991299,0.06237988323299899,0.05368824807199559,0.031629258576894144
2020-04-07,-0.01164981339449163,-0.016447996872949185,0.013104293962894144,-0.03289800141515362,0.018847757414750477
2020-04-08,0.025272596351592406,0.04118247024200679,0.03958529192456981,-0.0012306955719340392,0.06136605232615238
2020-04-09,0.00719001666561952,-0.014271590707521375,0.08591499696386032,-0.0003279633882139823,-0.016555950796576662
2020-04-13,0.019437402174633227,-0.010391105120724005,-0.0454916651339634,0.028330191862279388,-0.008615689352490286
2020-04-14,0.04926908886629303,0.04381352773288007,-0.027778250453620864,0.02910172571749414,-0.007747740525800947
2020-04-15,-0.009169062028149653,0.011100238491997564,-0.05057718613535284,-0.0018622131652727132,-0.04704742319696532
2020-04-16,0.007914361769011058,0.013520601000911755,-0.03885494458301669,0.02734828688106691,-0.0334076732704697
2020-04-17,-0.013661630618597376,0.015579238461777825,0.0860756686864713,-0.0015880623050635785,0.0989028522881582
2020-04-20,-0.020975052011146265,-0.002304908937921313,-0.03713847971908385,-0.017330708429952418,-0.048350275907684946
2020-04-21,-0.03139818572639954,-0.013207609027840692,-0.029433379511437267,-0.004940766678875514,-0.005357019255497954
2020-04-22,0.028396492046924765,0.021873120147185073,0.003251188512775449,0.01825208638121582,0.028164126129092366
2020-04-23,-0.0038828268975696725,0.016337178540249315,0.0005597219480518087,-0.023528664226207332,0.030850838462106
2020-04-24,0.028460593379964674,-0.0041884379529895654,0.014658594419409204,0.007055102208436484,0.006423343899021334
2020-04-27,0.0007063385769522656,-0.0036876490581909793,0.04220127640316825,-0.00884603539073397,0.00479063326602893
2020-04-28,-0.016341913395517084,-0.01897485651376028,0.007056171199981072,-0.0023410508572846516,0.023170422913780096
2020-04-29,0.03231728386369194,-0.0076248132153708655,0.02661314960926267,-0.03497983751167106,0.053891856119955145
2020-04-30,0.020876741883796356,-0.0013322209571692723,-0.021692862035192512,-0.016724883794126476,-0.021080408155670097
2020-05-01,-0.016230488459540688,-0.011732406972342051,-0.02656100794423554,0.01120794620775885,-0.07435612836751034
2020-05-04,0.014049969566526934,-0.00013463490266873098,-0.011975105233248646,0.006325619731893554,0.039541659521125753
2020-05-05,0.014896975934351818,0.00826166725327542,-0.00152061145913466,0.008292268888373597,-0.0011147138794757113
2020-05-06,0.010264609551176864,-0.0095440980252347,-0.018983273312461316,-0.011531131081125058,-0.018915062816381126
2020-05-07,0.01029185481567878,-0.003314440305837515,0.010359275049728273,-0.007112127572376802,0.0056669613271512305
2020-05-08,0.023522839435568387,0.007493023540051933,0.016203941055481657,0.008577370785255892,0.04291741197976623
2020-05-11,0.015613035823530796,0.0027533621114968166,-0.029891920598174453,0.005920161932576142,-0.009573486620685454
2020-05-12,-0.011494272335972071,-0.013299773250715003,-0.033223409660495695,0.0008889934587712136,-0.01685648467113046
2020-05-13,-0.012147564510948687,-6.830618454415308e-05,-0.03507917574676333,-0.0005654947283263564,-0.050911683811546975
2020-05-14,0.006124534532887309,0.0034604460547840226,0.04069316854571725,-0.0023469098663835603,0.008785794099876693
2020-05-15,-0.005929729051183227,0.018787527033893588,-0.018683215580056714,0.020212305632970055,-0.007117458533345937
2020-05-18,0.023288091150589378,0.0005316964505264692,0.051613393020311524,0.013565064898668207,0.07651960919326233
2020-05-19,-0.005795352668968869,-0.010015204737405869,-0.019875689318622602,-0.02145683807619813,-0.031364248188994436
2020-05-20,0.019261244278926535,-0.009033000720000784,0.029557769997915487,0.00399333196827958,0.03202572907736289
2020-05-21,-0.007483178554522992,-0.006589688006237955,-0.012782275096264445,-0.003673544279925075,-0.0180140462222064
2020-05-22,0.00641753299267648,-0.009170738722662167,-0.007793650599388502,-0.005294064973731333,0.0008969351675121481
2020-05-26,-0.006796238552139816,0.0013154001717931617,0.0685680082532356,-0.003787632670688989,0.02894911647574834
2020-05-27,0.004347222807350267,0.002280245233739424,0.05630590585535707,-0.011204159686448738,0.0071622908125175576
2020-05-28,0.00044030617506323096,0.014253933416153542,-0.015008211508589423,0.009830459684001081,-0.026294101300915335
2020-05-29,-0.0009745653322225382,0.012038336939482301,-0.02586726724722214,0.002986969526376044,0.00950165945911612
2020-06-01,0.012222494633722988,-0.01054286340013753,0.013169444279295913,-0.0008063094321797465,0.017657233464374564
2020-06-02,0.0046191617607465735,0.0071756533420142855,0.0033411559190973075,-0.00016125974665445348,0.02201196796462846
2020-06-03,0.005489826635567888,0.0026944673228498023,0.052571139464561246,-0.0037991720908468717,0.03998445336833012
2020-06-04,-0.008649235640762195,-0.013000332146621905,0.020597851166840465,-0.011075840561855602,-0.0028474385660539063
2020-06-05,0.02808278263498325,0.003877387118008716,0.04401866530879288,-0.004514539032077964,0.07794110869304564
2020-06-08,0.00589509668606372,-0.0036049611314519824,0.019762103123703554,-0.0026356831828970467,0.030794670299697083
2020-06-09,0.031089733715520703,-0.005533780704128761,-0.025984887577514056,0.0009065983194444442,-0.022539589678806763
2020-06-10,0.025402282325466496,0.012527569618466267,-0.041372520048920655,-0.0015669904818988202,-0.05511594363735864
2020-06-11,-0.04920133516230884,-0.048022924933167926,-0.08713124863129651,-0.008870467205769816,-0.09239218069636963
2020-06-12,0.008596492826303282,0.009045554983810902,0.026995990307292845,-0.019762590737450094,0.0212108330283654
2020-06-15,0.012291132166774825,-0.006351634678908564,0.013723229026616237,0.002883743877663966,-0.0006360199202591549
2020-06-16,0.026157227168666402,0.022471413822598898,0.007967999332804138,0.013208199135231552,0.022237437171057375
2020-06-17,-0.0013927181118763418,-0.0030502155959883093,-0.02560414580540345,-0.005195295447546526,-0.03311511628070315
2020-06-18,0.0003983864906645544,-0.004244725895426835,-0.005442896335180459,-0.008775726712800948,0.006199612556499464
2020-06-19,-0.005731261293326161,0.0029243278473636658,-0.01148720567844328,0.015641112333882757,-0.020237602030296307
2020-06-22,0.025827202963985826,-0.003064038725655506,-0.010896210143133205,0.015153501641589769,0.009524166968400112
2020-06-23,0.021120378989542304,-0.0037031285554696663,0.012122219226640283,-0.005025388221483277,0.00601359424078302
2020-06-24,-0.0178099412253465,-0.021508841803660438,-0.03396095167988605,-0.0063803450828560935,-0.048254559199770015
2020-06-25,0.013188490653150317,-0.001073357687227009,0.034267585857038624,-0.004916714942182214,0.014943651296120148
2020-06-26,-0.031207819725026252,-0.013406809547962596,-0.05637822976456278,-0.011679248145782112,-0.034917448548303566
2020-06-29,0.022785005011787655,0.008885966639547663,0.004418509164923121,0.006234717488081457,0.015920678250295747
2020-06-30,0.008312997114970525,0.011370546171755761,0.011333093301590666,0.006029019195531526,0.008984626257303828
2020-07-01,-0.00189317864986987,-0.0017791459831008765,-0.008541090724330678,-0.000751577684430425,-0.02284394220297226
2020-07-02,0.0,0.004193587430948438,0.0032428442583394895,-0.004018538081798977,0.00842928768456812
2020-07-06,0.02639882682416164,0.014157678022054511,0.02493986637490162,-0.0026875025469331303,0.0070079076123653735
2020-07-07,-0.0031078005322742546,-0.0009091111652114916,-0.02861603960796697,0.06559454420386647,-0.026248102746161576
2020-07-08,0.02302304653080705,0.002935647938818325,0.010559159452675835,-0.01996980722623651,-0.002315425962933891
2020-07-09,0.004291126217054028,-0.005459122018261099,-0.021888136453340284,0.026251613529035208,-0.04213642023531518
2020-07-10,0.001747715569441781,-0.0008427659588845054,0.053224921212276045,0.02267651898297759,0.030712883019426113
2020-07-13,-0.00462379304390313,0.019751639781819073,0.014232801163336911,-0.008916434312795606,0.0002347613493822356
2020-07-14,0.01641278971395355,0.018490847260400397,0.005718604894832129,0.01904224469833673,0.032517537565510124
2020-07-15,0.00685367976524391,0.0022955860526231065,0.01535841107196132,-7.594508938419628e-05,0.012627088619155576
2020-07-16,-0.012381121018055647,0.006655129039002128,0.0028037981936140837,0.0015144241327022898,-0.007873366416087442
2020-07-17,-0.0020222445537756402,0.0006704638026005105,-0.018671443989542676,-0.0034855543730618562,-0.017312288046338473
2020-07-20,0.02085492612015319,0.0016726213707900092,-0.0087998909039307,-0.00205165240782626,-0.023716518391470032
2020-07-21,-0.013897693963920668,0.0009350699575259545,0.021453872416585792,0.006519922181396596,0.049350037631839185
2020-07-22,0.002805054571511983,0.0018012287861863521,-0.007269224553285297,0.002490825713556348,-0.023568110102348886
2020-07-23,-0.04658479813618092,-0.002670006580320923,0.002934193150017477,-0.007718759149171966,0.002061834678369486
2020-07-24,-0.0024803557061469058,-0.010009098786276732,-0.007097330718997124,-0.0030431135312183988,-0.006197729092209251
2020-07-27,0.0234239362221624,-0.006366258838872705,-0.014140915704172351,-0.00022843211180796042,0.014629051119089572
2020-07-28,-0.01656374847614294,-0.002380979397298151,0.0043248212616231385,0.004182639110103213,-0.011869660087725498
2020-07-29,0.018986666199782128,-0.0019769209315207738,0.023960560149086582,-0.00815373787921551,0.010961707494427526
2020-07-30,0.01202746923666392,0.0020449571535875307,-0.027047886992497546,-0.004371129089328316,-0.05030211821631882
2020-07-31,0.09956337866788903,-0.007382059153753487,-0.003924365479818728,-0.005548781838111852,0.005003114203582653
2020-08-03,0.02488597151076495,0.01084940939799579,-0.005603570578403401,-0.0007729261872494072,0.00403178542966095
2020-08-04,0.006655672807730792,-0.0008829369966115065,-0.0057395558126293,0.017935481526828258,0.028466953985647296
2020-08-05,0.0036181008345783842,0.00798344836896722,0.017223868702312514,-0.013999100144327366,0.008703678330060503
2020-08-06,0.0342944218377065,-0.0057442338116290665,0.00030875898067656785,-0.003549747572489929,-0.004800791203112688
2020-08-07,-0.022998326165310817,0.0070910435763263235,0.02176862949381879,0.004781785531485379,-0.00459328999424536
2020-08-10,0.014430387446717497,-0.003843279368000071,0.012599187628362608,0.014588796572127373,0.024333182509785847
2020-08-11,-0.030191308612118824,-0.007186047949995925,0.03110845147209309,-0.012820480587777572,0.010281624752826195
2020-08-12,0.032694141506677384,0.01813731706332058,-0.008512133962121547,0.012896494744532364,-0.00022679271248903933
2020-08-13,0.017542519067259742,-0.011154117763808492,-0.005552661817721495,0.0037991771412663523,-0.024800511991323475
2020-08-14,-0.0008912647101239297,0.0016207217656592533,0.00039062229110612605,0.005672211974989797,0.004408035928428993
2020-08-17,-0.0026143432700150245,0.005046607183354742,-0.02671814545714837,0.022372024453874033,-0.01304747229320854
2020-08-18,0.008298355480160172,0.007355606115476754,-0.014038698681911417,-0.006584918739258595,-0.004937559312305817
2020-08-19,0.0012538850254101943,0.0019971194064492452,0.0023365497026401265,-0.0172211592786088,-0.01113853981211692
2020-08-20,0.02194687277037179,0.006825355857650302,-0.012045889255213403,-0.01399352473910096,-0.015370322411656768
2020-08-21,0.05024866630715356,0.008810956041810068,-0.0005137203826307799,0.008085532669396172,-0.007530669282604276
2020-08-24,0.01188916931174762,0.002632110261957689,0.027765736187301413,-0.002281754391706079,0.029078280091214253
2020-08-25,-0.008237546086845859,-0.0005916388159152734,0.004387351209148518,-0.005344523098521278,-0.03225322966855656
2020-08-26,0.013507524178693203,0.0015771626196208134,-0.014128925265635073,0.0005358152466077618,-0.021511591963732514
2020-08-27,-0.012026481095272922,0.004454813507515961,0.032369664394730054,0.04437174423662431,-0.00677116756056688
2020-08-28,-0.0016211880422280474,0.004305176133517149,0.004095174838534537,0.02650669753651013,0.023624217310293526
2020-08-31,0.033349880172917096,-0.0014980593144220955,-0.025424890786238035,-0.010388901007456408,-0.018604280106204758
2020-09-01,0.03905940213509799,-0.01239653302970981,-0.0004990796602577937,0.061043990653076134,-0.012851251051794587
2020-09-02,-0.020935629021661444,0.015130403731071633,0.014966131263789609,0.0006093954687399121,-0.006105284766048966
2020-09-03,-0.08344795905742286,-0.02821730472961517,-0.0031529553390346144,-0.021491318926763772,-0.00204326088529272
2020-09-04,0.0006617151553907972,-0.006439985021001201,0.021382287989068625,-0.011901087145155738,-0.0007674564198834508
2020-09-08,-0.06966646278704788,-0.00899099567083182,-0.0353951080487256,-0.03114581347667497,-0.023298985707916477
2020-09-09,0.039111773029861796,0.016433389201821573,0.009462722212956227,0.010347213456060583,-0.006042571032208109
2020-09-10,-0.033190532831040495,-0.01881318308040045,-0.010363888020242533,-0.022263269397272478,-0.02535123518181074
2020-09-11,-0.013215857597269284,0.0059046835811976395,0.012344732002760777,-0.0008047062584836859,-0.0027065421262500527
2020-09-14,0.029558792005302318,0.0038496540492191397,0.013756772134861194,0.004525246398036458,-0.006525386814533024
2020-09-15,0.0015592647225213276,0.0036335608212619917,-0.03162610570276646,0.0002912348554027298,-0.0106952083140587
2020-09-16,-0.029957909392826877,-0.0032968320300157256,0.004221720068355145,-0.008040163156667718,0.04158271566475559
2020-09-17,-0.016092472373459787,-0.008322685821511057,-0.011500138941630897,0.003150642776353147,-0.00026452648430629023
2020-09-18,-0.03223405156843389,0.013565200145016809,-0.002133138147767212,-0.010294863264455027,-0.016269234176806067
2020-09-21,0.02987477324622401,-0.027730144437512077,-0.03139783144871302,0.013070939074489562,-0.020647177919534025
2020-09-22,0.015593741108524213,-0.006152941583328392,-0.010971710164960326,0.009005930287757268,-0.02501544893305376
2020-09-23,-0.042851459628865815,0.0015936158011497542,-0.01636307937434616,-0.016916417202767247,-0.03261143622500493
2020-09-24,0.010216673262046942,0.001590893653879765,-0.0008629086617770392,0.005207450231851126,-0.0020375652543414054
2020-09-25,0.03682963311149779,0.006820055115679626,0.008703645674247782,0.004161286300949746,0.009280848939663938
2020-09-28,0.023588357368680618,0.009905402738616302,0.02837301819396573,-0.00014583747601904984,0.019157239737885863
2020-09-29,-0.0075966077539250795,-0.000340049097214715,-0.008459321168600313,-0.0008017648091709646,-0.02960431905221149
2020-09-30,0.014963364566693149,0.012300164993447793,0.009602428278933053,0.019997111761038452,0.001457646592413452
2020-10-01,0.008426512850837942,-0.010533586359267825,0.007244978707061236,0.022404481606074323,-0.03558052604950199
2020-10-02,-0.032812853487962756,-0.0073580632362840685,0.009442762403736787,-0.018196431722092336,-0.004537796609213044
2020-10-05,0.030326593898430745,0.013516141737307313,0.020915844151915452,0.009210016154810284,0.022782847009806238
2020-10-06,-0.02908841580049351,-0.013379259392144618,-0.010352230104618295,-0.008285152864432602,-0.010427628161144507
2020-10-07,0.016824756051235207,0.011015056764990398,0.017294895642131512,0.0018469887889441686,0.003288978140731148
2020-10-08,-0.0009561802797294214,0.0068070310071909204,0.02034709410713946,0.0033303433511582964,0.05120342867254406
2020-10-09,0.017246085115731242,0.013873367074757843,-0.0057146824783145,0.009995271019678053,-0.01485707120424356
2020-10-12,0.06158485776388285,0.005746107081778032,0.012178364391474432,0.01024291109613263,-0.003171184593552853
2020-10-13,-0.02688562067226969,-0.02318559524475629,-0.016337351391519653,0.013632757451625808,-0.011910522263906381
2020-10-14,0.0007428194813654435,-0.0017540016187965893,-0.005572155133964022,-0.01578386904725718,-0.0020476980936090586
2020-10-15,-0.003968660551140646,-0.006163438882114699,0.014856344902864034,0.004090217144923081,0.00874635673537795
2020-10-16,-0.014099341213285786,0.0061634388821145926,-0.00206678765715636,0.001244798938300518,-0.01021154925120545
2020-10-19,-0.025873746071744835,-0.025854786530123422,-0.01698903418241485,-0.012236696624917751,-0.02014292277547026
2020-10-20,0.01310573732086865,0.001592402107627331,0.005695258406379695,0.006623589031634549,0.008343450520333624
2020-10-21,-0.005461420505802503,-0.0042983737668771844,-0.010013158193416593,0.003468584343585697,-0.016153609278125553
2020-10-22,-0.00962937463921167,0.007958318040018517,0.034712938483113666,-0.0059038752195287245,0.04999582396498823
2020-10-23,-0.00615272700905957,0.0011021658281574096,0.008999047875300955,0.0020878902204365638,-0.0202847545777466
2020-10-26,8.676729031879143e-05,-0.008782720047640045,-0.02506839430797536,-0.01181812805500626,-0.023997531396441875
2020-10-27,0.013382553588675806,-0.00571208781703018,-0.01904627880385557,0.004981912408254195,-0.016019702847970864
2020-10-28,-0.04741911079797449,-0.03403382143176706,-0.02849031158997988,-0.020006846471550644,-0.038830840809498696
2020-10-29,0.036380665226657984,-0.008492244018244374,0.0065046501668645645,-0.0008571380864352312,0.04339093125828596
2020-10-30,-0.05764819663697795,-0.0005832023589436834,0.008913569352306725,-0.008397475050543076,-0.010672689498462087
2020-11-02,-0.0008272789972154638,0.011457651503928514,0.022291438155295655,0.011821892434422653,0.04114083087432181
2020-11-03,0.015237127420774736,-0.0013708105878175805,0.03103478768877779,0.016809475485923268,-0.017210895856381615
2020-11-04,0.04002479013704208,0.006477123487751093,-0.03103478768877774,-0.005759526004012966,-0.00540240286063429
2020-11-05,0.03487807961861413,0.002579302497002775,0.04008374975354202,0.010580429622818193,-0.0018072327473684698
2020-11-06,-0.0011364920482300905,0.017659215330545416,-0.013410375470196734,0.015904262197363433,-0.011827264463792446
2020-11-09,-0.020169970368441564,0.026568272012758656,0.12697837606070558,-0.015416302380396242,0.11920567466055065
2020-11-10,-0.0030137410459316494,0.014947952114865383,-0.0032557835095814863,0.013974554652876475,0.02194266519181135
2020-11-11,0.02990135868955903,-0.003242053422148496,-0.015045427006498184,0.01648872793170268,-0.010362725144122818
2020-11-12,-0.0023461819739442765,0.0033771740490639393,-0.01236086884417344,0.0016880618767627187,-0.034866135881894536
2020-11-13,0.0004193202696740029,0.01073099390887096,0.0062434768165392255,0.015463773797186393,0.023840833131546505
2020-11-16,0.008682716750816895,0.006317682112525348,0.027834555195586155,0.012542046699201424,0.056048956216467306
2020-11-17,-0.007593385208738451,-0.00999340440951743,-0.01019663630042288,-0.020344465392736242,0.013276554447210962
2020-11-18,-0.011456249461513808,-0.013346327981574618,-0.007434290492311904,-0.0018762138328314063,-0.038486738095555
2020-11-19,0.005154665479980558,-0.001561907119602149,0.0026859911608357635,0.02011954386263545,0.005093162917234242
2020-11-20,-0.011018009517528968,-0.0053152083864549645,-0.008603788133149168,-0.012435758500367244,-0.012375840269917142
2020-11-23,-0.03019374107790954,-0.010234241149526091,0.02839636231694201,0.00458223804701305,0.06345505084932926
2020-11-24,0.011527319646989867,0.0,0.045200417710405456,0.002844761876198928,0.06444332813141135
2020-11-25,0.0074395119063957,-0.001321501087706279,-0.010515766002482597,0.00310033052369157,-0.028266266992245166
2020-11-27,0.0048146107265162495,0.002224739659579233,-0.006659888476341512,-0.0015159525688915121,-0.015308416249621084
2020-11-30,0.02088039125476091,0.004711093629369472,-0.027939931588894035,0.007819110311683686,-0.05261715981218144
2020-12-01,0.03036164675427802,0.018964199763312775,0.01565572031267533,-0.0009822785997821333,0.009656917596323497
2020-12-02,0.0029291134369539085,0.0046689782359403825,0.019026039600166578,-0.013986343575728064,0.03671975118862123
2020-12-03,-0.001138154967184917,0.005788702674611715,-0.006576860414555991,-0.008138181804744276,0.006737791503667902
2020-12-04,-0.005628256722246426,0.00848743197570696,0.0090317949328275,-0.002615676273430712,0.03590544606357716
2020-12-07,0.012195275041836982,-0.008689244674236905,-0.0037669953159975523,-0.0053868620188289576,-0.018891363833032936
2020-12-08,0.005078122662260903,0.017170869494515306,0.000984333329169572,0.009006614937392018,0.0322375973486533
2020-12-09,-0.021125219423196052,0.010175784459731904,-0.007817500737016694,-0.007926801751838266,0.013170566211831275
2020-12-10,0.0119173977169739,-0.0055673366190637135,-0.00646452940539866,-0.0046816547682032705,0.027878916544130987
2020-12-11,-0.006757404365245174,0.004587190597764241,-0.0059207464419832306,-0.00027215864988165006,-0.004783249495716454
2020-12-14,-0.00515999335172873,-0.025695076142141192,-0.01059458622691689,-0.009226057084241696,-0.03673962857146952
2020-12-15,0.04887590295137898,0.010012053936692078,0.016931250926123503,-0.00048066146985551096,0.019235723304811308
2020-12-16,-0.0005472787190134542,-0.005995350649328888,0.0029044768882376323,-0.0010310096742112429,0.015218183767330976
2020-12-17,0.006939149044113758,0.026049087143235117,-0.008321641320073141,0.004596434722349874,-0.005046856531908718
2020-12-18,-0.015977610449241366,0.005777049710755452,-0.004942407674228331,-0.0010270005104038383,-0.01739985718588935
2020-12-21,0.012319059599741982,-0.009690211825231047,0.03685069317997453,0.00013681420213546927,-0.018423182585434843
2020-12-22,0.028067140429731248,-0.0019623968994945578,-0.015333753864613489,-0.01219975348061251,-0.017069201155689193
2020-12-23,-0.007000885365246204,-0.005120539759010251,0.027560968301837272,-0.0068195186621171095,0.012769156831933984
2020-12-24,0.007682725492593049,0.0034820472525749504,-0.00440709883306275,0.0019533190030634946,-0.0040780172539504386
2020-12-28,0.035141369191562986,0.0047111333989553646,0.006563743320945843,0.011914672805328022,0.0033596751565502818
2020-12-29,-0.013404484275390895,0.006182493017083082,-0.0026361865604717025,-0.006355267406131084,-0.011323766825019963
2020-12-30,-0.008563473177764687,0.012315158389105352,0.0027958025883263013,-0.0008317848767673899,0.00796409166846962
2020-12-31,-0.007732283152967664,0.008486286453809567,0.01354843867893078,-0.0002082895307241514,-0.009176363021232089
2021-01-04,-0.02502968870264593,-0.005606883672500895,-0.009488459221493566,0.016375644567123995,0.006769616372023521
2021-01-05,0.012287779794505982,0.011688478079461596,0.005426521661887457,-0.005337123496496031,0.04706752800052625
2021-01-06,-0.034241220272664595,0.009366268072101825,0.045886986819515196,0.006223909286793441,0.025197136438770733
2021-01-07,0.033553721946404456,0.0033730677169127375,0.03231131440006755,-6.816698189886678e-05,0.007814965759419644
2021-01-08,0.008594312574451287,-0.0020600599089571677,0.0011035536980280973,-0.00013626383827219725,0.011059854211052227
2021-01-11,-0.023523338777764507,-0.004195238658212237,0.014813734372361177,0.004491116234845596,0.029904778349142454
2021-01-12,-0.001396401229228901,-0.007810812466554473,0.015596779904776084,0.011341384637840485,0.021960438254674683
2021-01-13,0.016096516496777184,-0.0015193463378680436,0.000926687504781808,-0.010255837339922606,0.011214744787325738
2021-01-14,-0.015242908187462689,0.017329862841893685,0.0058255553654577965,-0.0032606029056531354,0.038290962596746664
2021-01-15,-0.013825622261682496,-0.002180871232557786,-0.018084279675218307,-0.015980486678242242,-0.04929711179339267
2021-01-19,0.005412493282310058,0.01535259297602347,-0.004337042090180787,-0.008679864745244733,0.019642890777929835
2021-01-20,0.03232760805601521,-0.002460735103600347,-0.015109279979856912,0.014676697336418897,0.014028878522575885
2021-01-21,0.03600226468240299,-0.0040107842275737965,-0.008419615154932404,-0.004546265904385895,-0.029088296643224664
2021-01-22,0.015946452672755507,0.011190473933979431,-0.0077432098142725765,0.010165817236918173,-0.014235133202107147
2021-01-25,0.02730734804177026,0.014748378232240107,-0.012561002369579511,-0.0008888707061012959,-0.011237172340467134
2021-01-26,0.0016780156305903659,0.026750784135457763,-0.004095350411419911,0.008920290311327626,-0.022206610658428855
2021-01-27,-0.007713460354593078,-0.015368502170218994,-0.028679203167937338,-0.025194361042475362,-0.011401184940316765
2021-01-28,-0.03561205841842442,0.007595514987214811,0.017444315986395786,-0.0006257050261783691,0.015534926909878568
2021-01-29,-0.038138336526972016,-0.03629766831635041,-0.01112913816836893,-0.02293957615322377,-0.02684428268007756
2021-02-01,0.016384931780124103,-0.0025777932697501316,0.007355995113970603,-0.008721604050666859,0.00178240913166775
2021-02-02,0.00631684068030986,-0.009013514346532674,0.030317960704576246,0.010712754627403504,0.015682370221527683
2021-02-03,-0.007808862674665898,-0.004662159145705661,0.011386310419180987,0.0030501147449194673,0.03847842350701747
2021-02-04,0.025431620240484353,0.009240907041841794,0.022752436017667174,0.009374912258222148,0.01900871579153853
2021-02-05,-0.0031027946241126317,0.015071607855278462,-0.0019550104438048293,0.012758179418367637,0.03297002669241498
2021-02-08,0.0010961294610418936,0.0028540033419342317,0.015533164198644561,0.0046299129979035574,0.04214236710133049
2021-02-09,-0.006595333584540658,0.008152613052065525,-0.004003962274318295,0.005501256703320063,-0.011781120173139906
2021-02-10,-0.004569002648173435,0.003242311317699605,0.0005728697113049278,-0.011725888709698401,0.009631421854904296
2021-02-11,-0.0019221437013084192,-0.0045060905466498494,-0.002796221634805863,-0.0007634353281956704,-0.025357831075580664
2021-02-12,0.001774685135507043,0.003126474560841519,0.014116620411042108,0.0031195361995233033,0.013551300216333915
2021-02-16,-0.01623504208395214,-0.009106269548357656,0.023785639411889208,0.008203206202192581,0.029643389638748678
2021-02-17,-0.017801898963035627,0.003568153687355447,0.0031064155292386715,0.010517056547169683,0.01544522374862088
2021-02-18,-0.008673783499196406,0.00048240560526019346,0.00337110208138988,-0.06700523889121421,-0.015829515964432994
2021-02-19,0.0012327739709680117,-0.01679250392919008,0.016553224659724825,0.004927510575740583,0.006705717369125584
2021-02-22,-0.030251990430326947,-0.0006177295368150315,0.009346413783141697,-0.004709581337772831,0.03619037822732065
2021-02-23,-0.0011117874594246283,-0.008873252278353965,0.007999666208180488,-0.016254791244990227,0.013717483765752169
2021-02-24,-0.0040604518380537545,0.013311493754729616,0.01744226349818714,-0.016823247303640605,0.029532389635578266
2021-02-25,-0.03540189490432099,0.0010452226181640364,-0.013664912270289936,-0.009503544933660847,-0.016717361596696206
2021-02-26,0.0022291837043455277,-0.02677487089248641,-0.026882784133750035,-0.015504472635209628,-0.025244418313092272
2021-03-01,0.05245129244558459,0.005412655212456292,0.02237477406730477,0.011098991089626389,0.036656803219460264
2021-03-02,-0.021115109720167287,-0.0018847606236986395,-0.0032610000228245097,-0.009637675971408162,-0.005868406474086154
2021-03-03,-0.024760514741187185,-0.017764470626741854,0.019147436775183723,-0.019558177208309633,0.007993825171963615
2021-03-04,-0.01593825498978628,-0.02037009206374436,-0.015487575871418434,-0.000470420394228551,0.03801543349369796
2021-03-05,0.010681145528409838,0.01960163386154914,0.0023217841677967534,0.012390637869081858,0.03711542960125873
2021-03-08,-0.042566922970062517,0.008293355875192296,0.013165791703621652,-0.009649793999950976,-0.0009853463403773728
2021-03-09,0.039845184643669464,0.0019040278391919561,-0.007087774906263284,0.007867160308393953,-0.015563155386430648
2021-03-10,-0.009208741894852043,0.009152725779718596,0.02150170660669311,0.025205173487467036,0.030241001753445143
2021-03-11,0.016367895443437093,-6.271616573723821e-05,-0.005235025034720779,-0.0003785109900590611,-0.0074750045430960555
2021-03-12,-0.0076545702734998056,0.002886666758917808,0.01178890163220344,0.01494863801687706,0.010707117223863858
2021-03-15,0.02416247164668243,0.005124368927547418,-0.0050078397266707896,-0.0051576826297859,-0.02582663849223572
2021-03-16,0.012662449280186578,0.005904507942561855,-0.012043522752253247,-0.00030010807072436467,-0.021423402467146347
2021-03-17,-0.006471526408670504,-0.003725168661316862,0.010239881329394213,-0.008356116635307692,0.004388881886969703
2021-03-18,-0.03449315438660031,-0.0018677457812761394,0.016371661995428895,-0.013143091439475993,-0.04407641339650187
2021-03-19,-0.004490375979857125,-0.0026831043074519207,-0.01604966667280087,0.013219129229548566,-0.0056488968061869
2021-03-22,0.027941804405746246,0.0028702351195730624,-0.027246684400682612,0.004770508639833262,-0.010320569200102147
2021-03-23,-0.0069127098196329366,-0.0009351183885075683,-0.010052262498375392,0.011791033079842696,-0.012417762931716326
2021-03-24,-0.02019581750485809,0.009681785022568078,0.007731053518473568,-0.006216163169553297,0.0200795426740737
2021-03-25,0.004154765486585889,0.0003703506139599852,0.01273270961546776,0.006738520673057527,-0.0028439389085073374
2021-03-26,0.005128255144015835,0.01810987158290978,0.016513188442488596,0.00832309437306267,0.026869665139503885
2021-03-29,0.0014838918202433715,0.00670758509708488,-0.015661598773310005,0.011331824206707164,-0.005386329971766804
2021-03-30,-0.01235058250956173,-0.006222279731125773,0.011720354762206035,-0.0068279312432377405,-0.012446515056848587
2021-03-31,0.01859184775760032,-0.004008020965297341,-0.014671976032627284,0.0006627534233562911,-0.01528634648129525
2021-04-01,0.006934576262069377,-0.009291487713125657,0.009675191860569017,-0.0015469576169453477,0.02755863552006532
2021-04-05,0.023303599562285067,0.0036779094371675435,0.005286766573030495,0.027705435194442275,-0.015629462107156693
2021-04-06,0.0024591705562799016,-0.0002445344391665101,-0.007055403502607607,0.004793937960408741,-0.002835708133994531
2021-04-07,0.013301519446152127,0.0013452855209616225,0.0155466221384342,-0.002143724700910328,0.0044273138280241
2021-04-08,0.019051454785903303,-0.003919347225476351,0.001225650588168747,-0.0006439267049037639,-0.010480538315104145
2021-04-09,0.020049187752119346,-0.010610029452462295,0.007450288839025729,0.0005008774683683666,-0.002324141808143117
2021-04-12,-0.013321442570982975,0.0024154861514207593,-0.0021138989574414186,0.00014304923653548406,-0.0066444287603468375
2021-04-13,0.024015599379561166,-0.01345328312530335,-0.011998780605185796,-0.003080561622434958,0.003776782821414539
2021-04-14,-0.018014408794511716,0.0027552613797741676,-0.018866749356605105,-0.00035889732750390686,0.028489586329447803
2021-04-15,0.018535309646109954,0.0029346177517064627,0.00632835895113832,0.006011202510887101,-0.005949096984131502
2021-04-16,-0.0025311815128496993,0.011468559764056077,0.007398493101508157,0.0032055374710169013,-0.005631831477253761
2021-04-19,0.005055739536902209,0.0027699127264278903,-0.004249097688484174,-0.00642120773686885,-0.0031818890460587703
2021-04-20,-0.012913242174665088,0.023028498562963587,-0.022390695293588142,0.007700498802223849,-0.021294398631423617
2021-04-21,0.002925971689473414,0.0006606508050393136,0.008471674832931441,0.0029079278883137783,0.012759417556495317
2021-04-22,-0.011754180629996952,-0.008500115548895824,-0.021282307866841915,-0.010894905734138524,-0.013121540024917729
2021-04-23,0.017877502741356157,0.0020567341964157194,0.018954789384727038,0.0016455206360195538,0.005413398381505679
2021-04-26,0.00297351156724341,-0.008494480692134196,0.0024608313142730617,-0.014326670535809338,0.0019775538959440273
2021-04-27,-0.002452534641979394,-0.005743899025195137,0.004572229987752789,0.003402179129790609,0.013025294436236064
2021-04-28,-0.006045397467160172,-0.007381055373160306,0.006458542285928682,-0.003547188943132018,0.029691415907467034
2021-04-29,-0.0007491533296193468,0.013612221630793895,0.019257498143430328,0.012539862320090335,0.014182109172582127
2021-04-30,-0.01524903627099004,-0.008992858935007621,-0.008931950587687785,0.0020032399822689363,-0.029266958234910996
2021-05-03,0.008181864878510322,0.015125133598762741,-0.002930074931404895,0.015672513475195375,0.02722913383635428
2021-05-04,-0.036026399201709344,0.015376452731934099,0.013728798436628668,-0.009899674381793672,0.006270488507707371
2021-05-05,0.001953443704115828,-0.004180998265238856,0.013035549367112828,-0.0008532485902713953,0.029629537971642472
2021-05-06,0.012721162506462028,0.004002294729270584,0.019924411544607612,0.007115045426539735,0.009467630525587344
2021-05-07,0.005313205245004615,0.004520539313045879,0.0034172272164173997,-0.006044259449334031,0.014196258217816253
2021-05-10,-0.02614338877165649,0.010449691752207068,-0.00012405058172983087,0.00441213012697084,0.0023998872467509906
2021-05-11,-0.0074376455257562065,-0.008196904558318808,-0.016763315825085737,-0.009059513259784616,-0.0323160514705931
2021-05-12,-0.025254860568359405,-0.004034984141008712,-0.006898995127363653,-0.02620946895050044,0.005344125258136596
2021-05-13,0.017761105577078513,0.010409510892509227,0.025397404920908855,0.016777847331836952,-0.012401587230874063
2021-05-14,0.019650335057072622,0.0015284079219051424,0.015422353890181456,0.00921683931100993,0.024486957429580694
2021-05-17,-0.009301594761575592,0.0009986032273956392,0.004016205235199582,-0.004525871753752149,0.023097756243906357
2021-05-18,-0.01130947532191223,0.00035202637497497335,-0.014189025635742016,0.021510813127301506,-0.028708469956364824
2021-05-19,-0.0012822080997916096,-0.002173432615870797,-0.0076677206166930415,7.047958951048748e-05,-0.02428723802535671
2021-05-20,0.020794288171690233,0.005804215794009189,-0.0017390822061593995,0.003516802510250456,-0.0023764647603869166
2021-05-21,-0.014877293876169992,-0.0006431362923380859,0.011314180558464363,-0.0047153728352878925,0.0013586601378798378
2021-05-24,0.013226479314738856,0.003818478054912089,0.005395233567671035,7.055913893862733e-05,0.011642865571486524
2021-05-25,-0.0015748331509998896,-0.002759647012085314,-0.010387233726603445,0.004082904213054804,-0.02290802179598984
2021-05-26,-0.00039429681601539055,-0.005956076412885488,-0.00012379796703436486,-0.001194859778812986,0.011604435164099187
2021-05-27,-0.012453895685856614,-0.0015389865358821353,0.015452209306503779,-0.003381976691532832,-0.006468036347143897
2021-05-28,-0.005362231922587326,0.0026030128873970023,-0.0006697617948932004,0.002396805167367708,-0.0032499325392725373
2021-06-01,-0.00265181581141759,-0.022224510017767415,0.010960440894033585,-0.0026084294883834177,0.03518000993328272
2021-06-02,0.0062563479906166545,0.004039309322991441,5.9908844312348283e-05,-0.0021907663155492467,0.007907880739239882
2021-06-03,-0.012228510525984804,-0.0009630150507739012,0.0006623190747940172,0.0017671242140039954,0.003930612863658691
2021-06-04,0.01884354520412696,-0.0004214513703361441,0.0016234739186081332,0.001763920793383214,0.004403503573388085
2021-06-07,7.946076942946898e-05,-0.006832159882700355,-0.004697338874042313,-0.006719863391664939,-0.006530916320649548
2021-06-08,0.006649915231693007,-0.008835132222746366,-0.003992156910782723,-0.007623061501805697,0.01753594168975296
2021-06-09,0.0030722858738980886,0.013374694737504246,-0.012563442498391976,-0.005377911966785812,0.008334757216044271
2021-06-10,-0.008055727247298928,0.00895818926804981,-0.01571144492377546,0.005735588010094538,0.001594836398555144
2021-06-11,0.009784770149065949,-0.012769611829180023,-0.0006858272282552883,0.006200356054325569,-0.009286043404865692
2021-06-14,0.02428071948315371,0.0024820488528866464,-0.01711479465618401,-0.0013509343973147194,-0.0016097270754817487
2021-06-15,-0.006458690260419755,-0.005335559870266173,-0.015284256165187655,-0.00399190504895086,0.035763369017852174
2021-06-16,0.003926505126869528,-0.00036499039609040113,0.006999673314330485,-0.020567310682552045,-0.003581780042763024
2021-06-17,0.012521682602573997,0.004793164223158558,-0.029284588348603337,0.004147407013114383,-0.033471179372681174
2021-06-18,-0.010142846350096737,-0.01980510349999725,-0.02562902235496196,-0.01868957666709514,-0.025984209163717166
2021-06-21,0.014005597013024507,0.01141760272331853,0.016826028333399034,0.009058791866987772,0.035616580003859435
2021-06-22,0.012618441685066994,-0.0013437978956638468,-0.001463478868516007,0.004608033946384624,0.01899078441114755
2021-06-23,-0.0020921254215147036,-0.006068886662690894,0.006040228251497727,-0.007838928039068164,0.007341020312580072
2021-06-24,-0.0021714348008581856,0.004539854679917826,0.009155795656826187,0.006962817300271909,0.004037847372672761
2021-06-25,-0.0022514876671544024,0.005128300639401046,0.010046944365820985,0.011763307106685057,0.002167480129453997
2021-06-28,0.012468094961053465,-0.0011578206607078929,0.0018162289095566373,-0.0031092394829205614,-0.025849256301470443
2021-06-29,0.011434741875826413,6.122620377974933e-05,-0.0012321537606873867,-0.005809376065512861,-0.00620886856527379
2021-06-30,0.004610887937384202,0.00431907954846531,0.009041511343995386,0.02673308077729388,0.007319239876426778
2021-07-01,0.0022604020985181397,0.007378497890842601,0.009852409355479525,-0.012128048680352414,0.002849362720804101
2021-07-02,0.01940713307779263,0.018033502435025345,-0.000960957455572011,0.005654176691327629,-0.0014235934567092936
2021-07-06,0.014610983271232511,-0.005994965227671914,-0.016934223652244826,-0.0012138888486241369,-0.028908405899132652
2021-07-07,0.01779592171318537,0.008536293142407309,0.0011727187123580227,-0.0016449111036577493,-0.015766655267323265
2021-07-08,-0.009242277685543143,-0.0019498055251246918,-0.017404208350391595,-0.0008592098241567621,-0.004479407307188335
2021-07-09,0.01297051253857603,0.0039546678013173886,0.031498270082733794,0.005073106018753573,0.01796225297194351
2021-07-12,-0.004212672348906003,-0.0015914461947313244,0.014214083846406536,-0.0017832515120077366,-0.0009803852500920042
2021-07-13,0.007858534839735762,-0.0012400314535359485,-0.014985021983658,0.0037773201188210986,-0.00475221417001317
2021-07-14,0.023814655614817846,0.006770671202395215,-0.003410710777786989,0.006876526444823483,-0.022424359745777105
2021-07-15,-0.0045024932593362545,-0.012102053354696355,0.002189231219593231,0.0007766271717483917,-0.009790795275971115
2021-07-16,-0.014175662864287049,-0.0016049205611363528,-0.02310019062491107,-0.0007061411168150572,-0.028039972391126912
2021-07-19,-0.027283273982889263,-0.00728369646600012,-0.03305997551805722,-0.002334121527778572,-0.03497303998412625
2021-07-20,0.025642291390385964,0.009363786746282323,0.018472013532631632,0.004521555153606173,0.010960483477004035
2021-07-21,-0.005145064809945179,0.0061550811100931,0.020822314855354733,-0.004946314241274668,0.03165928785548708
2021-07-22,0.009582893576338718,0.002886786641184707,-0.012706349217448152,0.0007080912751697542,-0.011317277672628344
2021-07-23,0.011917559363295823,0.010592032478933318,-0.0019233237503464362,0.008177699651548935,-0.0012263537478433633
2021-07-26,0.002890451025076354,0.00046550674977992117,0.006682272803602425,0.001403080839283923,0.024932182977806503
2021-07-27,-0.015012520215003069,0.004585945336284013,-0.0013193683574643925,7.012382258314477e-05,-0.01117723603745334
2021-07-28,-0.012271034881229863,-0.002783996912513387,0.0016490811238580806,-0.004074385203633161,0.00672117939465671
2021-07-29,0.0045421990427757285,0.0,0.008532900038289593,0.0012661054537140405,0.012121446472645158
2021-07-30,0.0015094572894914884,0.0001164408780957042,-0.008005494481856272,0.0021773313599094232,-0.02334880116339577
2021-08-02,-0.002333514288931268,0.00040651425555204683,-0.004027195166611668,-0.0023178064203150995,0.0001737520730598155
2021-08-03,0.012564887845634419,0.012231054681435509,0.011313616055580055,0.011187330841942372,0.010709968569743374
2021-08-04,-0.002786309268091178,-0.005923890092348322,-0.010850674898019658,-0.006837473646592501,-0.023644994710184657
2021-08-05,0.000748178827037536,0.0019017133402531629,0.012549840369938553,0.018382213531666625,0.006313632056983687
2021-08-06,-0.0047783487661671314,-0.003344878589622821,0.028007864787330587,-0.0017886202437259091,0.011472401162236781
2021-08-09,-0.00034197174558872633,0.0034599007945220993,-0.0010802780245125054,0.0024071587750723513,-0.011472401162236696
2021-08-10,-0.003359761256111548,0.00034549509938212067,0.012192826412231588,0.021070541618584925,0.016987769101402296
2021-08-11,0.0017837245702366754,0.00017285512427462428,0.011859697406694188,0.008905691591376807,0.002917698434453905
2021-08-12,0.020560794778817764,0.008022673769146732,0.0039015888265663185,-0.0026797682634926243,-0.0022643930029904087
2021-08-13,0.001409484939848832,0.005975122411603512,-0.011250691283159253,0.003148022875424652,-0.010164583855703634
2021-08-16,0.013456659615971417,0.008981029104337571,-0.006584969578939272,0.008125704420745138,-0.014728519961533753
2021-08-17,-0.006172712318849679,0.009123760853107683,-0.012154530432513414,-0.0003317150669145698,-0.006816057947919902
2021-08-18,-0.025832139686913703,-0.012785326201630118,-0.0091490948440159,-0.010674055194100624,-0.02128294674047576
2021-08-19,0.0023204036513847018,0.0077579082914911,-0.008390911765479812,0.006751419970597177,-0.03099598615374968
2021-08-20,0.010105691141449906,0.004860220933614951,0.00284745872395626,0.008887085799904663,0.00018954260168923848
2021-08-23,0.010205134752190441,-0.004325943390951714,0.01271632170085743,-0.006624678444514576,0.04032143112901296
2021-08-24,-0.0006016593267892849,-0.012578242011217456,0.006171256446904125,-0.010355967446300945,0.008161807798236274
2021-08-25,-0.008456822790761032,-0.006635560174881221,0.020402942589368332,0.0004031174579988606,0.001804660242840708
2021-08-26,-0.005542640803239788,-0.005352118227594148,0.005144758817896259,-0.010867288856572059,-0.013615551272295492
2021-08-27,0.007158992677517312,-0.0021373882338521647,0.008004840703320616,-0.005648815817499264,0.01918972444780654
2021-08-30,0.029963679996388135,0.0042125297468524866,-0.01613678682933472,0.00802135455552379,-0.010998283407410894
2021-08-31,-0.00846032172393734,-0.0030565627096093284,-0.0030589474734211784,0.0027045746207120095,-0.011670201600862748
2021-09-01,0.004468394858355511,0.003517266926514574,-0.0014387939853487755,-0.0021633050285299973,-0.013851933807012055
2021-09-02,0.007447224640805313,0.006825537768109062,0.0046224353083184145,0.0052642956146529895,0.024070910382310427
2021-09-03,0.0042216484268749795,0.0006289794902667814,-0.006063519249181747,0.004634019579179699,-0.003820034056474304
2021-09-07,0.015370130867976084,-0.015661319134523705,-0.0017570053982760598,-0.01335522117128316,-0.00584883303316639
2021-09-08,-0.010134424691760147,-0.002440405929542957,-0.004469615413005851,0.0012891587632340791,-0.009208236027130704
2021-09-09,-0.0067275180024775364,-0.022532406863685305,0.004343833881022973,-0.0070777463455767645,0.0007397032352792151
2021-09-10,-0.033662120314407816,-0.006566122215772534,-0.011562307805890005,-0.0036260949908589134,-0.002035733534474707
2021-09-13,0.003885871408861875,-0.00703219231890548,0.01576220812844868,-0.005705340082856369,0.025424347197675844
2021-09-14,-0.009608097274159969,-0.006049714352918644,-0.017606758929289205,-0.005253016701336494,-0.0143704404021751
2021-09-15,0.006124772349943183,0.0037550770200855664,0.006915609387784965,0.0017309247103048863,0.03315635416957978
2021-09-16,-0.001611789967000705,-0.0012094531968043722,-0.00044279088456149657,0.0033151345585139933,-0.010691474838862222
2021-09-17,-0.01851843951564925,-0.0028488807065443164,-0.0025968231510773935,-0.0020708391899654285,-0.011894427684687011
2021-09-20,-0.021592495495628448,-0.005722011783134156,-0.030390910065169606,-0.013844758064422737,-0.0270110727536145
2021-09-21,0.0034218510372181696,0.004385649447592215,0.00013045205385532493,0.0019592237518584552,-0.0009317976273904297
2021-09-22,0.01673190902813113,-0.003653406558431276,0.01897182450559989,-0.002309898022337423,0.028849167610409284
2021-09-23,0.006697027724281664,0.005657493810165254,0.033242740935006086,0.0005606955639623191,0.033309538199302886
2021-09-24,0.0006124493349687783,-0.0030378486832023186,0.011474065511012375,0.002797580505801877,0.008895373056719582
2021-09-27,-0.01060579355228488,-0.007266300615331572,0.023878286098496362,-0.006446663304953586,0.02926011396387518
2021-09-28,-0.024089178592702938,-0.00220869694696066,-0.005404294014529384,-0.012378545525749603,0.01040088335439107
2021-09-29,0.006462149095486795,0.007404156206178165,-0.0007829762192235151,-0.00042730912683729296,-0.000667405225821667
2021-09-30,-0.009355487167491107,-0.015483250564914732,-0.013712518565589586,-0.007576099895322577,-0.017860835029543942
2021-10-01,0.008094337480139368,-0.006398132070340545,0.020797551053066146,-0.016858370822947673,0.035243766913492874
2021-10-04,-0.024913351256029406,-0.00781990094850362,-0.0010775564706132811,-0.009678163663597791,0.01288238507601429
2021-10-05,0.014058863973516815,0.0022584414934351997,0.016198521188548386,0.0065358668969841835,-0.0016214726313023083
2021-10-06,0.006287494602552926,0.0020658583058698623,0.0021319903216969675,0.007293118784927252,-0.01850841856220782
2021-10-07,0.00904335137198444,0.008902772057824858,0.006310828948615702,0.011702658461110843,0.0028063109119727133
2021-10-08,-0.0027255134613330977,-0.0025444494552236217,0.0007640979415135546,0.0030119083741994915,0.024749012445106636
2021-10-11,-0.0006300125449793983,-0.004234313545446187,-0.0212560475623999,-0.0009312758667154461,-0.010021243859113967
2021-10-12,-0.009144304417996203,-0.01610416544668783,-0.007710916510970588,-0.0010757421639609353,-0.005211629087572388
2021-10-13,-0.004249312458498175,0.009530225694295484,-0.026720500055479813,-0.0072728007992153764,-0.0027797697853668884
2021-10-14,0.020023912870272286,0.005699848961958827,0.015224878072253376,0.010782290886492308,0.015113601711116812
2021-10-15,0.0074845858637013225,0.007404660856258443,0.01902632179938194,0.004849624856446712,0.00947113306858312
2021-10-18,0.01173682253375207,-0.007342200455584208,-0.00036022124020106626,0.008007734248913802,-0.0004795735679084097
2021-10-19,0.01496755588790145,0.02314980045843309,0.012055604812395848,0.021022539258430742,0.014914136268145611
2021-10-20,0.0033555919383765616,-0.000549520441856652,0.013376479897135583,0.009013213786564386,0.00549650264062968
2021-10-21,0.0014727668102975076,-0.002322864225905111,-0.007874485128464628,0.005532629440977363,-0.01833470168280008
2021-10-22,-0.005298864698503856,0.001956635208459395,0.013361508360558768,0.0103678626541995,0.00683585414211662
2021-10-25,-0.000336211266328565,0.0021964342640170076,-0.004901729418569262,0.011528117474225785,0.01929904472074461
2021-10-26,0.004564388002928861,0.01012673453915085,0.0026872059153637095,-0.008768199333399996,0.022890655295603378
2021-10-27,-0.003152744371381385,-0.012200898971285385,-0.021048345937823423,-0.008235491013660402,-0.026315412984755232
2021-10-28,0.02468477366252804,-0.005450303901703335,0.014962081225160438,0.006216656597365027,0.002803100454509151
2021-10-29,-0.01832256293332808,0.00018410951778098474,-0.0027626164860455405,0.006512916602047585,0.0024849480997066378
2021-11-01,-0.005623422841386975,0.0008593397352371227,-0.0005297929726426791,0.002473346110646354,0.01783269246859408
2021-11-02,0.007090571334795799,0.015641684572890953,0.003938037379461996,-0.0004676857050258901,-0.01241859473456882
2021-11-03,0.009751182653648978,-0.003205550523452142,0.00035204005151801893,0.0030678949137453154,-0.013825353113199575
2021-11-04,-0.00350475461532422,-0.002790992383465311,-0.013222713307349558,0.007297844080244261,0.007480149784919295
2021-11-05,0.003576110330046335,-0.007133272716639942,-0.001427261921578136,-0.00696522395891633,0.009425873445989783
2021-11-08,-0.00556842430693317,-0.0034326106663442927,0.005992368256933353,-0.006410761011304414,0.010708319638607378
2021-11-09,0.0024566788031623664,-0.002213094022013886,-0.007600015618562788,0.0034779316812568145,0.00969138185615165
2021-11-10,-0.019349392670175363,0.010772254687557572,-0.0009544478431410127,-0.009053559043247143,-0.019897321223571546
2021-11-11,-0.00033810302556713177,-0.007393382429924732,-5.93755933567807e-05,0.00040403822140659115,0.0018675235484109881
2021-11-12,0.014235196079960127,0.011887786865508815,-0.004484776579687659,-0.004995875406878934,-0.007648454164764579
2021-11-15,6.686133523944295e-05,-0.009070472260652676,-0.001799598808400597,-0.005769005784318865,0.00858118841297518
2021-11-16,0.006644519959180139,-0.005211924883681651,-0.007230644858859659,-0.025787420904132524,0.010047039354496166
2021-11-17,0.016355592280908313,0.0037429044782687788,-0.005396806218097034,-0.00862839402827602,-0.01097977360270669
2021-11-18,0.02813652483782841,-0.005403902541476467,-0.008671221933586123,0.008558615767392506,-0.010944346030284283
2021-11-19,0.016833336505288683,0.0030127380128380024,-0.013149785783758604,-0.005393076375709996,-0.047321376211077286
2021-11-22,0.0029232429150210784,-0.013249357187026856,0.02109105633406823,0.01664549078071203,0.013750481468516996
2021-11-23,0.0024191372964446874,0.006179465818399843,0.02363106495048425,0.007089039073701954,0.025996252972065884
2021-11-24,0.003278081794006361,-0.0028038284284650004,-0.007875019323481667,0.004994183234149126,0.005528927767982154
2021-11-26,-0.032190912865153624,-0.006511829950982046,-0.03059026610860731,-0.011254557247169698,-0.035761072892119335
2021-11-29,0.021637888887840233,0.003449075123779891,-0.004332066843772037,-0.0157901558799228,0.005535546777041304
2021-11-30,0.031089217280075916,-0.02420261119785589,-0.014997592659635699,-0.014121244701960998,-0.02882517251215615
2021-12-01,-0.0032115315133836478,0.013693793334288325,-0.005935622542329943,-0.025130190857965126,-0.0008358546492558903
2021-12-02,-0.006148586263801088,-0.006282366044342368,0.020809327142451817,-0.012252108814661194,0.02461510884390803
2021-12-03,-0.011793728641958734,0.014472525245706648,-0.01827924589359394,0.014946362992534106,-0.006384682642523365
2021-12-06,0.02127480248247353,0.022090763156421542,0.011744565573650329,0.010777230411932869,0.011268190952475466
2021-12-07,0.034832540073613194,0.002574130774986178,0.01493529482819552,-0.003242340213362585,0.011142776386812136
2021-12-08,0.022527439947419917,0.0059812978077571225,-0.011507199836589196,-0.010156392021120174,0.0028864032249517222
2021-12-09,-0.002974677333777853,0.009447654622102284,-0.0015567585708434828,0.013813646384096137,0.002558931108844815
2021-12-10,0.02762841592067747,-0.0024744185117983805,-0.003996419247804727,0.018102055860283132,0.006368149262024156
2021-12-13,-0.020891124284122937,0.01772812314824134,-0.01195961290811644,0.017850001170472474,-0.022144473586532574
2021-12-14,-0.008055356127404906,0.010864098855390044,0.007632879499962926,0.0094973586340757,-0.0014614716764267358
2021-12-15,0.028110268068337878,0.004978944112499476,-0.007506192930420177,0.005710191765273733,-0.004397201090994447
2021-12-16,-0.040055584932657054,0.0108674529340196,0.015517788564798745,-0.01681073430631202,0.00163089974980571
2021-12-17,-0.006523116480244698,-0.028017264402193896,-0.023017152032026943,-0.03254566917216055,-0.022076555953611975
2021-12-20,-0.00815497221908273,-0.0028574314841165807,-0.018152994786108306,0.003238136250895183,-0.014598887322504655
2021-12-21,0.01890708600091535,-0.003224165801715761,0.01386969344971787,0.003012615032254922,0.022397826593190232
2021-12-22,0.015202537653023679,0.00429647801136813,0.003900441330214644,0.001288335179344701,0.008066555246380787
2021-12-23,0.003637217650278667,0.001903855141694066,0.003567381005484127,-0.002219968130508388,0.0004917887228058276
2021-12-27,0.022714812171654754,0.008404482369622617,0.005706684420697293,0.00906348378522864,0.014156802495315311
2021-12-28,-0.00578391484359929,0.004000018252210265,0.003030265067250815,0.0142487006609196,-0.003236700282244763
2021-12-29,0.000501909041832844,0.007019400922159008,-0.0005043888656721676,-0.0004903005092860179,-0.008791930354937222
2021-12-30,-0.006599862204133965,0.004420304145747766,-0.0005048603213187124,0.003217921801503719,-0.005904649019591695
2021-12-31,-0.0035415659487720843,-0.007222358443364526,-0.0008202907392232428,0.010560908807243995,0.0065583298137025835
2022-01-03,0.024696425441874614,0.00274352530791704,0.02093469070956268,-0.0002765276018292677,0.03768584307253721
2022-01-04,-0.01277265274276265,-0.0026849374156944685,0.03720908174499717,-0.018489923165528527,0.036924059198042695
2022-01-05,-0.026960359800514755,0.006641235031831348,-0.018451359988170875,0.013430511379235694,0.012360786426703815
2022-01-06,-0.016833852758700397,-0.00343158967669613,0.010568149528371172,-0.002783218777047103,0.02324829680263758
2022-01-07,0.0009879213964976497,0.013426614283959509,0.009859238987968871,0.009500482833012984,0.008163193750072555
2022-01-10,0.00011576700324910302,-0.004955819677644539,0.0009567852095446079,-0.0019344563601686124,-0.005970000881465771
2022-01-11,0.016644679327431456,-0.010687209944012748,0.0010156523698540295,-0.00283925434117897,0.041201436662134
2022-01-12,0.002567058971650653,-0.008562405324203297,0.005655826611474469,-0.005284245142658934,-0.002947543329404536
2022-01-13,-0.01921173829908214,-0.006084633721378743,-0.001247554800939703,0.014052899180596604,-0.007194844656423057
2022-01-14,0.0050979458736856225,-0.005466545553244366,-0.06343351069303359,-0.00282244536967937,0.017403877169868867
2022-01-18,-0.01907497649055905,-0.00441842983528181,-0.04283260579917909,-0.017664937384401714,0.01669595540717947
2022-01-19,-0.021248873490175707,-0.0031168009718696814,-0.015590017896442088,0.009914023579949032,0.0004102622815307696
2022-01-20,-0.01040118689149905,-0.00801629079805698,-0.00856363110290864,-0.01907745324143483,0.0021862884306569235
2022-01-21,-0.012847267405223062,-0.002302191381981373,-0.0176269488694198,-0.007320345914307074,-0.01512683388771114
2022-01-24,-0.004876099964809852,-0.01159134962611566,-0.0008966409323094273,7.131694091079346e-05,0.008554007891106483
2022-01-25,-0.01145003334839956,0.028193231233589324,0.010841447016812595,-0.02199464486090843,0.02897614618690925
2022-01-26,-0.0005631036606674436,0.004464122211830332,0.009441290782678772,-0.01026026977918456,-0.010194781003518677
2022-01-27,-0.002947624814984182,0.013039547983795906,-0.017802386368544126,0.0006627389552910511,0.012727065257142163
2022-01-28,0.06745055013925752,0.0070101719614782225,0.008906661992321003,0.012291475763343983,0.0021277320766038763
2022-01-31,0.02579069571229283,0.0029058728054761427,0.013482720800963629,0.01651512956843967,0.008992426308507707
2022-02-01,-0.000973429808893489,-0.00821728730769726,0.01701426662851621,0.007837236532392622,0.06214136090298584
2022-02-02,0.007019512083431195,0.01099972982062891,-0.008037601359500695,-0.0004261655364456893,-0.0026015065308470017
2022-02-03,-0.016861304991187695,-5.7913881469042674e-05,-0.008304249827504908,0.0009934727647009243,-0.011728386526571497
2022-02-04,-0.0016805420426364596,-0.0065624122778030715,0.025626924247488077,-0.011843872222206842,0.021479719685083446
2022-02-07,-0.00424360821413655,-0.0033266207704599773,0.0033375330352373,-0.009881043334196402,0.011966178300967655
2022-02-08,0.018298408380711555,0.0026272200076808243,0.01863993719995447,0.00021695355348742195,-0.026192915511383724
2022-02-09,0.008259538238368069,-0.00011658048414229686,0.004159528563979737,-0.0021759746275268315,-0.004798812225238042
2022-02-10,-0.02388177077383497,-0.012144447941225659,-0.004159528563979659,-0.011762112338232485,-0.009666587375419113
2022-02-11,-0.02042575746867777,-0.010144532107926627,-0.01310246108352209,-0.005526650873858944,0.024867140713158944
2022-02-14,0.0014223023529169457,-0.012660688771803515,-0.009333853890404642,-0.010249682251445687,-0.015453495390985351
2022-02-15,0.022888546305589313,0.010272915329194336,0.014517980068086668,0.003130687040976527,-0.01261390610036185
2022-02-16,-0.0013900048580562368,-0.0005976789081122343,0.0018079261046836897,-0.006271115202518248,0.004605037805558916
2022-02-17,-0.021498541447533173,-0.006118914423704179,-0.023301433968118075,0.03928400191016387,-0.0015329221685884663
2022-02-18,-0.009399804768884041,-0.010776789645366516,0.004677691476621705,-0.006429153657558168,-0.01118294559564207
2022-02-22,-0.01797282560506323,-0.013682526382637842,-0.0017762377350755698,-0.011222720996061171,-0.011702354227564835
2022-02-23,-0.026204498162376223,0.0004963458933157931,-0.02116122665633674,-0.010313358857046987,0.004046195849842235
2022-02-24,0.01654276976679955,-0.01928926148881267,-0.028238122387582602,-0.0038575538122366396,-0.012715773406493215
2022-02-25,0.012881924237236532,0.04850698066439474,0.023383972628191845,0.013657683030276743,0.026557130613742014
2022-02-28,0.0016365006187528894,-0.008651719055296792,-0.04259187152705981,-0.00898581824448597,0.0074238178429188945
2022-03-01,-0.011696058660247711,-0.003469694918106397,-0.038459522475067016,0.006122290565845676,0.009518555025684298
2022-03-02,0.020379335623191285,0.01236240409971229,0.020528204754012225,0.0012491852027359514,0.0170320006648097
2022-03-03,-0.0019834268431761694,0.014588359079989954,-0.007133634784705795,0.022727302858573835,0.006312988445955879
2022-03-04,-0.01857966285524529,0.00591790270305091,-0.02853239012934713,0.02502708595786529,0.036944843103570615
2022-03-07,-0.024003431751751108,0.01597960205712242,-0.03938144618453433,-0.008084574226753148,0.03539920313655561
2022-03-08,-0.011744882855676687,-0.020474101205256084,-0.007067557836097863,-0.020898942098480228,0.0075471244718274206
2022-03-09,0.034399049886799954,0.0037861399228457733,0.03928051682852775,0.0051762997614023705,-0.05852645555575729
2022-03-10,-0.027562666484073246,0.0017697029107212438,-0.011911249928292006,0.022475959055093295,0.03057040485953644
2022-03-11,-0.024198928484208855,-0.0018288151613228942,-0.02278136860697684,-0.0039339755375866065,-0.005168088635893983
2022-03-14,-0.02692178461515858,0.01372304806294607,0.009881957986124776,0.013840729152851249,-0.03645471481171688
2022-03-15,0.029245631049988844,0.025588554435043775,0.0175906083537698,0.011938044589103136,-0.05859636778754111
2022-03-16,0.028602286954009428,-0.009239831402526318,0.04371611443241709,-0.002953750171194504,-0.0037624736755088872
2022-03-17,0.0064332352980618745,0.012980019228714614,0.01256523286366272,0.0015180178030130135,0.026298700145066457
2022-03-18,0.020703130785941895,-0.011147974541392627,-0.00035678415193568616,0.0029610775923249247,-0.0039327525101013625
2022-03-21,0.008501626126207943,0.00564621262790454,-0.0032171044923718288,-0.008354477747336327,0.04389340620260259
2022-03-22,0.02058730268920592,-0.004731496879999325,0.021044643253204525,-0.0029857884906821426,-0.004389310507698677
2022-03-23,0.008199678443610792,-0.003778930110092763,-0.020114111093892308,-0.012948567312367603,0.01563950657328767
2022-03-24,0.022424859604584707,0.005149239149400095,0.006489167348268887,0.006180314576815469,0.003002789889246111
2022-03-25,0.00372682601919113,0.009541412306559869,0.008704665548284585,0.004331225976406055,0.021593041686078968
2022-03-28,0.005024063781434968,0.0051303410614188,-0.007425988095950773,0.01762041251157145,-0.028452838355315778
2022-03-29,0.01895353565642338,-0.000506491780823518,0.002197618483302327,0.008389077591986002,-0.005327442537055026
2022-03-30,-0.006671724089878902,0.010354862761962333,-0.004543222315557221,0.017772346620605717,0.016973153751224507
2022-03-31,-0.01793559480332419,-0.013228079536884579,-0.03048687386746643,-0.006359059890817952,-0.014305723646873979
2022-04-01,-0.0017195000303235517,0.005401850637367197,-0.0074365124917956,0.013936743657222826,0.006396946150494096
2022-04-04,0.0234171146358144,-0.009699290983911367,0.004424213422753122,0.00019888365111903297,0.00048095257493725924
2022-04-05,-0.019123717416924965,0.0064393523220480295,-0.011705653493420516,0.002842710045923997,-0.005184091587781636
2022-04-06,-0.018623013316371576,0.025679316033497043,-0.013971358168057092,0.022973017927354986,0.011059212087981473
2022-04-07,0.0018021205232830074,-0.002582654567758678,-0.003046671793017691,0.009951119980757268,0.016597716385335103
2022-04-08,-0.01197999105122067,0.0019785582746573577,0.018142524359860347,0.0055422468083408515,0.020828144106183062
2022-04-11,-0.025847263883633582,-0.01259788226331539,-0.0036775549288699397,-0.020020090970565462,-0.03503787036295953
2022-04-12,0.011457598552178584,0.00033355448638648774,-0.011037922084267165,-0.0068938951707245245,0.02065565668431279
2022-04-13,0.016210204490487008,0.004215389590808542,-0.03276479193375927,0.02570616122616358,0.014036527555442078
2022-04-14,-0.030447065323652517,-0.004215389590808503,-0.009312432489391221,-0.000890898530764951,0.011681448685782745
2022-04-18,-0.001331853357536276,-0.012529595088448309,0.018383688254068917,-0.007668863507072148,0.008164376624363583
2022-04-19,0.014016488594418876,0.030051681560088354,0.02049527265617237,0.011291037037702482,-0.008961695331428446
2022-04-20,-0.001015819133184142,0.004414275968095693,0.0035020602296707668,0.012481234527632746,0.0022761816422744233
2022-04-21,-0.004855641668063825,-0.002886180196208563,-0.0077821258402113146,0.001502430467415371,-0.010629138105585101
2022-04-22,-0.028215515032049034,-0.009975525260059449,-0.02914305224590522,-0.019007207343638786,-0.02207356151197598
2022-04-25,0.006714777704630868,0.024324585120338492,-0.00031535973727528615,0.0005098299136687173,-0.034294623701194
2022-04-26,-0.038042784370238864,-0.007176037037342113,-0.03002747271691556,-0.010504989388919563,0.0003648034288628633
2022-04-27,-0.0014677884075508317,-0.014068440920149862,-0.013091522065455188,-0.006848827789626362,0.02815744796528461
2022-04-28,0.044165584667315065,0.007440675359484332,0.015689302354564595,0.012691355645259708,0.029797147392572644
2022-04-29,-0.03729124619642114,-0.016487585741096926,-0.03280064495111867,-0.02082869169381106,-0.022616116886221588
2022-05-02,0.00196435135856752,-0.010136454114449316,0.009090544449814459,-0.00662352583889547,0.013515658799811491
2022-05-03,0.009576382631111473,-0.0019612799915320503,0.021193590154695782,0.0034812771512203176,0.020389989802130946
2022-05-04,0.040190041347796905,0.010656178163323279,0.03254596871394606,0.013740129098084003,0.03902862669712281
2022-05-05,-0.05732848085451833,-0.019274616643045566,-0.025338036693526356,-0.00860481553834232,-0.015273936606636415
2022-05-06,0.004715859589266809,-0.00220878651273777,-0.0016153057067733324,-0.021039552105276128,0.01516498905152073
2022-05-09,-0.033752506783748984,0.0054283148602644665,-0.015148124055839728,0.011633068229889432,-0.08213523495580387
2022-05-10,0.015983659771110794,-0.0013544409753960837,-0.024674164385128556,-0.01417710432916378,0.006608216113786054
2022-05-11,-0.05323313313607753,-0.005435593869629744,-0.006328147319596866,-0.010512183244300127,0.02060503337309923
2022-05-12,-0.02726253410496088,0.009830592784737802,-0.000846877735819013,-0.0009488542980822344,0.004529211786502202
2022-05-13,0.031417766665612454,-0.005751178953176622,0.008855827560901343,0.0038573841155638586,0.029232725526856813
2022-05-16,-0.010729771163293236,0.0069311475369988,-0.006993828783440666,0.0010801822904460661,0.023247723110580525
2022-05-17,0.0251049400831847,0.004146903524525254,0.03260987569980017,-0.12076488630970582,0.012673635583302579
2022-05-18,-0.05807350262868252,-0.018740864292101034,-0.01725401024185517,-0.07032576691232312,-0.015977665181026245
2022-05-19,-0.02495000051167674,-0.008928598437901685,-0.014933088809953227,-0.027827968326878526,0.00539101687150393
2022-05-20,0.0017457421453240995,0.017326249719985278,-0.008232653043942252,0.0010914641809955325,0.007868904831359961
2022-05-23,0.03933553334693515,0.02020935422681585,0.06003289671899269,0.028124116577515387,0.021858129757814423
2022-05-24,-0.019403221657804923,0.010863819867609958,0.014026394637099466,0.012402328768837415,0.005417224472291517
2022-05-25,0.0011395481698855793,-0.009860952188057737,0.006940203187109717,-0.006141570841472723,0.01992724797114958
2022-05-26,0.022934142970883135,-0.0008911431918305716,0.01714226726230408,0.021093981447640502,0.0035244081351161432
2022-05-27,0.03994827517236389,0.009041741389383582,0.014038811865460776,0.019491390740299156,0.009782071184176766
2022-05-31,-0.005360635652226069,-0.008651906319386607,0.0072863686646188605,0.0011669047829234085,-0.016426573312254233
2022-06-01,-0.0008738213588831776,-0.010189209046572932,-0.01770091243503059,-0.02503307206355315,0.01898512854448053
2022-06-02,0.016671667875019763,-0.0031561433213346804,0.01596024739902424,0.016287772361023137,-0.0017390835323959053
2022-06-03,-0.039318674807080095,-0.004129250503977495,-0.014037374621790147,-0.017324254738020742,0.014433957824885244
2022-06-06,0.005214049474696214,-0.00011345466491068955,-0.0033091635641051133,-0.003597351280974691,-0.0025257949327656608
2022-06-07,0.017432957457364152,0.010937595242499742,0.0026173291537752593,-0.01208537124933758,0.0448124433603253
2022-06-08,-0.0050560066974217515,-0.005961221628234911,-0.01604249781796901,-0.008710925482557067,0.011733090637041402
2022-06-09,-0.03661811842128513,-0.020343188241080522,-0.021239530040938297,-0.010521113147193763,-0.02184510960625168
2022-06-10,-0.03939446852167033,-0.006700291473055892,-0.04705612044112455,0.005603090028966118,-0.018443252662786944
2022-06-13,-0.039036550722378646,-0.010135070512442418,-0.030230562893284532,-0.018996041141518993,-0.04697526810571182
2022-06-14,0.006650092298586187,-0.015457703287453614,-0.01677963847684927,0.00041866968924739206,0.002604758150418956
2022-06-15,0.019912049860579144,0.010645626171444825,0.011766669002833541,-0.0006699354886797354,-0.012670887607281278
2022-06-16,-0.040458968088053666,0.0005290296134523719,-0.01730508193445802,0.010333450707776661,-0.03758221098310297
2022-06-17,0.01146720554336995,-0.003651921376070788,-0.003532761710443677,-0.019505724267853332,-0.059394319843796665
2022-06-21,0.032235290153294946,0.02073232948086067,0.024470455826454046,0.03227411542784176,0.06037861528333251
2022-06-22,-0.0038346116009956295,0.01565651031336675,-0.005627511075885604,-0.01218816036397888,-0.040375760654847756
2022-06-23,0.021344217300305942,0.02206040496633933,-0.010999657094088362,0.02398729737131563,-0.030625649652905953
2022-06-24,0.02422149414541541,0.0145327043983639,0.029408739086011042,0.0008083729605379708,0.019638856876960865
2022-06-27,0.0,-0.0009332682741076226,-0.00804457650696385,0.0032279432739813676,0.02421560429634404
2022-06-28,-0.030242163718876225,-0.028854908209122204,-0.004823535966866711,-0.014199603989391033,0.02736561393236111
2022-06-29,0.012939806252229567,0.00028250399473968453,-0.004499553875912618,-0.003684036022252351,-0.037639307467551286
2022-06-30,-0.01819205668719058,0.002933901880463269,-0.0236070531877443,-0.002792465663919257,-0.02854742920586075
2022-07-01,0.016035055892040496,0.011259521088164606,0.01270650331841924,0.008598779017824187,0.02205763505693263
2022-07-05,0.018753203714645363,-0.0077171815937485955,-0.0038109176203023863,0.013124309269468077,-0.031796398306703985
2022-07-06,0.009561522223001617,0.0008979367902182828,-0.006503175369670533,0.007057373351315148,-0.018205051025001407
2022-07-07,0.023716092313628014,0.0011213124310401488,0.024978144404105024,0.0015173269993822443,0.031440896884086786
2022-07-08,0.004703671140121118,-0.0012333777166668495,-0.003143009243425206,0.0006379993724978136,0.0016277688523849787
2022-07-11,-0.014868045119132093,0.00039251129118660316,-0.013203341156192431,0.00039848300449969547,-0.005124851461698981
2022-07-12,0.006810465353166246,-0.014116611597895292,0.0009742565755634807,-0.003033519999645731,-0.01340089263567005
2022-07-13,-0.0025397252550554642,-0.002334237133009771,-0.009427190214568861,0.002396063075783513,0.004015898451070635
2022-07-14,0.020275662107805802,0.0013670677461994178,-0.03556375887230022,0.019353419201991885,-0.020241363057797404
2022-07-15,0.011385106035808782,0.014410617015390209,0.04481391594091288,0.009731953494516759,0.016698858940155638
2022-07-18,-0.02085942907425981,-0.02269848523633721,-0.01032304750396481,-0.002327015851598841,0.018284628311949127
2022-07-19,0.026371022298544582,-0.01468566917475024,0.024476370457658707,0.006116263515273687,0.02489105794717761
2022-07-20,0.013419230583267616,-0.005724354142360203,-0.00017428232143698456,0.008301319522140846,0.010928986180774003
2022-07-21,0.014981606593806842,0.003508604804611572,0.0067866305971903415,0.014514363280415266,-0.01683749243723229
2022-07-22,-0.00814382935630016,0.004717098372422167,-0.0048678974600545565,-0.0025683244122207192,-0.007664778905424111
2022-07-25,-0.007425707496630896,0.001973453568294476,0.004000324494637084,-0.0014379225075207482,0.03276030231141086
2022-07-26,-0.008865414038604413,0.007049153254524878,-0.015745600882154143,-0.07909659929315407,-0.0038972637134977854
2022-07-27,0.03366174803945154,-0.0027676560806603107,0.015919292408556315,0.037096590486207275,0.02141336213125246
2022-07-28,0.0035652995346759004,0.005757388961774654,-0.0037385797320495704,0.024655963556471275,0.011617248792912465
2022-07-29,0.03226678681666486,0.0018352357887317658,0.004779294289036486,0.017570709536237263,0.04526831797892716
2022-08-01,-0.006172579534588583,-0.0035015489567112187,-0.010018852014453147,0.003704258019154572,-0.02560086725204411
2022-08-02,-0.009330609438780068,-0.005708995091273787,-0.015708072612546555,0.001055571725740326,-0.004349094775817629
2022-08-03,0.03753443076248185,0.00961151017763496,0.010440843269962544,-0.01656722771292607,-0.03295972861923477
2022-08-04,-0.0019281438007124623,-0.016167692885101937,-0.011063761046899516,-0.03850948242135632,-0.042989813948586024
2022-08-05,-0.0013899820874629808,-0.00396604771618307,0.029811283016234775,0.008011336186730946,0.01434762402911295
2022-08-08,-0.0029073003502140212,-0.0053325026509131864,-0.012255300759582144,0.008103774366831917,0.005637198000010313
2022-08-09,0.00030322273923596375,-0.00011750002035889321,0.008967195179671338,0.009825555320766276,0.018269289161495988
2022-08-10,0.025857494321829176,0.002875085982677238,0.025753135119498397,0.002092841173460046,0.009448508109738962
2022-08-11,-0.0044413241594237155,-0.02089994029924636,0.014673553369821917,0.00959785870600733,0.028517622394412218
2022-08-12,0.0211990070410004,-0.011069853733394877,0.01642817296302491,0.018318348082005963,0.00865407118752911
2022-08-15,0.0063137952260126,0.004767688022903843,0.0026983206436297503,0.002869855861619273,-0.01803363136887475
2022-08-16,-0.0009243739521415358,0.008871726097584449,0.009509078128076736,0.04979490594168443,-0.009359477609767299
2022-08-17,0.008746263204351535,5.9256012538618665e-05,-0.008448090889269375,0.0010759256000793741,0.008058702740461195
2022-08-18,-0.0022944111011619847,-0.004844996403644298,-0.007779198929534529,-0.0032306523241862656,0.02336906784979274
2022-08-19,-0.015217238024802543,0.015115764604057355,-0.02505671268362391,-0.014850645188726823,-0.003183769089682212
2022-08-22,-0.02329829491533543,-0.0035144227908926284,-0.016659952991773613,-0.01804208188744872,-0.0007443988356972044
2022-08-23,-0.0020313204559779365,-0.008749766917345822,-0.0099055817381202,-0.0042448591093727445,0.041566389657993065
2022-08-24,0.001792140492993323,-0.0033165649471657197,0.0024208250203824524,0.007212780718786965,0.005900828904015081
2022-08-25,0.014812612689291146,0.009317678821905108,0.02347026623181177,0.0066461224677958125,0.005160139134397532
2022-08-26,-0.03842817832944628,-0.017260454123391358,-0.03327652448496182,-0.0319317084536532,-0.012388232474339712
2022-08-29,-0.013784693703056544,-0.007761141742138229,-0.002444930671883284,0.009679627881108646,0.022729217651141907
2022-08-30,-0.01542393588440418,-0.003503274885710671,0.0001750986826625855,-0.0030150346528230432,-0.03879723351790086
2022-08-31,-0.010691866916579997,-0.006733092820795407,-0.005961309931493857,0.0005281814127741724,-0.007503992642847417
2022-09-01,0.004695611339773105,0.02449015101781318,0.006835169224969595,0.01445583151279115,-0.018157300870619456
2022-09-02,-0.013704596659792961,-0.015850093235262964,-0.007011019238297386,-0.011066625347166495,0.018157300870619515
2022-09-06,-0.008249010316672845,0.002700134003625027,0.0002638742820670746,-0.00497476928454411,-0.006717727526305027
2022-09-07,0.009211456144862448,0.0054391345245783556,0.01881253280249866,0.02536718821483854,-0.00856748053932943
2022-09-08,-0.00966468549729261,0.008013298856923074,0.02302862779391512,0.005070215989503666,0.0081461146727727
2022-09-09,0.018664746645240794,0.0019328045324883988,0.004794670298240657,0.0030008663365175764,0.01661392912195227
2022-09-12,0.037784998749174216,-0.0004225270429863846,0.011762381026506724,0.00894842212216425,0.011436901768453732
2022-09-13,-0.06047163928680561,-0.026364675491995525,-0.03536675874651621,-0.020857930119129935,-0.023635274142115612
2022-09-14,0.009510042288306228,0.02043068205068164,-0.0023225357586616133,-0.0022211079999284156,0.024249824977055377
2022-09-15,-0.019111292437738774,0.002547438172928179,0.014958195635276119,-0.010805081250529312,-0.029508646480397343
2022-09-16,-0.011020482992384893,0.015150040723308464,-0.006724897625587193,-0.0021000814753391267,-0.017230869743805895
2022-09-19,0.02477334350721367,-0.007907113387308276,0.00918217581612473,0.008522810060462257,-0.00010740774224178921
2022-09-20,0.015544232245588645,-0.00790951367788751,-0.01991590294395253,-0.005823758187329363,-0.008187991527411074
2022-09-21,-0.02047601494400078,-0.010297022591709571,-0.029259459331472705,0.009093837575585333,-0.016249537179613138
2022-09-22,-0.00639578725228945,0.01760483863323973,-0.011444039651403882,-0.010292407036442113,-0.004187139639648318
2022-09-23,-0.01523916074159507,0.003244115880957178,-0.018788824937247088,-0.025281159191396743,-0.05468666355375957
2022-09-26,0.0022575091568637472,-0.006136922843075791,-0.021767161359595565,0.009564861374466235,-0.02085736476134461
2022-09-27,0.006545002314839458,-0.004596882497361582,-0.008841286977131947,-0.002745157534385778,0.020740713776495407
2022-09-28,-0.012732388937579943,0.008572299710520408,0.020015498038197306,0.01636011296717084,0.035742666749848905
2022-09-29,-0.050366350890923846,-0.01106122393926349,-0.017091090282450056,-0.0064816960974024675,-0.002027774812000859
2022-09-30,-0.03049985162443661,-0.007136478548808001,-0.015760393890799435,-0.019470252578933925,-0.015569308166917087
2022-10-03,0.0302890992332548,-0.000979837507461076,0.030441232345265416,0.021585064066029377,0.05145350126199828
2022-10-04,0.025300323368417116,0.014719603718101252,0.04572201787079209,0.01289470612554035,0.035796265048334504
2022-10-05,0.0020511730163031015,-0.003084288022412142,-0.012423489023272134,-0.009956312568333164,0.03961628649553559
2022-10-06,-0.006647441579447802,-0.019571062378275255,-0.0205927433696023,-0.00937269112938383,0.029229700063659974
2022-10-07,-0.03741014820377767,-0.010617599620953143,-0.020176359148342014,-0.023979077662131785,-0.010143504228020168
2022-10-10,0.0023528104642231117,0.0013098302308749152,-0.009385449293936518,0.00589419216302768,-0.021914982682737727
2022-10-11,-0.010307632061081012,0.014359264920461466,-0.029284560831439262,0.025574778441430464,-0.008534958264925615
2022-10-12,-0.004615696598643044,-0.0002458437965033205,0.016053543629067604,-0.011370382956791956,0.004378163570745849
2022-10-13,0.03306043804336986,0.015007651560380997,0.05410263528204134,0.00842662492538856,0.034351905756525476
2022-10-14,-0.032771360110567804,-0.0041865907469727385,0.01650386258374583,-0.0140839002513834,-0.02666028836914002
2022-10-17,0.02870682549711016,0.012867795564173223,0.04114197166330544,0.007180847434278684,0.014313913224641213
2022-10-18,0.009365203861101273,-0.0034872712549301756,0.025395612249071393,0.020866262061166083,0.0017872789308586044
2022-10-19,0.0007651615096071646,-0.007983149448920472,-0.01980095457365589,-0.0028368620345901176,0.0292309340200394
2022-10-20,-0.0032723428738600283,0.002546974970664452,-0.003267015096666788,0.0024642055060431502,0.001348187012702122
2022-10-21,0.026699144465367638,0.021569704975561863,0.0511944472711085,0.02000867425168236,0.018400093684137447
2022-10-24,0.014694396354256853,0.013364933747221197,0.001226357831545713,0.018899333979706147,0.00696588552662215
2022-10-25,0.019152924194811162,-0.001580329246235695,0.002611458730971472,0.004722816892018692,-0.006777260905160418
2022-10-26,-0.019821954655132194,0.008748623050050202,0.011425927337979917,0.007610095779804901,0.011830050754948432
2022-10-27,-0.03093932483302831,0.000580337338348618,0.003940280378611835,-0.002908967842945526,0.0038195915707503344
2022-10-28,0.07283442935810472,0.014747724133636977,0.011808031487279599,0.012568955743387263,0.028867677614188705
2022-10-31,-0.015530347206148333,-0.005159933959532902,-0.0015875107629093378,-0.0012639386855546424,0.0009933273396591125
2022-11-01,-0.017698363278842184,-0.005070843676736837,0.017872500134260828,-0.004506732821535082,0.009878058127383713
2022-11-02,-0.03801873415229583,-0.015487312436632948,-0.009250721707129674,-0.006656255440338085,-0.020766383973937118
2022-11-03,-0.043329849241269924,0.0017000846620615884,0.001809779990105845,-0.000213349002456763,0.013502193051690793
2022-11-04,-0.0019496490518269762,0.004441891617829591,0.026990977026357697,0.0017750163323379214,0.010832297273544752
2022-11-07,0.003894945371650099,0.00870921183251202,0.0052662141669299195,0.010443871669511788,0.011772516084102392
2022-11-08,0.004166226660108737,0.004959410246070922,0.0006088284880897286,0.002384260945364503,0.003162759363022243
2022-11-09,-0.03375317698186382,-0.008028147109890296,-0.01309401647358723,-0.02352562875327644,-0.04576844977215622
2022-11-10,0.0852362784830976,0.011645730104093628,0.04033462102158968,0.02050958448949445,0.014585351449038868
2022-11-11,0.019085401469424224,-0.030376039180749655,0.001627141389382883,0.001544187764991045,0.030744383625735613
2022-11-14,-0.009530686740742431,0.015594154852594438,-0.010326399521650797,-0.0298275166309054,0.0029152247532252943
2022-11-15,0.011799476898367174,0.002788453400903617,-0.00726994461797102,0.06334564966016332,0.006681278072675403
2022-11-16,-0.00836596455005452,0.00618746938292731,0.0013528224213630465,0.007163642285244901,-0.010747125527028707
2022-11-17,0.012887748601528009,0.008038877042181659,-0.004366466113391773,-0.0033727123039720306,0.0013274595543278451
2022-11-18,0.003774874066374348,0.007633808854487002,0.009760586682026057,0.014955056142162821,-0.008705533619784845
2022-11-21,-0.021918734903919337,0.005127710434754567,-0.00591997637819651,0.006105293815460917,-0.00995302291683882
2022-11-22,0.014554711342276507,0.0048187973308859745,0.01484589445702766,0.003566206742670145,0.028516299741273114
2022-11-23,0.005908710230639609,0.0010739241126738789,0.010607133396524455,0.004800937563311635,-0.005004627536853346
2022-11-25,-0.01978798554144245,0.001298477255152977,0.0019034512689970731,0.0042555473864984115,-0.0035271110720730366
2022-11-28,-0.026615174025561784,0.0005075787224831073,-0.017633063835206055,0.0028703052595853815,-0.030492951035546577
2022-11-29,-0.02137533688040432,-0.007017180764350314,0.01631571341295645,-0.0035237730089660683,0.006625935746746027
2022-11-30,0.047450009728758,0.010788350356633208,0.011793056175333919,-0.0036020796371177624,0.007211147566981923
2022-12-01,0.0018900061374513568,0.004148774472942037,-0.014139095405314002,0.006213470598034046,-0.0048619717383411995
2022-12-02,-0.0033771832388066075,0.0007828013601826315,-0.007958803138920488,-0.0009784824229315074,-0.008519803981952267
2022-12-05,-0.008015114936465643,-0.000559135581672409,-0.02844148322905272,-0.010299592003123616,-0.027780809647891508
2022-12-06,-0.0256973774323162,-0.015103786800534019,0.0016731814586030368,-0.011673403452471781,-0.028189804953362978
2022-12-07,-0.013880695365324023,0.006057604631651748,-0.0006842054612260948,-0.005217536076477861,-0.002216468540171818
2022-12-08,0.012059554117797194,0.00016919253263820728,0.01043967658593212,0.0015471648407401103,0.007401401377412828
2022-12-09,-0.0034406205741281315,-0.0082732522774972,-0.005433070327753817,-0.023599425910942457,-0.008462980559752893
2022-12-12,0.016256994872523026,0.0118784371948375,0.015392305563624331,0.018478069753230623,0.024329569062435066
2022-12-13,0.00675957754586882,0.0076743371341955295,-0.0009690587942532252,-0.0035870119978056877,0.010874704480811154
2022-12-14,-0.015657790210343053,0.0030640723468961573,-0.005009672270375977,-0.005575379004876138,-0.007393161554261408
2022-12-15,-0.04798791695840862,-0.012707977707740585,-0.025123546830311577,-0.008971439235357738,-0.009627272670758217
2022-12-16,-0.014685541379127915,-0.010307331307121588,-0.006245642068654297,-0.018118716381795023,-0.00704288203664157
2022-12-19,-0.016037789829406693,-0.0010821204229413855,0.0059380192556030015,0.0003502445011817113,0.0044789776527402
2022-12-20,-0.0005286000437614752,0.0010821204229413354,0.004832364326769712,0.008715319171018377,0.014349447750017855
2022-12-21,0.023530349985940276,0.011376916667196075,0.011185230817597971,0.007813895010170028,0.012758974130359615
2022-12-22,-0.02405958196200118,-0.0036650420443707175,-0.011414817693888038,-0.011778577325915151,-0.02038020409064973
2022-12-23,-0.00280241840966557,0.0025388036191350016,0.004733820363631747,0.002019246526846966,0.02610144918884559
2022-12-27,-0.013975414094788398,-0.00028178183935960465,0.0034980261730066108,0.0002779850868019692,0.013798385700210136
2022-12-28,-0.031165923737103807,-0.004349054869293971,0.00545021827384338,-0.017678348930037283,-0.016562604515498836
2022-12-29,0.027930843831779968,0.005081675614386905,0.005721279251400497,0.00606812576393524,0.007537584141210328
2022-12-30,0.002465811367289983,-0.005138306420820264,0.0065836524479730395,-0.0025356232531738125,0.010022799695848243
2023-01-03,-0.038122374137843924,0.00868014801185144,0.007577802535523819,0.012684521975398636,-0.034965023466493085
2023-01-04,0.010261469241082573,0.010828320403481036,0.009281918224649147,0.0011135401693102601,0.0029061403778442097
2023-01-05,-0.010661345526341884,-0.007411065763424794,-0.00022184013457595469,-0.0034140517236758935,0.022127654429095978
2023-01-06,0.03613354657833729,0.008076738062331569,0.018954701962851143,0.02420373805126433,0.012014204916937499
2023-01-09,0.004080302233762967,-0.026249631002018194,-0.004141125780677892,-0.012546034085177992,-0.01881329185919964
2023-01-10,0.0044464595109399915,-0.002394954387083501,0.008914475909107872,-0.0006209422445419666,0.01482452106683866
2023-01-11,0.020892628247468445,-0.0015998935135079896,0.007404080367898175,0.008728769993623587,0.011559797238746795
2023-01-12,-0.0005995988965557449,-0.005044756516414228,-0.001003266537203888,-0.009074032909069708,0.016474863787296068
2023-01-13,0.01006831391848507,-0.003281220945643663,0.02492151009445789,0.003309070762004269,-0.0006183050110034063
2023-01-17,0.00871826735948679,-0.006188542519014309,-0.015573890504644613,-0.00607514304094304,-0.001946446374122009
2023-01-18,-0.0053843345524751535,-0.01519973428901721,-0.03050338775857177,-0.025032099769096865,-0.02075753606654356
2023-01-19,0.00044386179779821636,-0.001355729591012297,-0.013415970364748033,-0.014374377160125523,0.006398445693868686
2023-01-20,0.019038138783710197,-0.0046708470325415715,0.002446114125967524,0.012242020598315681,0.0180713158187746
2023-01-23,0.023228288628911603,-0.002551896212128018,0.016082499087533893,0.014831883353780094,-0.005218795987630612
2023-01-24,0.010013085054808038,0.0,0.008559428321071087,0.0026606171778052637,0.009269044531848278
2023-01-25,-0.004712053376945815,0.007104514128327586,0.004827563691305736,-0.004765868846460791,-0.005286050265048385
2023-01-26,0.014694918606160028,-0.0036642086897059724,0.006162757802168739,-0.0009139535472077112,0.03940399592335511
2023-01-27,0.013591476720918557,-0.003915523790104643,0.002426147104971673,0.00763561696697204,-0.018426006100943186
2023-01-30,-0.02028219103565685,-0.03773574973385283,-0.008516738712762413,-0.0080576524690009,-0.017891230353554558
2023-01-31,0.008980219362311657,0.008727280746926297,0.005947839587305886,0.012027305058976279,0.021345172357519572
2023-02-01,0.00786993450362588,0.009136968783130636,-0.002647201608185865,0.005545028427280987,-0.011007712401002638
2023-02-02,0.03639224477857981,0.0037522489440933284,-0.004667448889814485,-0.007284267988482046,-0.03178810976780758
2023-02-03,0.024106898016753312,-0.005633975970494821,0.015355861555006768,-0.01338816591076508,0.006903778254342028
2023-02-06,-0.01809154431465076,-0.007622508454118856,0.005865456071985412,-0.00729474075901938,-0.0016990864199228541
2023-02-07,0.01906204636561408,0.0002448248025677816,0.012116341912669122,0.00213015173809972,0.02815088026462873
2023-02-08,-0.01781065452392611,0.0012843737115262632,-0.007055579304235117,-0.00540547276105835,-0.0087397252080305
2023-02-09,-0.006935417166232142,-0.013599953710142474,-0.01568621528670898,0.009228382251184752,0.0037674787860564702
2023-02-10,0.0024532300022742635,0.004636095608604306,0.004405535009277638,0.015425887678537186,0.04128697151659257
2023-02-13,0.018632187804519078,0.0036937136330179665,0.010789700327630745,0.015122933110322614,-0.003897162681241667
2023-02-14,-0.00423421988073573,-0.004372293047448888,0.004409010343790727,-0.002882468277087049,-0.011783967295797533
2023-02-15,0.013807815044515804,-0.01661464421513276,0.004181253092265995,0.007395899887191287,-0.003010878722305679
2023-02-16,-0.010483995888667516,-0.007115501455221708,-0.01386483016176984,-0.01581664416311773,-0.002933405599514532
2023-02-17,-0.007575332333085078,0.020661995229827517,0.002956993483773577,0.014929160461833275,-0.03921050331068212
2023-02-21,-0.027042330454903875,-0.015013300071987357,-0.018519482482537226,0.006059130357506685,-0.0009890570977478493
2023-02-22,0.00289187225572053,-0.001393500396840407,-0.007692806199186337,-0.021196314626228473,-0.013037682823663035
2023-02-23,0.003285209813109678,-0.0003166305913836166,0.007979319756974376,-0.015018018176373259,0.009162264416440762
2023-02-24,-0.018169339615635615,-0.011221390451204901,0.008980536832914391,0.002670986341024266,9.022667661029416e-05
2023-02-27,0.008213536499896854,-0.0021820979499008837,0.008689796925183811,-0.0072559381457095225,-0.0018074762359002693
2023-02-28,-0.003453622533833451,-0.015345660717025247,0.008336201033565364,0.004866307321426649,-0.005806007527929275
2023-03-01,-0.01434857641576055,-0.0045120460432690945,-0.005596267169986654,-0.014028415927848087,0.008877038615528006
2023-03-02,0.0041207053060713745,-0.0007871756354839007,-0.010436475795979245,0.0024939223865464225,0.00458847399279643
2023-03-03,0.034488553881932144,0.010246034348309707,0.01819296982870487,0.0012094329414566556,0.012577566850015412
2023-03-06,0.018369689006020092,0.00994895626697684,-0.005864272180835452,-0.0001421703624579245,0.008825430699726076
2023-03-07,-0.014602655377590397,-0.009494567215112359,-0.029848692077040027,-0.010003863997084679,-0.019519769029088276
2023-03-08,0.008342208344060485,-0.0073602728958424395,-0.0059330660638024545,-0.008292720428012471,-0.014712013612659343
2023-03-09,-0.015026881703785668,-0.01130872722576234,-0.055657005851260766,-0.006757027016830074,-0.007758627943291535
2023-03-10,-0.013975979028394881,0.0024435981389247796,0.025078009901910954,-0.001459201390094471,-0.012447819495376872
2023-03-13,0.013178816957177574,0.009518469167846766,-0.018120562329246564,0.0029161026884774606,-0.011571559133895562
2023-03-14,0.013990825280708082,0.0056030581754199895,0.025352150332472425,0.005300125718447141,0.00374753513706723
2023-03-15,0.0026178704271576916,0.002789690791372933,-0.04839650633680493,0.011089457525561928,-0.051027843515016116
2023-03-16,0.018521622747166965,-0.0020752798397770727,0.01922752133326712,-0.0056966430447830075,-0.005822773471993238
2023-03-17,-0.0054688595075369035,-0.010770016812283142,-0.03851411460977501,0.008067043868365606,-0.011848507016553225
2023-03-20,0.015365205334445282,0.009860677898771705,0.010515893406140743,0.010702735105813448,0.02580586777987858
2023-03-21,0.011873138059115423,0.0,0.026467538237454614,-0.0034124588969987363,0.04382782974751646
2023-03-22,-0.009145026087214281,-0.01862739676280293,-0.026153012553052697,-0.00642984300279523,-0.02315485132784139
2023-03-23,0.006945197190186136,0.0005297158900227448,-0.0026768225035274703,0.008066519058268903,-0.011346016563795759
2023-03-24,0.008271410692993919,0.010007233539668299,-0.015332859306681006,0.008142935756469013,0.0011595911988597218
2023-03-27,-0.012369424656047418,0.004249231973231531,0.02825751992231968,0.016575537695649338,0.02168917182331288
2023-03-28,-0.003988369555447162,-0.00970130275552366,0.003030607213035826,-0.0038917378732616307,0.012399263219825206
2023-03-29,0.019597255640371895,0.009766313045817538,0.0020153569558850745,0.0043078953841573855,0.017031010498817174
2023-03-30,0.009841394794563117,0.0007825417832360721,-0.003024624842164705,0.009934541163265113,0.004852333627496441
2023-03-31,0.015523230153726648,0.01018059373527663,0.012043676260527374,0.01214543012093985,0.0015515600171238236
2023-04-03,0.007672129704431006,0.011864756677030663,-0.0011517497252591597,0.008374269568293024,0.05732528729300692
2023-04-04,-0.0032550761375510482,0.010401700935276346,-0.013458201145131417,-0.009867446146304575,-0.009603951552113419
2023-04-05,-0.011354440380730711,0.043943972053258076,0.0014899486583466526,0.016436816825449372,0.016982393961227884
2023-04-06,0.005480937955167029,-0.0027813071302176654,-0.0010976992238883327,0.0075216130757326345,-0.016721585130834726
2023-04-10,-0.016101268060555087,-0.005038471159938287,0.003289489440834285,-0.0019249831340720797,-0.0044426538648218855
2023-04-11,-0.0076200873001643285,-0.00030433459426581507,0.004914001906805675,-0.002927657542417895,0.007046785130911668
2023-04-12,-0.004362781377836388,-0.0021330423372936703,-0.0001556122731482032,-0.004876224006934177,-0.0010408537291166325
2023-04-13,0.033535104025703526,0.013271787662547127,0.003805960561876425,0.0010039218927592143,0.004675296818655099
2023-04-14,-0.0021163904042466506,-0.0016269760693208748,0.07279492192313577,-0.006779286890713069,0.0024156197171424595
2023-04-17,0.00012126649161718313,-0.001025420265153472,0.007897670688824349,0.006979902640884086,-0.011701055131062427
2023-04-18,0.007476625775561272,-0.02853123945151477,0.011165110789343364,0.0022045974174467616,0.01934101052315997
2023-04-19,0.006943902142555985,0.009396142960273373,-0.0012737092409966858,0.0010669708881556864,-0.003169038285355188
2023-04-20,-0.005863425430411187,0.006439444260179105,-0.0029073683710403755,0.006379368025384227,-0.008009942165975035
2023-04-21,-0.009828973295557108,-0.005455689408941211,-0.0019194798741521404,0.005021475190358741,0.0031943357560315754
2023-04-24,0.0018765758252364518,0.006066832304304141,0.0013511247851118032,0.0067655644457638615,0.0187016594324637
2023-04-25,-0.009480314386990528,0.009122502907742266,-0.021983688100866414,-0.007820669144648462,-0.014315102530908523
2023-04-26,-6.117196008041491e-05,-0.01561969961997408,-0.01788250378956374,-0.004363787459851136,-0.009225317308286601
2023-04-27,0.027999498745895857,0.002334144187620599,0.01336884293041016,0.0031096142128149403,0.011882315087501141
2023-04-28,0.007512918822749485,0.004285442327839013,0.00864542695367167,-0.0027121972444377742,0.012841849344173163
2023-05-01,-0.0005303996258515871,-0.0006112742362148931,0.02118608659385663,0.004098231181787836,-0.03150329997873132
2023-05-02,-0.006210712407765871,0.008702862635948605,-0.01627912747083272,-0.0027080420782955926,-0.04066948296094982
2023-05-03,-0.006488430676591793,-0.013174905353723825,-0.021390376104991164,-0.003711026706755407,-0.019906106079710596
2023-05-04,-0.009962761911999376,-0.004553705542992637,-0.013772852394701721,0.002794977489082348,-0.017666469468823325
2023-05-05,0.045858985073298934,0.003386538420867167,0.019346559045010075,0.008602511908981399,0.02459148453665529
2023-05-08,-0.0004033810066891906,-0.002276919762559515,0.0024101883387961658,0.006240003394553841,0.003948652041410439
2023-05-09,-0.010021214572235818,-0.007793311934343823,-0.00482650050285004,0.0017008021378753712,0.00027501219387515285
2023-05-10,0.01036705626722941,0.0037184679439286124,0.0005129389701573479,-0.0028146283886812716,-0.01291075693932569
2023-05-11,0.001094019956946809,-0.004091202055556468,-0.003155893423768416,0.003729587553684598,-0.018264783253872905
2023-05-12,-0.005432302293623278,-0.0013052974564857851,-0.014436529213627217,-0.0003265478303135583,-9.461906101972631e-05
2023-05-15,-0.002901479590909871,-0.007679507859187543,0.008391236278869217,-0.00780469288634079,0.001905386157455179
2023-05-16,0.0,-0.0013172975743133697,-0.006751832762537134,-0.013923155980561104,-0.02456897530288264
2023-05-17,0.0035965264058197585,-0.00219879378004258,0.03028420140151472,-0.001670507659039404,0.022186634308768532
2023-05-18,0.013573904021631408,-0.0032128403456016265,0.007555174472838149,0.01289047871450219,0.009022506066685245
2023-05-19,0.0006279144056542998,0.0027096369622582332,-0.002296517331390644,-0.0103522790024168,0.004621955608085304
2023-05-22,-0.005495575621293973,-0.005404229671773781,-0.008296806079545744,-0.008844425627397587,-0.012214359947401578
2023-05-23,-0.015271092341293405,-0.00038215014611617514,-0.010487440353769625,-0.0018861429931013962,0.013530958861416252
2023-05-24,0.0016306805263423345,-0.0009571365786442232,-0.00919368213574571,-0.004595613403380852,0.01112212481907746
2023-05-25,0.006670033540316922,-0.014466563917657198,0.0024353323815712287,-0.010007154768528611,-0.018101248165823043
2023-05-26,0.014006387482186142,-0.0003885648367793239,0.009317525341599266,0.0017772322138353055,-0.0065518355146706505
2023-05-30,0.010603035814968534,0.00012968295355270112,0.003790021292399749,-0.002461712371491679,-0.008899257276402471
2023-05-31,-0.0002818980624788568,0.00445947660086601,-0.012812609020962835,0.005530395669512451,-0.01803935561068523
2023-06-01,0.015895398081061076,-0.003359149631873134,0.013685289532717257,0.0036699845835691646,0.0114820747652756
2023-06-02,0.0047642079300381805,0.015602028849775601,0.020788234654720687,0.00951973139260815,0.0229544775851175
2023-06-05,-0.007599981892387113,0.00856349425887371,-0.009872852613657286,0.006563498575084738,-0.004454056888491363
2023-06-06,-0.0020626203220276275,-0.0008848317932153192,0.0017957871330501647,-0.00013348532375593891,0.008134709399255232
2023-06-07,-0.007786307846153676,0.0021473697802693666,0.009642125577852345,0.0014675174980403913,0.022173277726571124
2023-06-08,0.015346521456797454,0.01091671126690381,0.0002842403997755982,0.014363149778134568,-0.003137320943616123
2023-06-09,0.0021575874138526907,-0.0015613231583506133,0.001987540202651176,0.006027643194649242,-0.007422102335509571
2023-06-12,0.015517608898775933,-0.0006876798537533592,-7.08823426154567e-05,0.0065759286051388964,-0.009073543425859256
2023-06-13,-0.002615123469496541,0.005239618981149984,0.007208055680684272,0.00775694969408783,0.00018790881787910602
2023-06-14,0.0034853979345869078,0.005088516102417149,-0.003738860090107053,0.010058694219984942,-0.012098485167298738
2023-06-15,0.011136374918688633,0.013342116456001944,0.011244639819273846,0.005467274550938068,0.006917922682822534
2023-06-16,-0.0058771428513330745,0.0030491218886333844,0.0011876535646558142,-0.014046103943725833,-0.007203149889457469
2023-06-20,0.00048668888467992934,-0.0006093258024724901,-0.0051088533874967665,-0.008847711492660811,-0.023190981183586572
2023-06-21,-0.0056916223346287305,-0.0015242769729803835,-0.0014743798537420279,0.00194424489703322,0.011133453490030166
2023-06-22,0.01639046440629041,0.01056164192568537,-0.019440197365289017,0.008316920009923123,-0.005502748637731778
2023-06-23,-0.0017128814148408954,-0.000845612490556852,-0.005243665667398177,-0.001863625212819609,-0.00875078028141026
2023-06-26,-0.007581643261138175,-0.011242633375793709,0.0024459462648278108,-0.002641005435649504,0.01828871737968529
2023-06-27,0.014946910032701984,-0.0020799325717331773,7.145032489947965e-05,-0.003618095630615964,0.0024900820368497817
2023-06-28,0.006307638275665094,-0.0020229489841380155,-0.004391522875064525,0.005422551491390796,0.00809710284998262
2023-06-29,0.0017949337503276777,0.006971208489888898,0.03432700958206674,-0.0067828538557443445,0.012258553147176835
2023-06-30,0.022839728583511704,0.008616112995790456,0.013916617615057799,0.018622662625852923,0.005141415411566867
2023-07-03,-0.007814998417076608,-0.013197077381012659,0.008012108162209338,0.0064682956716729184,0.0019562800210139817
2023-07-05,-0.0058887424602754425,-0.0033111396393769644,-0.006683710378593503,-0.0005690255349829693,-0.005131341370474106
2023-07-06,0.0025057226893296252,-0.007459788820230324,-0.009935695605090823,-0.00634471515953996,-0.03803542296847434
2023-07-07,-0.0059086757855288516,-0.014648893291422084,0.007859551945717065,-0.023310783160839624,0.002329257432608165
2023-07-10,-0.010915345316609709,0.0016314134706568795,0.005595635759424844,0.009015037214891412,0.014722355145265563
2023-07-11,-0.0028139578749499217,-0.005532059430015212,0.0155183755204878,-0.0014861569075210704,0.012152310377577755
2023-07-12,0.008945287311688713,-0.0034733545961268208,0.004939313237647472,0.0025187173757447792,0.004895156859164815
2023-07-13,0.004049401436530193,0.004607280076063694,0.0048483589139122025,-0.0058866240801349655,-0.018481315355691808
2023-07-14,0.0007870778606766153,0.006652210498693958,0.00602730625702631,0.003432588161265876,-0.03504363073522122
2023-07-17,0.017157375091498915,-0.005016491248278117,0.023817950677894304,0.001227923826344562,0.004349532356624744
2023-07-18,-0.0013412298810123872,-6.281831036914342e-05,0.0018238558712380488,-0.0018099775694868662,-0.004547680946343407
2023-07-19,0.0070469127470025525,-0.0020135375975619996,0.003832005634418514,0.00032353277213004097,0.006912529890362684
2023-07-20,-0.010148688635947478,0.05895541256200944,0.012242453968036193,0.018328036259597096,0.01746120784227458
2023-07-21,-0.006180765884560852,0.010692089206601,-0.0077145538202850646,0.005635514917415095,0.0046309410496062865
2023-07-24,0.0042110173045543835,0.0052157738346873175,0.019492485643474503,0.0058551469882027396,0.015567755498618333
2023-07-25,0.004503655974653409,0.007628254045221117,-0.007496130098104169,-0.0008163014511686931,0.0015150864012615968
2023-07-26,0.004534660798979379,0.0019122993506538422,0.005975790230403017,0.003574525029061619,-0.0055983729479734045
2023-07-27,-0.006602563798434969,0.005600292012694109,-0.011090309901256187,-0.0036374481662366214,0.0031351905428710887
2023-07-28,0.013417277499660877,0.004537940104946586,0.005687894341386071,0.004701167053816819,-0.012024240370705017
2023-07-31,0.0031610076604816663,-0.040647574448266395,0.0066695603081176865,-0.00031282828228696195,0.029141160866982038
2023-08-01,-0.004285036152195921,0.00808533175700157,-0.004950161792178949,-0.004702492423848278,-0.005798030269900912
2023-08-02,-0.01561123233398161,0.006021114158541921,-0.011389349577059208,0.0006910375831565826,-0.012552760396797617
2023-08-03,-0.007348511805727327,0.004287282775338636,0.006094871548058914,0.0002510530303352872,0.017231227097136904
2023-08-04,-0.0492113783114599,-0.009420737759281423,-0.0021128148283244847,-0.005793369822846591,0.0027966412815186798
2023-08-07,-0.01740417679706354,0.023734054279488253,0.0047317405672488815,0.01348716650891013,-0.00204996794729031
2023-08-08,0.005297609860713261,0.00046217648046711966,-0.005629563381251518,0.000996410855677671,0.0049318711729001005
2023-08-09,-0.008994678267604122,-0.00063546312611875,-0.01349862898741546,0.0016171359597842328,0.016844064654791685
2023-08-10,-0.001235631830098187,-0.005213778473979975,-0.0014964974481215451,-0.0004990081276542907,0.00509834727763571
2023-08-11,0.0003374740711396092,0.009710463477010366,0.005779067746597521,0.005848282063326638,0.015409278571165478
2023-08-14,0.009349470897983794,-0.0023611284735599735,0.0020697122316814683,-0.007472130963325356,0.0008042069277836447
2023-08-15,-0.01126333158283399,-0.002886973816416519,-0.02578682984301692,-0.005137951544425229,-0.026008463656577146
2023-08-16,-0.0049716489914493536,-0.003185298298519825,-0.004252190465163761,0.000502096275434678,-0.016970194433447
2023-08-17,-0.014662107219556741,0.009353362703982113,-0.0104408816418311,-0.02267100504432641,0.01918674939020911
2023-08-18,0.002812213357063784,-0.008773515305818283,0.0022846048384997848,0.01428509645113857,0.0150158369995704
2023-08-21,0.007706885361940877,-0.030251862965095747,0.0034176957753775735,-0.0026630797295005143,-0.012160213495208037
2023-08-22,0.007873973309313189,-0.007979060833243097,-0.020956499742187384,-0.0031794501817993485,-0.0056271246698408545
2023-08-23,0.021711554344302286,-0.009015491116482274,0.006740355355335892,0.0069182842902837886,-0.008827061204386493
2023-08-24,-0.02651892453308919,0.003397843571825765,-0.0009505464310119573,-0.007682886001553284,-0.007494130326573492
2023-08-25,0.012563808383250639,0.014236093470215557,-0.0012232069172205232,0.005910147555827104,0.017707863376225996
2023-08-28,0.00880709786962362,-0.011859558519536774,0.0034622424634465922,0.00568666373723976,0.008371450271697566
2023-08-29,0.021575744581236497,0.00012197041089811729,0.008099348210895835,0.008344491052899031,0.005936748215843538
2023-08-30,0.018990981613820488,-0.003536193198321436,-0.004041474197680585,0.007159724102107031,0.009696954765373491
2023-08-31,0.0011716659838340807,-0.012599771257779536,-0.012428295802476825,0.008708825710765889,0.002791918275490263
2023-09-01,0.008427710629957974,-0.007449592618318077,0.0033428147888716485,-0.006416364074561958,0.0207385861983454
2023-09-05,0.001265895546115966,0.0012454763072754457,-0.011095403159350556,-0.008078326430486804,8.803381957995496e-05
2023-09-06,-0.03644954626832287,-0.016756512931044604,-0.0016540257301240235,0.007459295849430324,0.008595155654909013
2023-09-07,-0.029685843480003266,0.012702926498039063,-0.00859094204510375,0.012310262931399607,-0.004902425492204313
2023-09-08,0.003485687358868255,0.003306445412580259,0.000765023196607725,0.0018334733790917625,0.014462590354520119
2023-09-11,0.006600727428949015,0.012994642258974216,0.004370749803378298,0.003474300546426476,-0.012621363188523874
2023-09-12,-0.017207869176629143,0.005639525811495056,0.012929840624353173,0.001094837183664288,0.02875219467442416
2023-09-13,-0.011925584855576559,0.002503488800756645,0.0004782766453256623,0.00024303876379732083,-0.00897715261423015
2023-09-14,0.008744249318799356,-0.001525635608438095,0.019211954272310393,0.00418432692325453,0.01770558628164839
2023-09-15,-0.004162527505463244,-0.014084288609846366,-0.002952410231850849,-0.0036984265274351215,-0.015475123002052723
2023-09-18,0.016771804636882777,0.006297970738666768,0.002080740818393604,-0.007437492391185481,0.008022606664497476
2023-09-19,0.006161916098632567,-0.001663256653111206,-0.0012750015112176288,-0.0002449512251045253,-0.0026387117249378625
2023-09-20,-0.02019481828027571,0.004367850542079515,-0.0042387391202845575,0.0032386368222267975,-0.007957736975440945
2023-09-21,-0.008929243672056044,-0.0077026861937633025,-0.007852686982233271,-0.012214943876254505,-0.014189680757408212
2023-09-22,0.004932525295570286,-0.007201494564566818,-0.009629140631998307,0.0026521148263918787,0.001567353971781806
2023-09-25,0.007353160012957066,-0.0014964149399574812,0.004928672457962916,0.004424851339144161,0.011160708511671181
2023-09-26,-0.02367644025093501,-0.007767126353689995,-0.01043325488886403,-0.003501333770501047,0.0015474016906989586
2023-09-27,-0.008937506084127687,-0.012084137022864138,0.005847677730886381,-0.004811617290105362,0.03203841610047965
2023-09-28,0.0015244834926784578,-0.001464856363643635,0.012339395345107066,0.005057749511003831,-0.006091540043138113
2023-09-29,0.003041741514760802,-0.007229355581186849,-0.017566336299659396,-0.016187908030315477,-0.015946282116362048
2023-10-02,0.014726695297498524,-0.003859632854108848,-0.008656755028629913,0.0010623087890336124,-0.0167235088510041
2023-10-03,-0.0078001306812049975,0.0012239490271604948,-0.007400270485993556,-0.0063285601287441165,0.001727930930325964
2023-10-04,0.00728214712312415,0.001158240403937592,0.0044744527392776585,0.011934319039427684,-0.038098819410983975
2023-10-05,0.007172119069572972,0.010362542501300871,0.0042074858670603475,-0.011996976574150539,-0.022768554415932417
2023-10-06,0.014642666524656135,0.003176907583633104,0.015278331768097737,-0.016926583174714113,-0.0168397095719931
2023-10-09,0.008415740895452151,0.005693144133087896,-0.002276770863962655,-0.0036509210756146184,0.03439274719572008
2023-10-10,-0.003358044925628122,-0.0011362696732869484,0.006060018506520077,0.011230356379538684,-0.004246193979199789
2023-10-11,0.007873247975599237,-0.013861593021913018,0.003426949736777675,0.003989390961357158,-0.03651197447523198
2023-10-12,0.005048592296151135,0.0009598561612147634,-0.002328972091320812,0.004540250932863336,-0.0001877958259259901
2023-10-13,-0.01034621585371442,0.0033209018944844702,0.014907793047073622,0.005521034540530084,0.03143469410861901
2023-10-16,-0.0007272178702085284,0.004326013874106149,-0.0010140867692756234,0.008597010191500436,0.0007277408534294968
2023-10-17,-0.008823637274529662,-0.009183277211717588,-0.0021667039875742163,0.0013017919540442538,0.013011920516284532
2023-10-18,-0.00742238588984295,-0.021761190298510653,-0.011041447262227843,0.0007432985087855418,0.01390757854944307
2023-10-19,-0.0021631871873437573,-0.0026879793485217966,-0.0042582598704745366,-0.0047782041058516325,0.0006196291477592602
2023-10-20,-0.01481333612823681,0.004454275197996263,-0.016236696040743966,-0.012581088317707942,-0.01731418194150733
2023-10-23,0.0006940276212897516,-0.01057857964582062,-0.013735146034907447,0.014072770181029606,-0.014782885970375671
2023-10-24,0.0025398523758752836,-0.001057336434579778,0.0012050025745643119,0.013816415437868627,-0.00973175492672653
2023-10-25,-0.013583376372662432,0.0022455599555507534,-0.005469305241605568,-0.003006168959403759,0.001843320783159575
2023-10-26,-0.024913293462376824,-0.017101181329991173,0.0025606941214058655,-0.006101128337563303,-0.00915874638718941
2023-10-27,0.007937666358390591,-0.023083117639109845,-0.036683382095965535,-0.003716069290701977,-0.019235626120968144
2023-10-30,0.012230110521011282,0.009773396692240467,0.012668905424766142,0.011413459629126434,0.003121414815748145
2023-10-31,0.0028148018406495283,0.008870360662167984,0.011863681372888336,0.0023894809999318186,-0.00028321085905677504
2023-11-01,0.018565282019836427,0.0023566485781087534,-0.0008634996085179076,0.0088948936860644,-0.001986000243430152
2023-11-02,0.020482095569816654,0.0103705613948824,0.01769193794822983,0.003934762189520318,0.03231948603067423
2023-11-03,-0.005194739309599607,0.00729478311316146,0.011110579396409071,-0.005209439428809246,-0.012264578575226198
2023-11-06,0.014499565743997193,0.002375930111130825,0.007524037718310684,0.0013353492900755105,-0.017880091060883594
2023-11-07,0.01434736335058162,-0.00528770306906378,-0.00048582293827468756,0.004659088284664478,-0.01580395203525645
2023-11-08,0.005867883073275867,-0.0036510994010690717,0.004918304159963665,-0.00818294427261579,-0.012358817701950842
2023-11-09,-0.002628190499257748,-0.019680514477443085,-0.002975978393946141,-0.002315638539776172,0.00029148939508891837
2023-11-10,0.02295464698077071,-0.0011537574011398044,0.014722277163282933,0.013753245288958405,0.007643519919757213
2023-11-13,-0.008620691391878495,0.0025773702486374997,-0.004448642872511768,0.008925737608794521,0.01045136657079986
2023-11-14,0.014184624397834628,0.0002030310836983101,0.018082076190964008,-0.0001790577902179145,0.003842612661500918
2023-11-15,0.003036228565909737,0.007691159493257037,0.008719732204808057,0.012625050973079244,-0.006058859731954118
2023-11-16,0.009001496740701453,0.008698663111134744,0.011354949233073645,-0.08439113377063417,-0.011643893119294833
2023-11-17,-0.00010535368520078568,-0.002067876028255749,0.009005413530554698,-0.004431620366949737,0.02410666972104177
2023-11-20,0.009235510320526196,0.008777237225323914,0.0030706420299279487,-0.0003219360106614653,-0.004392241026851139
2023-11-21,-0.004239863164028461,0.008039058931427402,-0.002089730878659143,0.003599488858695954,-0.0003828264456688369
2023-11-22,0.003508296246274666,-0.001987073000049885,0.002350627261848191,-0.007664604494990371,-0.0043170468547409375
2023-11-24,-0.007028943980492651,0.01107754765591159,0.0013685904043766158,0.008946878423069522,0.005369427238820154
2023-11-27,-0.0009479350628474016,-0.008032380044174212,-0.002281814447268718,0.004539129098013193,-0.005850358569909787
2023-11-28,0.0032088069045837658,0.002311046302301935,0.002281814447268765,0.01185774654671265,-0.0005771982300658857
2023-11-29,-0.005424264880548701,0.0031606076723284674,0.00506752416738593,-0.016268761338439026,-0.01512839660720923
2023-11-30,0.0030579396299125444,0.016625000014237678,0.011340079484952446,-0.0025017632624281206,0.00390086062543298
2023-12-01,0.006768615039859455,0.023768159849023057,0.004857448324841431,-0.008708872165003627,0.002430434454670341
2023-12-04,-0.009509911427955238,0.0031521805386793555,0.007305715585763309,-0.00025921077543593487,-0.005452351164284901
2023-12-05,0.020844582766355754,-0.0020793468083693347,-0.00012659204103242837,0.009224979781994673,-0.01961892410817546
2023-12-06,-0.005703394885971308,-0.012247474545944303,-0.010563815341112946,-0.010911451232804813,-0.013330386580545016
2023-12-07,0.010088376988500552,-0.007820042841691452,0.003065860470412555,-0.006602890713704591,-0.006986204065399137
2023-12-08,0.007385014768623463,-0.006326156086610638,0.010973614106662656,-0.010549981582628052,0.011415972199620742
2023-12-11,-0.013011734842014481,0.004135772209237053,0.0036522916505150353,0.0025156569870811918,0.0007028349486430676
2023-12-12,0.007889086053538458,6.442279727297296e-05,0.008885574220582074,0.0007933300347277421,-0.015885286104997558
2023-12-13,0.01655374977958009,0.004632647327259573,0.0033582546917368837,0.017615836427004664,0.008833764772635764
2023-12-14,0.0007572862250922673,0.006908031940006164,0.018028686210922424,-0.012278862363044296,0.026535283615448435
2023-12-15,-0.0027293875591530865,-0.01096031707671015,0.007532913632981619,0.0037389435973119774,-0.006716682399356272
2023-12-18,-0.008539804188441814,0.0018029135862008122,0.006033728135605171,0.014494200538272679,0.007405640738636486
2023-12-19,0.00534591779470364,0.006540622738135721,0.013266716358461642,0.003607283727454398,0.013096338147773832
2023-12-20,-0.010771777340570323,-0.020599214055109505,-0.011343326633079897,-0.011770896211966888,-0.016841692600600585
2023-12-21,-0.0007702781974799935,0.010191049685037826,0.005687602213326521,0.007066153198233601,0.004532096048068104
2023-12-22,-0.0055628217855735315,0.003996174155452209,-0.0005969704074948911,0.011880130555733122,0.0017676426924861741
2023-12-26,-0.0028448998567426366,0.004364745529664097,0.005896364134187514,-0.0015333460220030373,0.002254343950556138
2023-12-27,0.0005177332963800239,0.001343927540309969,0.005980056671511636,0.009354550111320635,-0.004710320906291694
2023-12-28,0.002223850081351873,0.0014700467635294354,0.005298924523331325,-0.001965460726516995,-0.014565476952839822
2023-12-29,-0.005439040479919957,0.0010213224286736422,-0.001175125187748041,0.0005074387439324531,-0.002098388582586243
2024-01-02,-0.03644264704375956,0.020397767938316057,0.011572980582604083,0.010349140620026015,0.02352581646242946
2024-01-03,-0.0075157145463444,0.006231780572852511,-0.004368030427373628,6.278658848008106e-05,0.008366709824100187
2024-01-04,-0.012781545469086273,-0.002114407896457153,0.006614385836051567,-0.009714311444271023,-0.008757459903310944
2024-01-05,-0.004021213939523256,0.003107788257782291,0.0050045372785087324,-0.006677941078761808,0.0030250789342346754
2024-01-08,0.023887333813959615,0.002479397325448008,-0.001452167279343011,0.00977908290866705,-0.016802225484180484
2024-01-09,-0.0022657687561574253,0.0006192724512001904,-0.007937527276547306,0.0066760261205538445,-0.01246330409205943
2024-01-10,0.005655281406512391,0.001483367173449846,0.00210720778349002,0.012351977932612813,-0.009881211304214356
2024-01-11,-0.0032278029111605226,-0.004457741959563266,-0.004218865269720998,-0.0011166568786778453,-0.000202663705217942
2024-01-12,0.0017765018586651984,0.007665106032940748,-0.0073671349293816185,0.0013025965637790944,0.012889129699464588
2024-01-16,-0.012393628874980573,-0.011582241862708295,-0.006290151743918097,0.0031564234332767498,-0.02287081664329104
2024-01-17,-0.005186765723319036,-0.0005609776175701922,-0.005371793862203424,-0.00470736786415507,-0.007294223200642767
2024-01-18,0.032051561391573176,0.0048503944706237605,0.001972865787849787,0.013382480209121547,-0.0018579289442716294
2024-01-19,0.015413597918571538,0.0029110764423708494,0.017114853465417988,-0.005282142860466536,0.0015483416213529814
2024-01-22,0.012089779691922941,0.004874472526249752,-0.0011750352542175535,6.151936530483217e-05,-0.0013418494231974918
2024-01-23,0.006631288865981001,-0.01650787320715104,-0.006605626133198397,0.0025214983408397627,0.011195276426216594
2024-01-24,-0.003490069600814459,-0.005333010594223618,0.008895747619674552,-0.014228516942585883,0.0171134632980624
2024-01-25,-0.001698227220283718,0.0037673857160628772,0.014209384598480746,0.014474226067579954,0.025084271392620806
2024-01-26,-0.009053453276510378,-0.00037613152481382937,-0.0038236959863585953,0.008743314809502972,0.008482437411227828
2024-01-29,-0.0035924169533508186,-0.0008780528719311077,0.002608447498740273,0.004676553119649646,0.0012614700577734399
2024-01-30,-0.019433339309092936,-0.00370920118213123,0.020287605893177175,0.0033269440232942355,0.016540202258930634
2024-01-31,-0.0195475000104948,0.0008184483648167242,-0.010894989869435738,-0.002055345806892579,-0.019648051733714537
2024-02-01,0.01325246951386743,-0.0034043933924908978,-0.003619848484231019,0.018347990330104133,-0.004093500755766092
2024-02-02,-0.005419934503425958,-0.011111957007184871,0.005739725910846988,0.007458374288901326,-0.004110490045533882
2024-02-05,0.009798626313809233,-0.00518555627968099,-0.0013174273294801113,-0.00538091681751893,-0.004127373776677253
2024-02-06,0.008594792042084508,0.014401476499423459,0.0034325448590199806,0.006795138882604256,0.006869440968133734
2024-02-07,0.0005808272763361686,-0.0005062662420679985,0.001882976561304048,-0.0025353707251934156,-0.00029313911064287153
2024-02-08,-0.005771265972873673,-0.01005155955617257,-0.003597638198855252,-5.9119443349633455e-05,0.01697475620347545
2024-02-09,0.004085683373416179,0.0022989928072464486,0.0012007739354141012,-0.0005314677236920811,-0.021386940800852322
2024-02-12,-0.009042718309197501,0.0069293501156761205,0.004446835132870776,0.00600742340701964,0.013662859291441327
2024-02-13,-0.011338522527233877,-0.008780805836763345,-0.008741594624346967,-0.00683479011192435,-0.008646210189743318
2024-02-14,-0.004821288715017679,-0.004676186718481777,0.010105819575658584,-0.003197749161304755,-0.004946147266325663
2024-02-15,-0.001576003894679398,0.013900315138880358,0.021580101135896573,0.004084127726185347,0.028256381098532048
2024-02-16,-0.008466118892898737,-0.001149013811332823,-0.0046810958118952825,0.006300724902327592,0.0
2024-02-20,-0.004122277426992487,0.008333109669184399,0.003902343831863764,0.03177426210792064,-0.009492646141911832
2024-02-21,0.004177187404889542,0.00518094686356663,0.006488716202868049,-0.012358563114853597,0.020231774258304074
2024-02-22,0.011181057881811094,0.011092913273051386,0.011924235336178106,0.009796491744654802,-0.000858550766286637
2024-02-23,-0.010084589676901937,0.008625834773167843,0.005012865521914575,0.0008547756952299666,-0.008820836169448464
2024-02-26,-0.007479239796994871,-0.0065092201739141604,-0.00343014854160227,0.018286981950789413,0.003940606088978414
2024-02-27,0.008081628993766498,0.0011811346681309376,0.0004909300144559556,-0.00016789180225614366,-0.0021124961444575594
2024-02-28,-0.006647429040895243,0.0035344488968969785,0.005056583974083509,0.0005035250809491133,0.002783737231604066
2024-02-29,-0.0037000433750118858,-0.0010525657614480909,0.00907041091522487,-0.01708595147317377,0.001915330101134769
2024-03-01,-0.006048695293695304,0.004574667230257923,-0.004147054417093966,0.002556026215597613,0.012550045527700502
2024-03-04,-0.025708815063489116,-0.014163454433469785,0.007473757953780343,0.00914801359051901,-0.014082000174833222
2024-03-05,-0.02885328653670397,0.0008129844680334515,0.009967441704161977,0.012401765228626902,0.012190501700507016
2024-03-06,-0.005895434258584303,-0.003946069426549412,0.005183889203274331,0.008788744555740748,0.010639980617545822
2024-03-07,-0.0007099431153029536,-0.002954151445903603,-0.008797030044223449,-0.003473249848919224,0.00560386629286164
2024-03-08,0.01018468250466652,0.004083365491798761,0.0018612183727259924,-0.003984051375595954,0.009362719233872057
2024-03-11,0.011762272202340917,0.010662381901157614,0.0003718454206363217,0.008941994871501715,0.005887758872352404
2024-03-12,0.0027745464825130167,0.009322155245738692,0.008198332415369209,0.012288147165669353,-0.006441577332705651
2024-03-13,-0.012196471094827238,-0.010128682259968765,0.008079401933931824,-0.002118988113603754,0.011108702804847917
2024-03-14,0.010867939170235692,-0.011801166383887679,-0.01797877788356513,-0.0008520698329100893,0.017557137857220375
2024-03-15,-0.0021989372827830784,-0.006490601148494608,0.012319478012919195,-0.005587431401155941,-0.001795953072431263
2024-03-18,0.0063521448468823695,-0.009017695807745781,0.012325236652099726,0.0029619895227710603,0.009214189156134056
2024-03-19,0.013493713705320546,-0.0035145481612833705,0.005848030477024323,0.0001642801732038549,0.007010033473457335
2024-03-20,0.014601937888424382,-0.0028849654218432294,0.013021921956436039,0.0062234344195376875,-0.0008845638922383611
2024-03-21,-0.04171570039669776,-6.428433678633364e-05,0.01380922925487431,0.003260014316290218,0.004415452662781568
2024-03-22,0.005296402113832044,-0.003344171704889343,-0.012333329117341101,-0.009483448735827914,0.0
2024-03-25,-0.008335095842293775,-6.429302443976575e-05,-0.009196590600491416,-0.004940699312207069,0.010169274303576463
2024-03-26,-0.0066949390787196675,0.0035370292706914746,0.004659890373425898,-0.0009911017316130077,-0.007529228987926893
2024-03-27,0.020990771882213387,0.013961145411246774,0.019178328679978075,0.0034645670738018097,0.010316613431129768
2024-03-28,-0.010615208633062968,0.001455184012547577,0.0039019503325972544,-0.009099223848111251,0.010985729257232082
2024-04-01,-0.008491711310148033,-0.002595245628465536,-0.006813095214290072,-0.002829409590126136,0.00643129377354185
2024-04-02,-0.00702357042333313,-0.00031682814536896075,-0.00040223380578027665,-0.014098966269788784,0.019385273475125073
2024-04-03,0.004786089446774561,-0.02224546810261283,-0.002820094853355743,0.0045536754677293996,0.00016769913705437322
2024-04-04,-0.004904406989726728,-0.011474746673003161,-0.007637485761370888,0.001177035109460201,0.0035143724594154007
2024-04-05,0.004491711983662955,-0.0007216227853122838,0.009158089008893635,0.005865136740673411,0.013688061497401824
2024-04-08,-0.006685725165826907,-0.005263477675151078,0.005202928352138014,-0.001170213201913167,-0.006779260258177438
2024-04-09,0.007216249804743105,0.004607082904030257,-0.006723531599660852,0.00016731321592772995,0.005212466951459693
2024-04-10,-0.011201842445091748,-0.013818753449885035,-0.008557883600386163,0.013786312461481983,0.008381990057461219
2024-04-11,0.04236098080957227,-0.00943189297841346,-0.00020474793600663168,-0.008781385102307283,-0.0033606596171368262
2024-04-12,0.00858958844604317,-0.008572139528863931,-0.06686417367617083,0.000831648788636028,-0.011728018834292175
2024-04-15,-0.02210614075705161,0.0004743321325207805,0.0005469535241172468,-0.0034978431838340717,-0.005748691114830733
2024-04-16,-0.01935311358249687,-0.021504725605069087,-0.01149343196916872,-0.0015029131434166436,-0.008306525595843574
2024-04-17,-0.00818069735417664,0.0022131494403156804,-0.003990272848179259,-0.0031801663414871137,-0.0005056988408946687
2024-04-18,-0.005730943297992057,0.006677680303139111,0.006476109916132003,-0.006559682035844291,-0.0009276281363232903
2024-04-19,-0.012287582237327016,0.014779679346723524,0.02479341827619434,0.004545942948287493,0.011409500845912015
2024-04-22,0.005077754357058082,0.008147286309236789,0.01924321620882988,0.0101946617562947,0.005656302581064575
2024-04-23,0.006371547405406266,0.0029463982629110447,0.014310296226712524,-0.01761339335804144,0.0038908077191245885
2024-04-24,0.01262230943600756,-0.00691062204213056,0.004880414858132496,0.013113728513587617,0.00016541112693209872
2024-04-25,0.005133894445312916,-0.011579472378114655,0.0015006265216606005,0.005663007178751095,0.0023102303284559637
2024-04-26,-0.003478765171717093,-0.004642435610844468,0.0006204931123042225,-0.0008307464319347625,-0.028168486508536008
2024-04-29,0.02450523252756165,0.004642435610844333,-0.0010859296224896633,0.0013289540695543582,0.014141725305443978
2024-04-30,-0.0184398018777864,-0.015305512352178523,-0.007999527414977071,-0.014884477162955285,-0.011517158883262971
2024-05-01,-0.0060654306497753075,0.044569117627659534,0.0006255995445980185,-0.008460425675294437,-0.0191214716102944
2024-05-02,0.021792778824069485,-0.008369480087967564,-0.001043022474933827,0.014507748368437462,0.0018084641411992212
2024-05-03,0.0580951889493403,-0.00434497207476531,-0.006018373606043837,0.0018405387251053532,-0.002066828842294559
2024-05-06,-0.009148337570559828,-0.004633231414905911,0.0077908650550208135,0.0008354009283360157,0.0064445571188229776
2024-05-07,0.00379013711892187,0.0009417863521419413,-0.001302955013748034,0.012449401158125184,-0.004980115178075636
2024-05-08,0.0018623888572123738,0.0015454151856277316,0.020134839157031032,-0.005292839200634195,-0.00017214671226446011
2024-05-09,0.009964455684641903,0.006024152535648371,0.009411257758794688,0.0057744657939781925,0.019523965587565605
2024-05-10,-0.006914220131655103,0.00040038825532906687,0.006409749716184318,0.0006616889687439706,-0.004060990926839858
2024-05-13,0.01749162031281625,0.008700716782842224,-0.00020110700625639166,-0.0011580819746898864,-0.00042385446816741617
2024-05-14,0.006154626054668661,0.0010573208770598501,0.013891702121197112,-0.009146064643314605,0.006051968646867208
2024-05-15,0.01214374772205131,0.008485432657215684,0.002973243965036778,-0.0005013991340680685,0.00770377286142374
2024-05-16,0.00063238723165845,0.010490410294757852,0.001779633358856731,0.06753218970251261,-0.0060053850439220164
2024-05-17,0.00015789236284867152,0.0023307798175540707,0.011393197817031556,0.009948871512154041,0.014904879373852719
2024-05-20,0.006143275254174371,-0.013982539082341854,-0.04601550048538959,-0.007296573416814371,-0.008140649059925328
2024-05-21,0.006833838059543284,-0.00019850032533388486,0.019944922039640604,0.015000610939394012,-0.006934127213633983
2024-05-22,-0.007566824087504558,0.014832643133629506,-0.006083041464260187,0.0015337227015543157,-0.020315101791328758
2024-05-23,-0.021283021791105892,-0.02506709006528179,-0.007033895197255963,-0.006303501530521469,-0.01720647843908198
2024-05-24,0.016451917505438278,-0.018404970399952366,0.01906363174592013,0.008293872512008284,-0.0007932104610328203
2024-05-28,5.2783962833462427e-05,-0.017779646894811638,-0.006046865550580168,-0.0052139040308902046,0.012616264469555263
2024-05-29,0.0015776914475116805,0.000415368832361747,-0.006991710222927436,-0.0018468665118354405,-0.010766393787227296
2024-05-30,0.005241442537696619,0.005798795938715571,0.00613913401067287,-0.00046219004539468667,0.0031631540809600447
2024-05-31,0.005006047202555173,0.009522175147626035,0.016419937268915708,0.013318128289396535,0.028282931227873932
2024-06-03,0.00921605085113573,0.007268892126238641,-0.004005209431433659,0.0009120639375387075,-0.02425557766486932
2024-06-04,0.0016478315013140907,0.0004060339756960822,-0.01326795127902319,0.011780811744383944,-0.015674854546805058
2024-06-05,0.007790586238345328,-0.01245886770784724,-0.009585860892522424,0.007330568103019461,0.003986008833429018
2024-06-06,-0.007121852811917286,0.003077898306260419,-0.001775769725985566,0.0008939909826663194,0.007486027610430422
2024-06-07,0.012315912983056747,0.0044975363623901265,0.015320601439714972,-0.019094019737894947,-0.010762269833854627
2024-06-10,-0.019333456078404306,0.0003400199543492427,-0.0017018771568367338,0.016260496075895737,0.002922510156149834
2024-06-11,0.07013132770478447,-0.002518137710907108,-0.026653340637667212,-0.0034409118843447568,-0.008079914376439639
2024-06-12,0.028177674937838196,-0.009241373963883167,-0.014667764506250737,-0.006314052794432096,-0.011116267028120838
2024-06-13,0.005476123916850362,0.0002751936081388255,0.011059601821555375,0.0058643437401983455,-0.008055473802482104
2024-06-14,-0.008201875499715489,0.0006186300876492283,0.0006193991465285984,0.0047862305057208366,-0.008487191596343374
2024-06-17,0.01948039804464694,0.002813025009694796,0.00617355545728534,0.0059505503214225325,-0.00689767929805644
2024-06-18,-0.011045228424801379,-0.002057601870229892,0.010306763795008013,0.002666480833688896,0.009369008739191042
2024-06-20,-0.021747589889207965,0.01451827836948089,0.008441484774951576,0.006046857036678637,0.02134669209682983
2024-06-21,-0.010499365619300363,0.006542415313971707,-0.012001208478321689,-0.0014716066706493849,-0.00880902434132623
2024-06-24,0.003127623555464517,0.0024840558611477913,0.01305753104212079,0.01447286632274767,0.029271282792982658
2024-06-25,0.004458269202855781,-0.013026767675983222,-0.004080965113372922,-0.021714597522465923,0.0028017809165933744
2024-06-26,0.019796074104215307,-0.002516888862372955,-0.003236492767687797,0.012821827796756372,0.00034981464839957583
2024-06-27,0.003978037396068614,-0.006971484575738437,0.008774674343458196,-0.006021989749738527,0.004273686363168928
2024-06-28,-0.016387720308339297,0.002465855340490065,0.0153951980413501,-0.0025077179842550373,0.0019127537156714552
2024-07-01,0.02868910136995925,0.0019140126971554342,0.01564865420974574,-0.003402618324300327,-0.0013907825420848097
2024-07-02,0.016109416412326223,-0.002803820952764781,0.016317947475004643,0.008705509958503223,-0.006808046781216341
2024-07-03,0.005794370468100179,-0.0023309153330853954,-0.0006705833805698332,0.0024942432178857612,0.005066915558691584
2024-07-05,0.02138983581245507,0.005407883687470402,-0.01333925873511308,0.026035715272072737,-0.012186243855099683
2024-07-08,0.006517588506728285,-0.006850498913355128,0.0018540327641984814,-0.005153241345285642,-0.010552045075956026
2024-07-09,0.003767885187777018,0.01073407452095289,0.011918828345953656,0.003152375974621369,-0.011115270188141475
2024-07-10,0.018628839838518423,0.016055442106631613,0.0008182845477950634,0.007269548899935072,0.008794794121685021
2024-07-11,-0.023494732770300564,0.0018053876145095163,-0.0016858306794838753,-0.008701225416996992,0.011813363904091703
2024-07-12,0.012966564673155828,0.0012014586451535086,-0.01217289408444767,-0.008055533900784773,0.00017665238989639405
2024-07-15,0.01660471810427558,-0.004279236746076534,0.02462829782686112,0.00532962148076029,0.01698223522061464
2024-07-16,0.0017902567199834768,0.01179040423733682,0.01685316301351289,0.005444080498315207,0.007178317930633593
2024-07-17,-0.02562167560569264,0.03622101535766338,0.015099304199969766,0.014750067096386285,0.013694268489794638
2024-07-18,-0.020748429809267114,-0.007435852538500328,-0.0322858871098681,-0.002960777329292606,0.009812299814072558
2024-07-19,0.0005797757089935396,-0.004708074544593554,-0.0009529489504117686,-0.00098902385384073,-0.023247900666843846
2024-07-22,-0.0015614893785355095,-0.0029133186005624156,0.002380634020516698,-0.005243519112367382,-0.006916418496425753
2024-07-23,0.004677377750809732,-0.012329305159859201,0.00023769907409256465,0.0038292754819899033,-0.016267470075139377
2024-07-24,-0.0291759773637111,0.025468770958051275,-0.008307076726753262,-0.0007080932571914031,0.014009410721868521
2024-07-25,-0.004816118268704114,0.021271986341113217,0.00038341765981176793,-0.00824946603382419,0.020823390841163456
2024-07-26,0.002158752577234271,0.0062446541114895456,0.01696375571814284,-0.003433301820043205,-0.0008521200650994187
2024-07-29,0.001283898775637956,-0.013032925671685137,-0.006570736444439054,-0.0022955459663527053,-0.010538474691065001
2024-07-30,0.0025625813067221294,0.01731896976630385,0.020374407019578544,-0.006195497678649233,0.01767241486970386
2024-07-31,0.014879650772674172,-0.02180671326988067,-0.011168648171573063,-0.00798109620787963,0.0035478026386483786
2024-08-01,-0.016892534268798415,0.018267195846299357,-0.02300697796824403,0.016615373868425213,-0.01392556797918436
2024-08-02,0.006845777984690051,0.020807296405759373,-0.04333763303166678,-0.01924117366344767,-0.0005987441420924115
2024-08-05,-0.049365624130136065,-0.01776374348253474,-0.02152154731464748,-0.012789557460873822,-0.01821759926004467
2024-08-06,-0.009796066266792195,-0.014240466704577851,0.027529363295279916,0.0022169770734390883,-0.005329040886523394
2024-08-07,0.012420769017557594,-0.0004405141117949762,0.0002993978142838533,-0.012328293706141183,0.013226562705009786
2024-08-08,0.016496415651299907,0.008272850013927805,0.018098694627328535,0.011146440842385733,0.018924303533600167
2024-08-09,0.013642513375723022,0.0024932727718363487,0.008490784775181162,0.004276928085039206,0.008110122725065498
2024-08-12,0.007104648603491133,-0.004617732423762805,0.0018932928699615125,0.01097723061331334,0.001261368008760138
2024-08-13,0.017046882034187326,-0.009363150097811314,0.008451383533631519,-0.00833140578533777,-0.009626025394678142
2024-08-14,0.0020316113264251287,0.0005681041924327071,0.011000389702030424,0.007749138314149486,0.009205677214902744
2024-08-15,0.01343986023312052,0.0038417397947114206,0.0062115332745443655,0.0637552420287003,0.006167473652993797
2024-08-16,0.005901045195822284,0.0018838362602288195,0.01137427916790366,0.00652895148706903,-0.004727762272361416
2024-08-19,-0.0007081422694940133,0.0015048026791904426,0.006893096742194305,0.003669537886931836,0.003041918908406963
2024-08-20,0.0027409907045912543,0.003314472497684069,-0.004325822227323615,0.011061605143920029,-0.033892963862730385
2024-08-21,-0.00048573716256215436,0.007898434944132478,0.00037289484730865447,0.009347030179604171,-0.006391427751524738
2024-08-22,-0.008294042138742899,0.005682819160346185,0.009414945474109183,0.004508831275657557,0.007699822735985357
2024-08-23,0.010235712406784609,0.01090426701119644,0.007725168267325641,0.0015863901230265985,0.013763404761701532
2024-08-26,0.00149763738054737,0.002920423023857312,0.003931731568204347,0.0043497941460591905,0.021180453999733086
2024-08-27,0.0037345124069314657,-0.002574301804916155,0.0045976806295701346,0.0013143802545982411,-0.009556381460876789
2024-08-28,-0.006776257676358744,0.005934983513175657,0.005028611660935509,-0.0006569741778829051,-0.00990615684954037
2024-08-29,0.014464874302970153,0.0018895511843046722,0.004148966721735313,0.004459160019442444,0.013722736026629597
2024-08-30,-0.0034436478079267765,0.0098761661290422,0.011588161221058487,0.010543614735481628,-0.001609576207444612
2024-09-03,-0.027582138757545466,0.007807365949968698,-0.020220822794737647,-0.0007774685469580766,-0.021165339719237123
2024-09-04,-0.0086561612540762,0.001195748777949702,-0.004412761021791294,0.0009068202616922874,-0.01228615782445179
2024-09-05,0.006903873942771463,-0.014262239123421446,-0.0077811527246068254,-0.0036316197852970084,-0.007833634001950406
2024-09-06,-0.007039668329516154,-0.0037041746864921576,-0.024042623156050782,-0.004166752354172338,-0.004693957759915766
2024-09-09,0.00040739750263419554,0.013474843408556246,0.020267617469848113,0.009092074795172477,0.020822087871685015
2024-09-10,-0.0036280369273441505,0.004611191776271162,-0.05328339921680368,0.018828595327164004,-0.03711185886235334
2024-09-11,0.011518770214917406,-0.015412815562116907,0.008091319199507977,0.0003806218768703965,-0.009975471224985944
2024-09-12,0.0004938248506135598,-0.0010926728894928403,-0.0030447400479385184,0.01034714697633235,0.013668379432489955
2024-09-13,-0.0012128214717629512,0.005330707636275922,-0.011097235168812804,0.011730957902087202,-0.0007194295440565025
2024-09-16,-0.028168409213354346,0.00884194220259258,0.017177472956039056,-0.0004962178076643735,0.013937442510244133
2024-09-17,0.0021703933994575092,0.0004789773448117987,0.006664863902875512,-0.024630530915418412,0.012958093054974749
2024-09-18,0.017829854285083987,-0.005521994086611619,-0.008253744600880929,0.005455759547031524,0.00349697081289385
2024-09-19,0.036395140729857195,-0.00803696020757582,0.014114826608817554,-0.01260608011073211,0.012317065421445974
2024-09-20,-0.0029316615917446883,-0.0040123177716471035,0.0028937943057865934,0.01298564259238323,-0.006313080602864172
2024-09-23,-0.007609902314426287,-0.005742712259702602,0.0016567844672903988,0.015936225234170747,0.01796896305434769
2024-09-24,0.0039661541015885895,-0.0026993610192546633,0.0007091681208254195,0.0042234480008174575,-0.0026448072205249727
2024-09-25,-0.004407931308931546,-0.013482826486338828,-0.0066385677172792965,0.009008470972349407,-0.019671190691316284
2024-09-26,0.005067441612798205,0.004906902345725525,-0.0019526483821701262,-0.018349105088183583,-0.017313835053845275
2024-09-27,0.00118601006114262,6.197504902479368e-05,0.0034264199307616717,-0.0017532727790366153,0.026420974549082904
2024-09-30,0.022614298851727437,0.004080989749024602,0.0017087796635058786,0.012085129010919845,0.012015091756994417
2024-10-01,-0.029574687371773323,-0.00043193961986778855,-0.0182824688864508,0.006419009415874683,0.022855842189489432
2024-10-02,0.0025164348589611922,-0.005075149096031442,0.0012067396981903192,-0.010389806677658568,0.013170555610537257
2024-10-03,-0.004906460707971209,-0.004165690422549642,-0.009987436944328736,0.0,0.008685133234609115
2024-10-04,0.00499486196452074,-0.0013093896058086886,0.03487821535713581,0.00632113946704201,0.018188921548679987
2024-10-07,-0.022788644227231085,-0.004752543591018056,-0.001374003919355136,-0.022995509199442595,0.004316618113960392
2024-10-08,0.018236725002051653,0.0010024885440877685,-0.0008535633525589502,0.007682198777010378,-0.02692055757813022
2024-10-09,0.016560520169763077,0.005993817590262187,0.012589414068118174,0.008619268154945186,0.00040950059260099473
2024-10-10,-0.002180567409371125,-0.0008719538903406163,-0.0027212900608508486,-0.009874676373036535,0.008563511961410678
2024-10-11,-0.006526695403691303,0.005901139999004931,0.043442098986107104,0.006136234476425823,0.0038094930016049243
2024-10-14,0.016345493212405336,0.0008667260715144147,-0.0036506230702475053,0.002369392397534512,0.0037951669366706802
2024-10-15,0.010964550469380057,0.015351970935383683,0.0041004637625150255,0.016796579774686512,-0.030522471062902234
2024-10-16,-0.008891428287602093,0.0010960703794808792,0.005604976472870698,-0.005280231146739405,0.0025725825345893293
2024-10-17,0.0015951242259783643,0.001156080254775092,0.0034817136055486147,-0.004071369065833004,-0.0025725825345892395
2024-10-18,0.012201725334082422,0.003944097772858992,0.0042240641146097475,0.0051786631758513404,-0.002828890856730288
2024-10-21,0.006278147127465022,-0.013965772344248045,-0.010571659188567973,-0.006168265039182945,0.0005830154830935449
2024-10-22,-0.0026252133463898967,0.0038005673431341738,0.005009756795668524,0.014862565322997326,0.005149885530167515
2024-10-23,-0.021860341803940912,0.014636909531815387,-0.0031728330748873332,0.015125110279817626,-0.003568836343648552
2024-10-24,-0.0008235359090431879,-0.0132918015345046,0.007002802144980897,-0.0027659038317333845,-0.005670129926425522
2024-10-25,0.0036364881487992097,-0.017193523456928976,-0.011938663016908697,-0.006402738492435152,-0.0008364367901414218
2024-10-28,0.00856264286464684,0.004465401118233389,0.014247311591948943,0.002904383471956182,-0.004949829977362297
2024-10-29,0.0011562802485245915,-0.009388097640855044,-0.01159698438659188,-0.012770044278558676,-0.013718564158391075
2024-10-30,-0.01539589184142917,0.003243104696756166,0.006751559424433331,-0.0038014924676249623,-0.005043478291842444
2024-10-31,-0.0183773166884603,-0.004680780925405021,-0.011157751241384604,0.006856830542820014,0.0007709654151945562
2024-11-01,-0.013368519229003065,0.001687666584950555,0.004585688300025259,0.002924296297288102,-0.015794544044571295
2024-11-04,-0.004045669726031111,-0.011873105420543612,-0.014275757534269191,0.003158422166354996,0.03134363164202603
2024-11-05,0.0064651833382372,0.0006949743663244593,0.007750548439732878,0.014807884663876942,0.002946411864948889
2024-11-06,-0.0032724087372011635,-0.002972642559570432,0.10925379117895696,-0.002872058690194072,0.017003257957015475
2024-11-07,0.021146982245969625,-0.007310833126288525,-0.044190516373772144,0.004901655091692128,0.0012388829656520954
2024-11-08,-0.0011888463183105625,-0.008071717096507867,0.0025350480425170617,0.011619848938104839,-0.00033019635902779674
2024-11-11,-0.012101598319432652,-0.002769802374808432,0.009700376639959185,-0.0073356687275127706,-0.005298496507058089
2024-11-12,0.0,-0.015600699667162347,0.001127748403678022,0.009219870422192421,-0.0009966476028988973
2024-11-13,0.003961295804017756,0.003922919844342773,0.006656693248180416,0.0059828196486428785,0.009263194501372883
2024-11-14,0.013676626263549752,-0.008980317353663374,0.0029397781280972256,-0.012119822538593752,0.0006637481851283566
2024-11-15,-0.014209772383513774,0.013927769912405377,0.014122304302057657,-0.002608152683110749,-0.010422291893644903
2024-11-18,0.013332890302858228,0.004987517574774765,-0.0011421238871438446,-0.00201967378489199,0.008346438277122748
2024-11-19,0.001139628516370541,-0.011502228674445608,-0.007948841636772404,0.02953101760091914,-0.014062258631644287
2024-11-20,0.0031491278710530225,0.0007186624327692713,-0.009548078876657127,0.006675214404734687,0.014145544543913778
2024-11-21,-0.0020982938869263373,0.015489066891680335,0.016394490648924037,0.013783782388134495,0.013292180104743962
2024-11-22,0.005890186255613637,-0.0021244463568848852,0.01536589843774489,0.022928048862009012,-0.0011488362412286294
2024-11-25,0.01296632752542461,0.003923602775724242,0.006976197898718255,-0.010448091308320666,-0.015056500625958858
2024-11-26,0.009360522697987624,-0.0001293567224361038,-0.0012793197980778277,0.020021531271984548,-0.016811374499062528
2024-11-27,-0.0005532492019868327,0.00567880441860184,-0.0007203965850782708,0.0062231652086437,-0.0026312410347525115
2024-11-29,0.010164032981618944,-0.0025126709691359016,-0.0002802417057162872,0.006725436770594157,0.002546432761244351
2024-12-02,0.00947747074508696,-0.0013558345037895014,-0.013993030227474723,0.0015121044223900112,-0.0009329552555761736
2024-12-03,0.012690990625024174,-0.015887798732743895,-0.005823853593566268,0.009347484980651419,-0.0015285901380572126
2024-12-04,0.001482583526046865,-0.012482452832636137,-0.005817195097899016,0.010002113583052707,-0.02923246576341578
2024-12-05,0.00012344946663617068,-0.006333488287192442,0.008509228824999205,0.008959204413761464,0.004365768022852029
2024-12-06,-0.0008233266465817176,-0.001405438470982841,0.007629270274649819,0.004188405684668559,-0.010597943761539092
2024-12-09,0.0159729149835866,0.0019403804107026225,-0.014455468157546135,-0.01973340673136011,-0.005916959058112072
2024-12-10,0.004125335640872022,-0.0024763616274746663,-0.0039040273407505753,0.007644141327533681,-0.0020392480086141966
2024-12-11,-0.005179552099152845,-0.017508175783776097,0.002755002495839187,0.004326771529667969,-0.006678932326351341
2024-12-12,0.00594596647154306,-0.0027313704071126686,-0.008246465289455598,-0.009204012557867,-0.0008938561296473937
2024-12-13,0.0006854307148722756,0.0025949353333230155,-0.0066047696679548415,0.003912247351873819,-0.00880275553355575
2024-12-16,0.011659440364001286,-0.01907305555332592,-0.0015015416178254931,0.006556887732029772,-0.02161404663140851
2024-12-17,0.009672529583185914,0.01763990798793353,-0.005105239298307691,0.005780564237808774,-0.004249682329295221
2024-12-18,-0.021654365000757174,-0.011402835604101512,-0.03409561435629543,-0.019792191862756783,-0.014830426749786546
2024-12-19,0.00699009825811004,-0.008115749479530534,0.011180103271809162,-0.0016046942668716255,-0.008587696457623131
2024-12-20,0.01864097767155441,0.006179418604914456,0.019721959111365702,-0.012497472045199572,0.0034060895987241217
2024-12-23,0.0030602186511885297,0.005522283918624965,0.0033193798150762547,-0.020702806640783087,0.004053396658971088
2024-12-24,0.011412669183405453,0.003984609143775567,0.016309832521822193,0.02546168033202991,0.0009402508994249585
2024-12-26,0.0031707803433773506,-0.0018528913913102906,0.0034194809685095095,0.0011861882486585275,0.0008455008963053565
2024-12-27,-0.013330685475177136,-0.0036473716601169493,-0.008135174805817897,-0.012252817947798046,-9.37998028012869e-05
2024-12-30,-0.013352091309990377,-0.011859112971469575,-0.007700449455355871,-0.01196309536932326,-0.0067848234314515496
2024-12-31,-0.007083000115013243,0.008890174627069295,0.0016281745761070271,-0.0024319552635672812,0.016969338784828966
2025-01-02,-0.026586016277200933,-0.004157465073315246,0.0012091381258894605,-0.0038813718741646567,-0.002419821721769278
2025-01-03,-0.0020114990647173763,0.0011799075151005022,0.013574073018942666,0.008629153190727962,0.005112251315924385
2025-01-06,0.006716338737429223,-0.0036824860491852063,-0.004887371043345705,0.007134823681557986,-0.001113289114593472
2025-01-07,-0.011453086178668505,0.017731110315884924,0.009586376779296807,-0.006804343394909008,0.00933076660535474
2025-01-08,0.0020209133301735496,-0.027453936378386397,-0.0001644281413771653,0.01084308501260249,-0.01687736408685975
2025-01-10,-0.024399122786915306,-0.0014772242631872535,-0.013499199686859868,0.012987087663176543,-0.0036537099122766798
2025-01-13,-0.010397816151840922,0.01682240226651591,0.0179314216214528,-0.01593259017140071,0.025484414829558905
2025-01-14,-0.004789708001543233,0.0019363308746160376,0.013260880759015204,-0.008117748263021276,0.003926655263424962
2025-01-15,0.01948492339048271,0.0015186824093750837,0.019527602575704184,0.006039638930527353,0.016182665076375054
2025-01-16,-0.04123901374109996,0.019130181857997898,0.007579748673264702,-0.00043790900553554885,-0.0017054363410211862
2025-01-17,0.007506965777208011,-0.005020436650197055,0.019048886781875555,0.006985406489390189,0.008943049898358526
2025-01-21,-0.032436128384581396,0.007588646757016109,0.014822461872138098,0.012322995794162813,-0.007596403543057841
2025-01-22,0.005330651846216455,-0.01963112133018317,-0.0007227268912014571,0.0016102898247878337,-0.017557011259684882
2025-01-23,-0.0007598037872330465,0.009386465199274552,0.011762918042045024,0.0062017790859344646,0.005644506344351685
2025-01-24,-0.0039422234965908135,0.00122686106808776,-0.004182551417054947,0.010076055609995705,-0.01361928899018989
2025-01-27,0.031285627224497466,0.04051125075798642,0.003806622076936551,0.02747879783120701,0.01380084989519884
2025-01-28,0.03589207525000086,-0.016553071707093074,0.0048404286501837045,-0.0011300135795175973,-0.01952305281627121
2025-01-29,0.004606230989137714,0.005107210569384402,-0.0020985276066447945,0.0021562784761374287,0.005814269438007833
2025-01-30,-0.007422132076653465,0.01131479471673808,0.006170472111935493,0.011725861919421097,0.008247859857668636
2025-01-31,-0.006714856808075872,-0.004720836820291244,-0.00347312275065,-0.004979448267761727,-0.025324805121069285
2025-02-03,-0.03444225187030727,-0.0018418580953466362,-0.0018347822086087998,0.013960719716200509,0.0024307564474124518
2025-02-04,0.02079017881540656,0.010610500027787354,0.0042262550739837635,0.012281079264702602,0.026447046660533935
2025-02-05,-0.0014183950191053172,0.007787753126558992,0.009250200451244299,0.01663170568517491,-0.0007277558881231391
2025-02-06,0.0032209059417261945,-0.007657528399197569,0.023642986640296203,0.0037992875049879847,-0.013284073880087966
2025-02-07,-0.02426072388200536,-0.002543750559039169,-0.003980336850746505,-0.016667040451860942,0.0042334046387043425
2025-02-10,0.0011867655489931539,0.007288026023503015,-0.017409724320396443,0.017347370963514977,0.018921669753964074
2025-02-11,0.021596874475223224,0.01217909737985305,0.01446841257894581,-0.004381878263483947,0.006288144431144976
2025-02-12,0.01810522653198019,-0.0055879552290744325,0.0016715838755450819,0.011063715933313067,-0.030548641133506086
2025-02-13,0.019482170521390545,0.012735875746272331,0.003153322491601905,0.013802567249190637,0.007239673167214721
2025-02-14,0.012630624559596643,-0.007019999949760269,0.0009767910554282515,-0.009660926589026874,0.00101685514201528
2025-02-18,-0.0005315837090903976,0.000516428007522091,0.01207479987956752,-0.0025021657650065774,0.01740125380985032
2025-02-19,0.001634720791833569,0.01853798010701033,-0.0025036912506622073,0.002117572860345758,0.001451740870927093
2025-02-20,0.003912848409096431,0.011273120760728242,-0.045608194684184825,-0.06751735282217815,0.01529488483629486
2025-02-21,-0.0011395912221459537,0.016274798480808598,-0.009641500453344564,-0.025315107069006016,-0.01176524250531065
2025-02-24,0.006292593647363321,0.008833357522791076,-0.011035450230635565,-0.011780483710053606,0.005226010634294906
2025-02-25,-0.000243024986817961,0.014249911117195379,-0.015190981933249864,0.04202130610744852,-0.013936718325271992
2025-02-26,-0.02741245313979255,-0.018288902581565913,0.005385571811503173,-0.015369879802928801,-0.0024636473262885745
2025-02-27,-0.01281262226414769,0.003977804692699185,0.0010040815638453855,0.00611428040171168,0.006283794614436911
2025-02-28,0.018951278767655223,0.00784803269428709,0.021387176374280108,0.018628988066735786,0.01065570914195626
2025-03-03,-0.01587971419994862,0.013602334064494194,-0.01534473615011859,-0.010397577137752703,-0.03259231698353774
2025-03-04,-0.008861547907772136,-0.011181273483721329,-0.04060299150775104,-0.027213873282056357,-0.0020435951391015944
2025-03-05,-0.000805666320020764,-0.001815389698709116,0.005101831118425128,0.010578636598930479,-0.0197207675664466
2025-03-06,-0.0017406857767680698,0.004290827301034274,-0.02003805482422618,-0.014059587336352562,0.0204643763673566
2025-03-07,0.015767658286874184,0.005172624069619841,-0.017430156508055104,-0.03133979675698487,0.012924875464238537
2025-03-10,-0.0496941449854956,0.006040711533936823,-0.042408804290564386,-0.04345109159913067,0.025180196999937673
2025-03-11,-0.029623876941397523,-0.011032493008477182,-0.013352060612534328,-0.00433651502210802,-0.023896820744238444
2025-03-12,-0.017633238021959693,-0.018314497187776953,-0.005426299665156331,-0.025951472128973356,-0.0002748182368683398
2025-03-13,-0.03422268431660869,0.0008593432255272502,-0.011962418083321744,-0.008249862218899631,-0.004224149485181021
2025-03-14,0.018007525147731917,-0.0011049638322962725,0.03168775799735059,0.010008954053454241,0.02928995728654538
2025-03-17,0.002386019105446205,0.00018429412069696582,0.006389698579885851,0.02442106870709971,0.016485245542378214
2025-03-18,-0.006140356598409252,0.008621514296179354,0.0044359269440507965,-0.021613141567637262,-0.0010553751471361393
2025-03-19,0.011918036343686754,-0.007700844584580046,0.017465880962769558,0.008608644162048531,0.015455544202237268
2025-03-20,-0.005310537672554491,0.0001839933744236964,-0.00041833339966424794,-0.0060415210490409495,0.004236643049669525
2025-03-21,0.019289669605934746,0.0037349727972339243,0.010902180099820883,0.004721651687106789,-0.0034571782699026996
2025-03-24,0.011207406057225274,-0.002080068672943529,0.02626311458559733,0.017409556633810493,0.0025940208280007568
2025-03-25,0.01358913473759877,-0.01399915211124647,0.012299989388212305,-0.031700474328176693,0.006798895228826058
2025-03-26,-0.00997136985447036,0.004337699258412537,-0.0003982438500949542,0.005294891166424409,0.014306588551818756
2025-03-27,0.010418229142255814,0.008681160742877565,-0.011659982809724502,0.004916797321165886,-0.003218124377625804
2025-03-28,-0.026939980585353223,0.0035489839837047977,-0.021468469940010126,-0.005621031905390937,-0.0013580076418014799
2025-03-31,0.01922658088657054,0.012926942769822855,0.010038050906528236,0.030533127311774513,0.010141094168216324
2025-04-01,0.004760596623475336,-0.07895275719599418,-0.006708183361049222,0.011776876043870966,0.0009245574408212043
2025-04-02,0.0031313811784993775,0.01367423769732119,0.008825731528700989,0.010414866642947005,-0.0031129727758929054
2025-04-03,-0.09701342837187395,0.028303293520516658,-0.07223215725701247,-0.02824709719772702,-0.0540158567231154
2025-04-04,-0.07568016425522749,-0.042043009818590785,-0.0777867615988934,-0.04776516550330061,-0.07467600908084912
2025-04-07,-0.03742597592669961,-0.017245042921902938,0.01958989550245123,0.007663727492816964,-0.013508455051293401
2025-04-08,-0.0511019067487591,-0.004124817467664922,0.01126820062548177,-0.024635907594473476,-0.021305742610242567
2025-04-09,0.14261742992966572,0.006445814737236385,0.07747490486919889,0.09120040036378099,0.048709929850108115
2025-04-10,-0.043318680896740624,-0.015217527067641805,-0.031338593092829846,0.01120920858944718,-0.0570805721593733
2025-04-11,0.03979213263841825,0.02023904166787842,0.03924442574150292,0.023882158821851313,0.03161731695551666
2025-04-14,0.0218145145310943,0.017184863504163008,-0.006285572942780868,0.0205840438613792,0.0024209953775789633
2025-04-15,-0.0018782387688181014,-0.004805409874714804,-0.006797011527492763,-0.008055064869639446,-0.002808880524393985
2025-04-16,-0.039711556124364056,0.0018859634139730705,-0.015214082200087766,-0.03003047480882811,0.010516850597491237
2025-04-17,0.013853268530124401,0.022866804145452207,0.01018278994564217,0.022016977277611666,0.025864699065377972
2025-04-21,-0.01958325152299776,-0.003498832435805424,-0.012886575496702562,-0.008726991454870145,-0.014792765133711675
2025-04-22,0.03349752404570656,0.005275322760005326,0.028414584561694545,0.026061555912729056,0.02761706110071877
2025-04-23,0.02404041684625416,-0.015137604145872254,0.022205969272053983,0.0011589056400549825,-0.008624471338375732
2025-04-24,0.018258392568158418,-0.002900355954398388,0.01548876259188376,0.009224339286024787,0.011666868786650405
2025-04-25,0.004357709325939014,-0.0022616055929019514,-0.0044654666860156084,-0.007856201561863646,-0.000552542097898634
2025-04-28,0.004100949867945223,0.004968920394551253,-0.0013558661641325399,0.0013661061144233646,0.0005525420978985309
2025-04-29,0.005079008067031125,0.003598185784750077,0.005739509613778957,0.008574861398523748,-0.0024886996560466008
2025-04-30,0.006089043625775631,0.0025622435103545014,0.0,0.012520129546588508,-0.025516486815005537
2025-05-01,0.003851397157946778,-0.011906044773820828,0.009236955514756437,0.0016440574138509622,0.0014190360306101082
2025-05-02,-0.03807755324706057,0.010689764656648431,0.022507974042952447,0.01366244275349946,0.004056708266498923
2025-05-05,-0.0319640494286345,-0.007199837813411045,0.00019800019864706612,0.005856239330442235,-0.02807128838610247
2025-05-06,-0.0019123975643469287,-0.0034250680337617086,-0.013192522404081135,-0.007883656497409328,0.013847723432359498
2025-05-07,-0.011450126177303099,0.01815488366926532,0.0005616123014167908,0.0028372188708490954,-0.0009553678044332461
2025-05-08,0.006298682870183916,-0.0104806200164416,0.01622755754889683,-0.014266966870699567,0.013859962225711618
2025-05-09,0.0052521341297693015,-0.009294016379262002,-0.001539827801498134,-0.004899181174501895,0.011622664857751387
2025-05-12,0.06123270457986428,-0.0005190071041989479,0.02716825512553586,0.00031010622064105365,0.01709285837246466
2025-05-13,0.010101134366084815,-0.037680361560347174,0.011318163815433656,-0.00903283789875334,0.0027445478453984587
2025-05-14,-0.002821915567666075,-0.014111457458028297,0.00994999321188632,0.009859450718131893,-0.008993439049795998
2025-05-15,-0.004153011362385959,0.02196252150446315,0.006940096679528279,-0.004969557231504946,0.010089386061630422
2025-05-16,-0.0008988927018334104,0.01143095579256665,0.0002616681523086635,0.019426123423548155,-0.0035982690536243023
2025-05-19,-0.01180856973099973,0.007636216933830857,-0.010066875699551003,-0.0012222471205856316,-0.016025763356790373
2025-05-20,-0.009238837244430798,0.007643237971124613,0.0030155675876636394,-0.0032665691562544165,-0.014379150175724267
2025-05-21,-0.02332908328372771,-0.003128644713073813,-0.017618911084866476,-0.01410734400738208,-0.012367698268566495
2025-05-22,-0.0036187788474254367,-0.0037279720536182582,-0.0014183491246466632,-0.0051985667727751554,-0.006678629567994217
2025-05-23,-0.030711011098037283,0.002159867719802711,0.00015326521622591597,0.00426478977888053,0.00058249758016599
2025-05-27,0.02498354497218335,0.01056131950657618,0.017415044705874606,0.012788976072215744,0.004744635462129146
2025-05-28,0.0010483209838462113,-0.005364976910512681,-0.006808183840663011,-0.003490371504637369,-0.013714077270914699
2025-05-29,-0.002347847006089547,0.0075160951464790585,0.0033339977264239965,-0.0014407369566046104,0.005664049660806778
2025-05-30,0.004490971566009687,0.010557317197420127,-0.0014001162741646817,0.01654617382220931,-0.003804970682488117
2025-06-02,0.004223109664034628,0.0012234316436508282,0.0024966242586881406,0.010579859590592997,0.007304453314152093
2025-06-03,0.007753652101768954,-0.006326260748374178,0.006064853390356132,0.002102729330095199,0.007251790286877715
2025-06-04,-0.002216156247523734,-0.007801410830648493,-0.007728576800515142,-0.006321188587376695,-0.014556243601029945
2025-06-05,-0.010856506920465105,0.002867793517557202,-0.008628606980797555,-0.014089741739390222,-0.0046050156701761425
2025-06-06,0.016265240532287863,0.008876199674204728,0.01432726249178955,-0.005014622220766434,0.023678770203598834
2025-06-09,-0.01218652399455137,0.001289147491276105,0.003793443649556445,-0.00020517318987724843,0.006691054087053115
2025-06-10,0.006037878007107109,0.007828576653190825,0.00694904157985181,-0.0013349301472815715,0.021208274865164297
2025-06-11,-0.019380444147243964,-0.007635307295901357,-0.0016768250459485443,-0.015741780101064588,0.019305002400603552
2025-06-12,0.002110757653435422,0.008976772074803522,0.00033570652876443655,-0.010176826382153866,0.003834889490443914
2025-06-13,-0.01390138715672292,0.0028047091984972697,-0.01234099184149388,-0.004121089064673384,0.021547005924098053
2025-06-16,0.00997805452051017,-0.012039047041318581,0.020213141247727356,-0.0015896366772365032,0.0032056251893999243
2025-06-17,-0.014109777787359817,-0.018466169120592138,-0.0031116967992701385,-0.00042439569039339034,0.013423103925955767
2025-06-18,0.004793273650902878,-0.01088728081883104,0.01633935353132395,0.008873000943750717,-0.007130716992710083
2025-06-20,0.022235368433496387,-0.006255932259537882,0.0037890238234018878,0.010773678389905686,0.013252219592739176
2025-06-23,0.002484519702133711,0.010162623631476792,0.01182089685682301,0.018042588202355207,-0.0261453414078083
2025-06-24,-0.005973143235657363,0.005732895683653727,0.010687507753025474,0.0013274332309313418,-0.030900265798717727
2025-06-25,0.0062707707992621506,0.0005911688672643818,0.009906035960693603,-0.007579726510786965,0.00027692812663624144
2025-06-26,-0.0027821472657385575,-0.00177465947354032,0.016375772302118827,-0.012831324911268923,0.014838126694673524
2025-06-27,0.00039795650093479016,0.0026279650059449194,-0.005695852818361664,0.01293415682047378,-0.0055615009371979204
2025-06-30,0.020136064838529186,0.0022283016181788096,0.009705063872705368,0.0052294297530301685,-0.014550316439285421
2025-07-01,0.012833484940532585,0.020540550664946672,0.0017233635425632863,0.004693454806068395,0.01326954126666699
2025-07-02,0.02198727246252242,-0.0023114581725760986,0.005459978622748444,-0.006433587611265648,0.016433363968976038
2025-07-03,0.005211324649086169,0.002888589605611214,0.018411744262254476,0.007654342667313543,0.010302396229880034
2025-07-07,-0.017001530618853553,-0.004754648386286438,-0.013708274098280527,0.01001474943233,-0.009762269749261006
2025-07-08,0.00028565044816167973,0.0033433278184546084,-0.03198194467648673,-0.023010586103449023,0.027343107709888775
2025-07-09,0.005366309592885226,0.003140417358058522,0.0013427780064336195,-0.002888093646586899,-0.00342125747795827
2025-07-10,0.005996992444199953,0.00898193624209991,0.017607980527499748,-0.020348189574080203,0.009880757148773343
2025-07-11,-0.005902303230973185,-0.005022473950926969,-0.004625763811522308,-0.004861096660302541,0.00434104528793287
2025-07-14,-0.012101667209099788,-0.0005100118234897325,0.006393868334737914,0.014512807400186045,-0.013167924798426626
2025-07-15,0.002345927217705193,-0.010577496889001723,-0.007475076236066229,-0.004080050110289324,-0.008905417516309227
2025-07-16,0.005008802352218167,0.06008989360545487,-0.002550841311748418,-0.00251916174810127,-0.006040638315298614
2025-07-17,-0.0006663146806188268,-0.010983628909180258,0.014173923588222817,-0.0006308238264633545,-0.005091775768332925
2025-07-18,0.005508005171935988,0.00440801572221492,0.004714372921954862,-0.0004207433592100126,-0.03545924708506878
2025-07-21,0.006136942437673761,0.004023730391260216,-0.0010303035552533756,0.006501671888337159,0.002594784120241493
2025-07-22,0.008995641961368423,0.02148789765411253,0.0015796354039255781,0.001879743397072612,0.004524697445005799
2025-07-23,-0.0011667827068807038,0.0069431400185963376,0.018123901169806483,-0.001775121950096383,0.012725026977726936
2025-07-24,-0.001822877971706493,0.0027166524343213514,-0.0007080915530888997,0.00956938730548843,0.007792576094794434
2025-07-25,0.0005613994475011041,-0.007458740925609254,0.006956182994856587,0.008965893027338,-0.0035262937663633233
2025-07-28,0.000794484270361075,-0.01243595977295054,-0.0011392212386078723,0.001435271860512973,0.00937619423743613
2025-07-29,-0.013072712105562628,0.011306262368695181,-0.004165876418404352,0.007349313191573725,0.012838954590821933
2025-07-30,-0.01056346823372082,-0.005068950969855051,0.00868177982118517,-0.0075541920832261356,-0.008719715649973047
2025-07-31,-0.007104917140161617,-0.015181005998279205,-0.011378620454646136,0.00398841308481381,-0.0023260999536843653
2025-08-01,-0.025321450193633674,0.015599360482716313,-0.023463645305086635,0.005191554860710724,-0.0180771668039873
2025-08-04,0.004781502047570569,0.021929500750490466,0.016757515207078078,0.011106718720014955,-0.02092152092855058
2025-08-05,-0.002116824474054981,-0.0017552957332413052,-0.009869701506412348,-0.002815492104224766,-0.001211444524210152
2025-08-06,0.04965332522662908,-0.0008791270888189988,-6.874417104974324e-05,0.03997185851325497,-0.006830493399847536
2025-08-07,0.03129872283917275,0.00549514759736139,-0.015252131556292552,-0.002324685397176737,-0.005271574885112789
2025-08-08,0.041485409923810924,0.010439264395061293,0.0063227301106405145,0.005897965170293268,0.007990722094596142
2025-08-11,-0.008372414173504787,0.002823072785150632,0.0027666024984096204,0.0019262295543545688,-0.009123921721306575
2025-08-12,0.010813746046473135,-0.006001296517645186,0.011298002043544053,-0.0029871464584012614,0.0028307442517285764
2025-08-13,0.015897425213632726,0.009447038214497463,-0.007953722814745701,-0.025708960225664105,0.013755778145754021
2025-08-14,-0.0023599497851947006,0.0017184736044593774,0.012417102696107218,-0.0013871254037579792,-0.002046608891072205
2025-08-15,-0.00512524691847009,0.010929133110556084,-0.012554779213464205,-0.006131222916553473,0.0009394214063426798
2025-08-18,-0.0030271363099408618,-0.0022103562911138853,0.003573763564209445,0.006975510212396044,0.0021575392901406463
2025-08-19,-0.0014302554551242166,0.008756041833101604,-0.002988608723113372,0.005841904743084248,0.006537793010342532
2025-08-20,-0.019931929674317703,0.005832084903516941,0.005421016033219838,0.012557849333435988,0.010280175611963118
2025-08-21,-0.004923371505184058,0.00050309745134257,-0.0026382207125502746,-0.0459862648449046,0.006429253518176749
2025-08-22,0.0126365749870192,0.0020099502120589207,0.016232821849506085,-0.011602309850681943,0.018593769485025006
2025-08-25,-0.002637701148210796,-0.004920362434591423,-0.004533634284004884,-0.007879850069615196,0.004125134227529742
2025-08-26,0.009419995140618113,-0.003506630111320987,0.012368188815051183,-0.00020807882530231994,-0.002239840132210994
2025-08-27,0.005132819774613846,0.0016981496727073938,0.0023751213265718954,0.0003121820791676571,0.011238145575957719
2025-08-28,0.00894069639109968,-0.007608325653270501,0.00596334283374866,0.00031224475246183637,0.0053073908309350425
2025-08-29,-0.0018076963859366994,0.009755565390525354,0.0011617921936450048,0.009011438063136009,0.008258606566329417
2025-09-02,-0.010479368147412734,0.005010798995421569,-0.005722669168439477,0.008930799506126613,0.0034938906232529856
2025-09-03,0.03738237103756892,-0.00033697814881956104,-0.0006341631872104444,0.016118796192359,-0.02453786456814969
2025-09-04,0.005478307652190442,0.004260604233850691,0.01428761796469974,0.014872783620238,0.0043688703330497436
2025-09-05,-0.00037550830293499635,-0.0018478227431043927,-0.03156404376239261,-0.004170011905716383,-0.028608102941719102
2025-09-08,-0.007580039357514406,-0.0016827034445926372,-0.00500608176587374,0.017456893048153725,0.00565999673938719
2025-09-09,-0.014950578406501531,-0.0065898825029884695,0.01672458061359122,9.778286390199572e-05,0.007256186383408054
2025-09-10,-0.03279126491668058,-0.006633686046308515,0.00899103139552494,-0.018549961865115965,0.01658120276212899
2025-09-11,0.014185312195141271,0.01529855689934818,0.016565247942014506,0.02206326747487969,-0.0032051404698155103
2025-09-12,0.01741041448711368,-0.0024680882473852713,0.004408446558456795,0.008149754933719243,0.00017843033503016467
2025-09-15,0.011173344217996381,-0.0037134596524707945,0.006462927961023862,0.0019307981049086263,0.0016925588605165981
2025-09-16,0.006107180813938619,-0.005312746642334233,0.000938441293341608,-0.002607314077303799,0.020526585188024568
2025-09-17,0.003521070384509722,0.00418474392422243,0.00824566913716915,0.00818524759829178,0.005305126480726082
2025-09-18,-0.004655478775517518,-0.0173046562305467,0.004736032866453098,-0.006446357352264617,-0.011866533502603882
2025-09-19,0.03153064137146085,0.01158862623719325,0.004936140245467182,-0.012334398948353139,-0.009790596349332919
2025-09-22,0.04219282822522297,-0.0113015376994907,-0.007461455997900253,0.004776923046364175,-0.007116191392509592
2025-09-23,-0.0064640616812105395,0.013512545238050401,0.000959637447127489,-0.0029219632062117717,0.017082346032124322
2025-09-24,-0.00836719956426262,0.0006227459888834486,0.0021720725419695163,0.002046262881986169,0.005338953522439564
2025-09-25,0.017911552240696984,0.0058687327320909475,9.575463165761654e-05,0.003110131685450437,0.008950703981605695
2025-09-26,-0.005504238769601875,0.011078942971011228,0.008292206523674787,0.0010669079376938804,0.01400308428172693
2025-09-29,-0.004040113906832607,0.010572147678328246,-0.0011713919245234059,-0.0007758540649570167,-0.025926060168128495
2025-09-30,0.00078582458398959,0.02070690803005447,-0.0008239566032105576,-0.00019400161838345096,-0.012953443528426336
2025-10-01,0.003215140368350492,0.0033919546717416688,-0.015076722044174576,-0.010730732567846313,-0.006763470985532389
2025-10-02,0.006555081944564943,-0.00037636279401477845,-0.01022241278801412,-0.0025534134934386255,-0.006270095337970547
2025-10-03,0.003455166908929536,0.014201397164625476,0.008031475138826127,0.003631645600590453,0.01754672521921553
2025-10-06,-0.00516784652475874,-0.0025478556340776553,0.002104449370548132,0.006153270889737286,0.008265072634512151
2025-10-07,-0.0008182686426672032,0.0038721784988244644,-0.004830776503950356,0.005244337836357172,0.000525269093930094
2025-10-08,0.006141260954030339,0.0042263818949688425,-0.01196643131771244,-0.0032988514625538526,-0.002102665001100252
2025-10-09,-0.015700375384075295,0.007300995704800587,0.004921611514337435,-0.01104222233705733,-0.009782830508572387
2025-10-10,-0.03513206563064245,-0.0018858052099226647,-0.015303045496079254,0.0006875561678054706,-0.01949617947245177
2025-10-13,0.009697219450940967,0.0009433062715078403,0.02325750063382461,0.002745657743077672,0.013544624424491898
2025-10-14,0.0004440322254129627,-0.00026182218663028066,-0.019310568668760623,0.048640992352321666,0.000445304229581017
2025-10-15,0.006316540342189272,0.001675196880999554,0.011879608665396623,0.0168334523216127,-0.006074122347405718
2025-10-16,-0.0076088746070517846,0.004957087068628994,-0.02366750205086559,-0.023759691479345483,-0.008728909281046597
2025-10-17,0.019370687428605825,0.0057092746005778525,-0.0032880390458567164,0.0117647811507842,0.014357727398871319
2025-10-20,0.03868081981174386,0.002584315126014888,0.016002350664474377,-0.006332096206951486,0.004089923586608985
2025-10-21,0.0020189956678770657,-0.009543590295672543,-0.01758318264479671,-0.007783567726549162,8.874101511746629e-05
2025-10-22,-0.016576782761846234,0.005509152285429889,-0.01008122947510232,0.008623872186450771,0.017589031508158978
2025-10-23,0.004362622059364062,-0.0024390372506586347,0.0014609744098339644,-0.002616698771277403,0.011010637781037537
2025-10-24,0.012404496504713917,-0.010813281101954408,0.019833214005043415,-0.006478086363230425,-0.005100114193700339
2025-10-27,0.022535430692392146,-0.0005252526300603253,0.012273018568832807,-0.016141487816751,0.00475524941566011
2025-10-28,0.0007064546806767953,-0.017867572192370822,0.003970291391725924,-0.012521988143993358,-0.007880058182586386
2025-10-29,0.0025989438500351207,-0.001766822918940515,0.0004911655410182541,-0.0069056253215320235,0.012269177907790831
2025-10-30,0.006283564499940692,0.013044197030941755,0.01278168110500893,-0.0022472372299843944,-0.015229150884092008
2025-10-31,-0.0038023760230781467,-0.0009527068268901349,0.005414430516229459,-0.010324027538911113,-0.0028815058047995602
2025-11-03,-0.004894204257525566,-0.013915218020320884,-0.00570533792129416,0.0040439327752428015,-0.005260462732865815
2025-11-04,0.003672982048232747,0.003216043534216881,-0.0003233186146959154,0.006671209614509678,0.0033348356805141632
2025-11-05,0.00037027639315674913,-0.004613015112425122,0.007826971566643288,-0.007853026535452211,-0.004038289342401683
2025-11-06,-0.0013707648047970096,0.005201511158939693,0.0055672202006174345,0.0020673395999064037,0.007187356442811212
2025-11-07,-0.0048306116605628165,-0.0021415337124101362,0.0025172823009005554,0.008909785913283494,0.023477681432779014
2025-11-10,0.00453831102080292,0.009813799323190316,0.0084932877065295,-0.0016584411425750326,0.00849477222468513
2025-11-11,0.021371265994227246,0.028361069434004786,-0.004015781751829851,0.009909788384519615,0.013109491581355144
2025-11-12,-0.006487770006386278,0.002884938250540464,0.015062455972788737,0.0,-0.013955728898768309
2025-11-13,-0.0019032864784390288,0.004414353107903627,-0.03470788939433828,-0.008738776812285404,0.005656189838647601
2025-11-14,-0.001980378999716703,0.003476638404523751,-0.01914958084439406,-0.0005853343776141164,0.012908827371873988
2025-11-17,-0.018338227860662415,0.018457744637030142,-0.01072895171512671,0.004575813783519147,-0.013588502202634248
2025-11-18,-7.494269318828434e-05,0.0021021697145552254,-0.003201193006381742,-0.015269032300348914,0.011406529995156805
2025-11-19,0.00417927791327616,0.012471899264828137,0.012809672882117751,-0.007722844321138307,-0.014214609450914753
2025-11-20,-0.008638680660608985,0.002761531306262253,-0.01625565224692877,0.06260471356699461,-0.0028161199866520476
2025-11-21,0.01948945166198309,0.004078848666753698,-0.0012073146958899105,-0.01685293790571021,0.0005126905992687743
2025-11-24,0.016185865239936655,0.01048925347604127,-6.698885365101652e-05,-0.012035690756098547,-0.009525944664021112
2025-11-25,0.0037981174643085826,0.009333575194169023,0.016639313176714444,0.02786123010518928,-0.012669400835788177
2025-11-26,0.0020919168217879975,0.004297081404044627,0.015197488830821964,0.019435982651501923,0.0022679347254601985
2025-11-28,0.004672931656329052,-0.0030881278943941564,0.01752837065397771,0.012841158064533292,0.009970140971615835
2025-12-01,0.015126085396804035,-0.007665121757625979,-0.013376274246441593,0.00918758446691046,0.006106301841600969
2025-12-02,0.010855813667109684,0.0003894549774468923,-0.003372289131460661,0.007859334351342461,-0.010775508287887828
2025-12-03,-0.007153630197795877,-0.00043815695461721095,0.01370975547657274,0.017635565630398906,0.02075729115011051
2025-12-04,-0.01221570568772077,-0.013977328787905016,0.012638696819760634,0.0037512744353776443,-0.00561851989302896
2025-12-05,-0.006863676920741724,-0.0027199968310567682,-0.003359027746561974,0.002348340188360029,-0.005135199291942272
2025-12-08,-0.0031975495274368187,-0.0015363989461527345,0.0005395111499937944,-0.013556838279961079,-0.0048168110931915906
2025-12-09,-0.0025583338957931995,-0.008267341686514537,-0.04775790962736907,0.013122502626340205,0.019383256933974528
2025-12-10,0.005755883423229985,0.03237670256459841,0.0314458964768887,-0.016474328264876135,0.010850036857111965
2025-12-11,-0.0026939973492764928,0.016661045912903318,0.023172725367381627,0.02046415733150635,0.0
2025-12-12,0.0008989157235724109,0.0074480461678030786,0.003585424751679636,0.012199264241689428,-0.006041371445432973
2025-12-15,-0.015098467426605677,0.012166964184284451,0.004698244603120113,0.0007709219323895221,-0.008961023294679286
2025-12-16,0.0018224768125210816,-0.02300145625916195,-0.01406632978980297,-0.01179977712486264,-0.026503045960243138
2025-12-17,-0.010138143375682697,0.004909056746523371,-0.0018079787857562713,0.002077254946366195,0.02352647458994513
2025-12-18,0.0012866188761622868,-0.009650361533248638,-0.006305930867998783,-0.007202054580538011,-0.007437516587484599
2025-12-19,0.005422873807698685,-0.009356737436392478,0.013360748689700244,-0.0041014716543117165,0.0012862741511656824
2025-12-22,-0.009915062523911944,0.004592920327711315,0.018366893132135312,-0.015509653107989815,0.012434110573555309
2025-12-23,0.00511662061139001,-0.007455945570961805,0.008751697900545953,-0.01521286125375313,0.010691701341515824
2025-12-24,0.005309645046856358,0.009672179330440582,0.009891810050312826,0.006381809330918632,-0.0016761741714663562
2025-12-26,-0.0014984650753561758,-0.0007221940770544761,-0.0038350969581531147,0.0011640553627052536,-0.0009231307121181075
2025-12-29,0.001315946478043144,-0.0003372024766256904,-0.012767631944483378,0.007045064167963579,0.011851317862069532
2025-12-30,-0.0024871571416660047,-0.003136457983064614,-0.001019821077378492,-0.005435523654434855,0.003809187897406542
2025-12-31,-0.00447751549367368,0.00019330634147694407,-0.003717240984522652,-0.0045671905013909215,-0.005386872435604194
