Date,AAPL,JNJ,JPM,WMT,XOM
2015-01-02,24.1717529296875,75.73739624023438,46.066795349121094,23.07231330871582,56.777896881103516
2015-01-05,23.490798950195312,75.20840454101562,44.63663864135742,23.005155563354492,55.224365234375
2015-01-06,23.49301528930664,74.8388442993164,43.47926712036133,23.182432174682617,54.93077850341797
2015-01-07,23.822431564331055,76.490966796875,43.54561233520508,23.79751205444336,55.48737716674805
2015-01-08,24.73775291442871,77.09241485595703,44.51870346069336,24.299795150756836,56.41092300415039
2015-01-09,24.764280319213867,76.04170227050781,43.744659423828125,23.998960494995117,56.33140182495117
2015-01-12,24.154077529907227,75.78085327148438,43.368682861328125,24.178922653198242,55.248809814453125
2015-01-13,24.36852264404297,75.9112777709961,43.37605285644531,23.98821449279785,55.0469856262207
2015-01-14,24.275672912597656,75.36054992675781,41.87957000732422,23.263011932373047,54.887962341308594
2015-01-15,23.616819381713867,74.26639556884766,40.53789520263672,23.469829559326172,54.41088104248047
2015-01-16,23.43331527709961,75.38955688476562,41.23084259033203,23.305988311767578,55.73200607299805
2015-01-20,24.036895751953125,73.3968505859375,41.06865692138672,23.284500122070312,55.713653564453125
2015-01-21,24.220401763916016,73.8388671875,41.201351165771484,23.271068572998047,56.190731048583984
2015-01-22,24.850502014160156,75.18666076660156,42.45457458496094,23.71693992614746,56.8023796081543
2015-01-23,24.978731155395508,74.05624389648438,41.78373718261719,23.773340225219727,55.59132766723633
2015-01-26,25.005266189575195,74.09973907470703,41.85009002685547,23.805574417114258,56.123443603515625
2015-01-27,24.129751205444336,73.9765396118164,41.42988586425781,23.51011085510254,55.62803268432617
2015-01-28,25.493871688842773,73.53453063964844,40.36095428466797,23.319421768188477,53.79313659667969
2015-01-29,26.28759002685547,74.18667602539062,41.03916931152344,23.561147689819336,53.56681442260742
2015-01-30,25.902889251708984,72.56351470947266,40.08821487426758,22.82520294189453,53.46897888183594
2015-02-02,26.227893829345703,73.06352233886719,40.89173889160156,23.021276473999023,54.79010772705078
2015-02-03,26.232311248779297,74.24464416503906,41.81322479248047,23.15020179748535,56.423152923583984
2015-02-04,26.43350601196289,73.44756317138672,41.56257629394531,23.273752212524414,55.939964294433594
2015-02-05,26.62217140197754,74.24464416503906,41.85009002685547,23.44296646118164,56.49043655395508
2015-02-06,26.397994995117188,73.25916290283203,42.675724029541016,23.456403732299805,56.38567352294922
2015-02-09,26.573339462280273,72.30266571044922,42.62413024902344,23.07499885559082,56.42266082763672
2015-02-10,27.08385467529297,72.71572875976562,43.095924377441406,23.44565200805664,56.08372497558594
2015-02-11,27.718669891357422,72.7374496459961,43.02957534790039,23.190488815307617,55.831058502197266
2015-02-12,28.069374084472656,71.3316879272461,43.9141960144043,23.069616317749023,56.92182540893555
2015-02-13,28.206995010375977,72.18672180175781,43.987911224365234,23.04813575744629,57.53802490234375
2015-02-17,28.37346076965332,72.78092193603516,44.30491638183594,23.088422775268555,57.34083938598633
2015-02-18,28.57100486755371,72.43310546875,43.76677322387695,23.17705726623535,56.08372497558594
2015-02-19,28.51107406616211,72.96932220458984,43.66354751586914,22.43304443359375,55.116233825683594
2015-02-20,28.74412727355957,73.1590347290039,44.08375549316406,22.64255142211914,55.41203308105469
2015-02-23,29.521007537841797,73.10064697265625,43.752017974853516,22.72313690185547,54.851253509521484
2015-02-24,29.336772918701172,73.48011016845703,44.8356819152832,22.715078353881836,55.10389709472656
2015-02-25,28.58654022216797,73.85225677490234,45.07158279418945,22.44647789001465,55.21482467651367
2015-02-26,28.94833755493164,75.01245880126953,45.395957946777344,22.508256912231445,54.62939453125
2015-02-27,28.5132999420166,74.80084991455078,45.17478561401367,22.543174743652344,54.56161880493164
2015-03-02,28.653121948242188,75.31893920898438,45.536014556884766,22.55123519897461,54.25347900390625
2015-03-03,28.71306037902832,74.67679595947266,45.683441162109375,22.39276695251465,53.99468231201172
2015-03-04,28.531055450439453,74.17330169677734,45.80140686035156,22.180574417114258,53.723533630371094
2015-03-05,28.058271408081055,74.80813598632812,45.70557403564453,22.44647789001465,53.452396392822266
2015-03-06,28.100448608398438,73.04959106445312,44.88727951049805,22.183256149291992,52.768367767333984
2015-03-09,28.220308303833008,73.450927734375,45.336971282958984,22.26114845275879,52.4787483215332
2015-03-10,27.636545181274414,72.62635040283203,44.20170974731445,22.04359245300293,51.924129486083984
2015-03-11,27.1326847076416,71.74344635009766,44.40812301635742,21.80310821533203,51.776241302490234
2015-03-12,27.62322998046875,72.84526824951172,45.24114227294922,22.130054473876953,51.89947509765625
2015-03-13,27.43233299255371,72.39286804199219,44.968379974365234,22.130054473876953,51.68378448486328
2015-03-16,27.734203338623047,73.74280548095703,45.59498977661133,22.505645751953125,52.23225021362305
2015-03-17,28.198102951049805,72.88907623291016,45.418067932128906,22.324602127075195,51.81318664550781
2015-03-18,28.51551055908203,74.03468322753906,45.52125930786133,22.300281524658203,53.03951644897461
2015-03-19,28.300212860107422,74.20250701904297,45.11581039428711,22.02737808227539,52.01655578613281
2015-03-20,27.945066452026367,74.72057342529297,45.52125930786133,22.492137908935547,52.0966682434082
2015-03-23,28.235843658447266,75.14380645751953,45.07158279418945,22.511049270629883,52.6451301574707
2015-03-24,28.120418548583984,74.39952087402344,44.57029724121094,22.440792083740234,52.08434295654297
2015-03-25,27.385732650756836,73.21742248535156,43.94368362426758,21.973337173461914,52.293846130371094
2015-03-26,27.576614379882812,73.07145690917969,43.89208221435547,22.127355575561523,51.96109390258789
2015-03-27,27.35686683654785,73.21742248535156,43.899452209472656,21.981441497802734,51.50508117675781
2015-03-30,28.04939079284668,74.10033416748047,44.93888473510742,22.300281524658203,52.768367767333984
2015-03-31,27.6187801361084,73.4071273803711,44.65875244140625,22.224624633789062,52.380130767822266
2015-04-01,27.578834533691406,72.34906005859375,44.48808670043945,21.80851173400879,52.04737091064453
2015-04-02,27.816326141357422,72.7066421508789,44.91107177734375,21.813913345336914,51.94877624511719
2015-04-06,28.26692008972168,72.35636901855469,44.873958587646484,21.884164810180664,52.460243225097656
2015-04-07,27.9694881439209,73.04232025146484,45.15595626831055,21.751768112182617,52.84231948852539
2015-04-08,27.878477096557617,73.08606719970703,45.30437469482422,21.894973754882812,51.80086898803711
2015-04-09,28.091567993164062,73.9398193359375,45.61605453491211,21.843639373779297,52.16444396972656
2015-04-10,28.211421966552734,74.47246551513672,45.78673553466797,21.79228973388672,52.725223541259766
2015-04-13,28.15593147277832,73.37063598632812,46.06130599975586,21.695018768310547,52.58967208862305
2015-04-14,28.033851623535156,73.3487319946289,46.7811279296875,21.65719223022461,53.384605407714844
2015-04-15,28.14040184020996,73.4071273803711,47.64936447143555,21.54640007019043,54.27814865112305
2015-04-16,28.005001068115234,72.81607818603516,47.3525390625,21.411300659179688,54.062461853027344
2015-04-17,27.68981170654297,72.66287231445312,46.632713317871094,21.043819427490234,53.5694694519043
2015-04-20,28.322404861450195,73.12255859375,46.929534912109375,21.114072799682617,53.760528564453125
2015-04-21,28.169246673583984,73.18822479248047,46.239418029785156,21.084346771240234,53.53866195678711
2015-04-22,28.548810958862305,73.2831039428711,46.70692443847656,21.192434310913086,53.89608383178711
2015-04-23,28.7818660736084,73.30496978759766,46.603023529052734,21.395090103149414,53.94538879394531
2015-04-24,28.91727066040039,73.75739288330078,46.45461654663086,21.573423385620117,53.59413146972656
2015-04-27,29.443317413330078,73.3925552368164,46.26166915893555,21.446426391601562,53.618778228759766
2015-04-28,28.979406356811523,73.5093002319336,46.573341369628906,21.37347412109375,54.105594635009766
2015-04-29,28.553245544433594,73.25391387939453,47.19669723510742,21.043819427490234,54.14874267578125
2015-04-30,27.778606414794922,72.38556671142578,46.94438171386719,21.08975601196289,53.84062576293945
2015-05-01,28.62204933166504,73.06417846679688,47.204124450683594,21.23836898803711,54.75265884399414
2015-05-04,28.56656837463379,73.22473907470703,48.02783966064453,21.395090103149414,54.912879943847656
2015-05-05,27.922880172729492,72.6044692993164,47.79035949707031,21.111371994018555,54.60475158691406
2015-05-06,27.74752426147461,72.36367797851562,47.43415832519531,21.114089965820312,54.34593200683594
2015-05-07,27.919153213500977,72.72123718261719,47.86457824707031,21.217418670654297,53.98234176635742
2015-05-08,28.445171356201172,74.04197692871094,48.5992431640625,21.353370666503906,54.838932037353516
2015-05-11,28.155412673950195,73.72090911865234,48.569541931152344,21.236452102661133,53.919349670410156
2015-05-12,28.05511474609375,73.31229400634766,48.50277328491211,21.470291137695312,54.06846618652344
2015-05-13,28.086315155029297,73.37063598632812,48.62150192260742,21.252761840820312,53.782657623291016
2015-05-14,28.74160385131836,74.30464172363281,49.014808654785156,21.405033111572266,54.03741455078125
2015-05-15,28.701488494873047,74.64762115478516,48.88864517211914,21.546428680419922,54.27348709106445
2015-05-18,29.01799774169922,75.46485137939453,49.289371490478516,21.731334686279297,53.96284103393555
2015-05-19,28.99125099182129,75.85890197753906,49.72720718383789,20.782352447509766,54.04985046386719
2015-05-20,28.9890193939209,75.5962142944336,49.33391189575195,20.638240814208984,54.136802673339844
2015-05-21,29.28546905517578,75.28015899658203,49.46006393432617,20.69534683227539,54.1865234375
2015-05-22,29.541791915893555,74.49371337890625,49.32649612426758,20.627368927001953,53.75779724121094
2015-05-26,28.890953063964844,74.1041488647461,48.777339935302734,20.366331100463867,53.03084182739258
2015-05-27,29.43033790588379,74.33200073242188,49.32649612426758,20.44518280029297,52.88172149658203
2015-05-28,29.37238311767578,74.3467025756836,49.12611389160156,20.350008010864258,52.88172149658203
2015-05-29,29.038053512573242,73.60430908203125,48.81444549560547,20.19502067565918,52.937644958496094
2015-06-01,29.096004486083984,73.53083038330078,49.03707504272461,20.320096969604492,52.89413070678711
2015-06-02,28.966733932495117,73.4867172241211,48.99253463745117,20.26571273803711,52.90034103393555
2015-06-03,29.002389907836914,73.56757354736328,49.497161865234375,20.363609313964844,52.78229522705078
2015-06-04,28.832996368408203,72.93545532226562,49.222599029541016,20.162397384643555,52.3287353515625
2015-06-05,28.674745559692383,72.46504974365234,50.03148651123047,19.865999221801758,52.36601638793945
2015-06-08,28.485288619995117,72.00200653076172,49.63816833496094,19.743642807006836,52.72016143798828
2015-06-09,28.400592803955078,72.18573760986328,49.85337448120117,19.705577850341797,52.55242156982422
2015-06-10,28.72601318359375,72.67820739746094,50.65481948852539,19.830656051635742,52.9438591003418
2015-06-11,28.66136932373047,72.94281768798828,50.847755432128906,19.8333740234375,52.869300842285156
2015-06-12,28.344871520996094,72.28863525390625,50.64738464355469,19.6947021484375,52.20448303222656
2015-06-15,28.289142608642578,71.65653991699219,50.45446014404297,19.558746337890625,52.01806640625
2015-06-16,28.440710067749023,72.29601287841797,50.73646545410156,19.672950744628906,52.61454391479492
2015-06-17,28.37384605407715,72.56800079345703,50.56575393676758,19.776273727416992,52.64561462402344
2015-06-18,28.503124237060547,73.76604461669922,51.04069900512695,19.844249725341797,53.11162185668945
2015-06-19,28.217823028564453,73.39852142333984,50.52125930786133,19.779001235961914,52.9438591003418
2015-06-22,28.44293785095215,73.56757354736328,51.174285888671875,19.79258918762207,52.919002532958984
2015-06-23,28.313657760620117,73.33973693847656,51.76053237915039,19.732769012451172,52.85686492919922
2015-06-24,28.554391860961914,73.00897216796875,51.21881103515625,19.681102752685547,52.61454391479492
2015-06-25,28.418424606323242,72.85462188720703,50.94423294067383,19.53971290588379,52.14852523803711
2015-06-26,28.251256942749023,73.23680877685547,51.16685104370117,19.610410690307617,52.105045318603516
2015-06-29,27.756444931030273,71.79618835449219,49.86819839477539,19.420066833496094,51.458866119384766
2015-06-30,27.957035064697266,71.63448333740234,50.283782958984375,19.28683090209961,51.69498062133789
2015-07-01,28.217823028564453,72.37684631347656,50.84396743774414,19.545141220092773,51.179283142089844
2015-07-02,28.18216323852539,72.35482025146484,50.43315887451172,19.53971290588379,51.65769577026367
2015-07-06,28.084089279174805,72.17839813232422,50.29124450683594,19.721895217895508,51.27869415283203
2015-07-07,28.014991760253906,72.70760345458984,49.895362854003906,20.06450080871582,51.48993682861328
2015-07-08,27.3195743560791,71.86235046386719,48.8720703125,19.865999221801758,50.93074417114258
2015-07-09,26.762353897094727,72.32539367675781,49.37998580932617,19.78986930847168,50.700836181640625
2015-07-10,27.47783088684082,73.15595245361328,50.08209228515625,19.882326126098633,51.0860710144043
2015-07-13,28.00830078125,73.69989013671875,50.85891342163086,20.088970184326172,51.21033477783203
2015-07-14,27.997163772583008,73.33973693847656,51.568511962890625,20.06450080871582,51.6390380859375
2015-07-15,28.26685333251953,73.81014251708984,51.6805419921875,20.026432037353516,51.42158508300781
2015-07-16,28.643537521362305,74.3172836303711,51.956912994384766,20.07538604736328,51.51478958129883
2015-07-17,28.890953063964844,73.56024932861328,51.69548797607422,19.95574188232422,51.328399658203125
2015-07-20,29.437030792236328,73.77337646484375,51.732845306396484,19.87687873840332,50.800254821777344
2015-07-21,29.14281463623047,73.75133514404297,51.613311767578125,19.779001235961914,50.73813247680664
2015-07-22,27.910236358642578,73.63372039794922,52.3453254699707,19.893199920654297,50.81888961791992
2015-07-23,27.896860122680664,73.64842987060547,52.016639709472656,19.716455459594727,50.4150276184082
2015-07-24,27.749753952026367,72.87664794921875,51.471412658691406,19.463577270507812,49.66942596435547
2015-07-27,27.364154815673828,72.23722076416016,50.79916763305664,19.409183502197266,49.246917724609375
2015-07-28,27.500118255615234,72.7811279296875,50.82904052734375,19.60496711730957,51.24761199951172
2015-07-29,27.413190841674805,73.30297088623047,51.49382400512695,19.640321731567383,51.65769577026367
2015-07-30,27.27499771118164,73.38384246826172,51.568511962890625,19.62128257751465,51.576908111572266
2015-07-31,27.03650665283203,73.65579223632812,51.18756103515625,19.572341918945312,49.215850830078125
2015-08-03,26.399045944213867,73.51610565185547,51.18756103515625,19.626718521118164,48.50131607055664
2015-08-04,25.552061080932617,73.35441589355469,51.13526916503906,19.6457576751709,47.94832992553711
2015-08-05,25.72145652770996,73.88361358642578,51.336952209472656,20.124855041503906,47.94832992553711
2015-08-06,25.77743148803711,72.81786346435547,50.978416442871094,19.927738189697266,48.51995086669922
2015-08-07,25.8647518157959,72.65615844726562,50.82904052734375,19.506135940551758,47.737083435058594
2015-08-10,26.805124282836914,73.3470687866211,51.456459045410156,19.569095611572266,48.93004608154297
2015-08-11,25.410236358642578,72.77376556396484,50.963478088378906,19.692298889160156,48.59764099121094
2015-08-12,25.802059173583984,72.55325317382812,50.22402572631836,19.870248794555664,49.4129524230957
2015-08-13,25.781906127929688,72.38421630859375,50.455589294433594,19.741579055786133,49.325138092041016
2015-08-14,25.9632625579834,72.62677001953125,50.70953369140625,19.815494537353516,49.14326858520508
2015-08-17,26.231948852539062,73.40587615966797,50.84396743774414,19.686817169189453,49.40040969848633
2015-08-18,26.084169387817383,73.0383529663086,50.948551177978516,19.02155876159668,48.85477828979492
2015-08-19,25.75057029724121,72.9942626953125,50.49291229248047,18.77242660522461,47.807430267333984
2015-08-20,25.222164154052734,72.61203002929688,49.252994537353516,18.734102249145508,46.766380310058594
2015-08-21,23.679500579833984,70.77528381347656,47.50517654418945,18.2166748046875,45.23613357543945
2015-08-24,23.088411331176758,68.74592590332031,45.0029296875,17.507612228393555,43.097564697265625
2015-08-25,23.227231979370117,67.197998046875,44.748966217041016,17.27490234375,43.09130096435547
2015-08-26,24.559425354003906,70.44197845458984,46.98979949951172,17.74853515625,45.468177795410156
2015-08-27,25.28261375427246,71.26409912109375,48.1624641418457,18.090744018554688,46.94197463989258
2015-08-28,25.365461349487305,70.48643493652344,47.90105056762695,17.77864646911621,47.079959869384766
2015-08-31,25.246795654296875,69.60509490966797,47.87863540649414,17.721155166625977,47.18655776977539
2015-09-01,24.118343353271484,68.20524597167969,45.899261474609375,17.472023010253906,45.20478820800781
2015-09-02,25.152755737304688,69.13846588134766,46.73583984375,17.641752243041992,45.9260139465332
2015-09-03,24.711679458618164,68.61263275146484,46.81800079345703,17.756744384765625,46.27720642089844
2015-09-04,24.465394973754883,67.62757873535156,45.93661117553711,17.491191864013672,45.44309616088867
2015-09-08,25.146038055419922,69.57543182373047,47.1765251159668,18.17287826538086,46.095333099365234
2015-09-09,24.662425994873047,68.30156707763672,46.444522857666016,17.82792091369629,45.15461349487305
2015-09-10,25.204254150390625,68.6718521118164,46.803043365478516,17.554149627685547,45.4807243347168
2015-09-11,25.57144546508789,68.82737731933594,46.728355407714844,17.699251174926758,45.58733367919922
2015-09-14,25.81773567199707,69.11625671386719,46.59390640258789,17.59795379638672,45.46190643310547
2015-09-15,26.03491973876953,69.91613006591797,47.49022674560547,17.608903884887695,45.693965911865234
2015-09-16,26.064022064208984,70.07166290283203,47.90850830078125,17.71019744873047,46.59705352783203
2015-09-17,25.506521224975586,70.24201202392578,46.79558181762695,17.649972915649414,46.6973991394043
2015-09-18,25.40128517150879,69.1680679321289,45.5183219909668,17.340606689453125,45.58106231689453
2015-09-21,25.79534149169922,68.97553253173828,45.899261474609375,17.44464111328125,46.02635192871094
2015-09-22,25.390090942382812,69.05699920654297,45.495906829833984,17.409053802490234,45.61870193481445
2015-09-23,25.596071243286133,68.87183380126953,45.294246673583984,17.44464111328125,45.34275436401367
2015-09-24,25.748321533203125,68.49413299560547,44.98052215576172,17.47475242614746,45.6124382019043
2015-09-25,25.683395385742188,67.39796447753906,45.914207458496094,17.4610652923584,45.9260139465332
2015-09-28,25.17514991760254,67.67202758789062,44.80126953125,17.428218841552734,45.53089141845703
2015-09-29,24.41836929321289,68.90885925292969,44.696693420410156,17.4610652923584,45.762939453125
2015-09-30,24.696002960205078,69.13846588134766,45.54072570800781,17.751262664794922,46.6284065246582
2015-10-01,24.534799575805664,69.0051498413086,45.87685775756836,17.59521484375,46.446533203125
2015-10-02,24.713918685913086,69.56807708740234,45.74895095825195,17.789587020874023,47.58794021606445
2015-10-05,24.803476333618164,70.18278503417969,46.659263610839844,18.03325080871582,48.17118453979492
2015-10-06,24.922142028808594,69.19031524658203,46.681846618652344,17.981233596801758,48.8485221862793
2015-10-07,24.803476333618164,70.34571838378906,46.74201965332031,18.167396545410156,49.670066833496094
2015-10-08,24.51688575744629,70.4197769165039,46.74201965332031,18.309755325317383,50.19059753417969
2015-10-09,25.10350227355957,70.63455200195312,46.5915641784668,18.257740020751953,49.70769119262695
2015-10-12,24.987062454223633,71.09375,46.43357467651367,18.323442459106445,49.7327880859375
2015-10-13,25.02961540222168,70.69379425048828,46.30567169189453,18.268688201904297,49.644981384277344
2015-10-14,24.67585563659668,70.01243591308594,45.132041931152344,16.434431076049805,50.27214050292969
2015-10-15,25.04528045654297,71.95291137695312,46.561458587646484,16.242794036865234,51.099979400634766
2015-10-16,24.861682891845703,72.76020812988281,46.96772766113281,16.12233543395996,51.72711181640625
2015-10-19,25.016183853149414,72.53800201416016,46.80973815917969,16.111377716064453,50.79267120361328
2015-10-20,25.472929000854492,72.27875518798828,47.035430908203125,16.083999633789062,50.69231033325195
2015-10-21,25.470687866210938,72.30840301513672,46.68936538696289,16.05388832092285,50.303504943847656
2015-10-22,25.86028289794922,73.7155990600586,47.53948211669922,16.12507438659668,51.9842414855957
2015-10-23,26.661834716796875,74.29329681396484,48.051063537597656,15.960805892944336,52.04069137573242
2015-10-26,25.811017990112305,74.01925659179688,48.073638916015625,15.884151458740234,50.93690872192383
2015-10-27,25.64757537841797,74.20440673828125,47.87803649902344,15.736318588256836,50.85538101196289
2015-10-28,26.70437240600586,74.41920471191406,49.27736282348633,15.780117988586426,51.60167694091797
2015-10-29,26.98648452758789,75.07837677001953,49.05917739868164,15.867731094360352,51.57033157348633
2015-10-30,26.755874633789062,74.82656860351562,48.33695983886719,15.670611381530762,51.890167236328125
2015-11-02,27.132015228271484,75.67089080810547,49.30744552612305,15.771903991699219,53.48313522338867
2015-11-03,27.44322967529297,75.51535034179688,49.48799514770508,15.908798217773438,54.467750549316406
2015-11-04,27.315616607666016,75.50053405761719,49.54066848754883,15.979974746704102,53.9221305847168
2015-11-05,27.189693450927734,75.78939056396484,49.984554290771484,16.04568099975586,53.188350677490234
2015-11-06,27.221172332763672,75.4857177734375,51.504249572753906,16.09221649169922,52.97513961791992
2015-11-09,27.110992431640625,74.68583679199219,50.69926071166992,16.0128231048584,51.84276580810547
2015-11-10,26.25653839111328,75.13763427734375,50.917423248291016,16.064834594726562,52.095802307128906
2015-11-11,26.108131408691406,75.4413070678711,50.669166564941406,15.763689994812012,51.63399887084961
2015-11-12,26.02044105529785,74.263671875,49.65352249145508,15.591222763061523,50.23591995239258
2015-11-13,25.26042938232422,73.97482299804688,49.32249069213867,15.446122169494629,49.407196044921875
2015-11-16,25.674156188964844,74.96727752685547,50.03721618652344,15.843088150024414,51.17851257324219
2015-11-17,25.563974380493164,75.1746826171875,49.75132751464844,16.404312133789062,50.5838508605957
2015-11-18,26.373464584350586,76.04116821289062,50.744388580322266,16.68082046508789,51.07729721069336
2015-11-19,26.708499908447266,75.90787506103516,50.902381896972656,16.617855072021484,50.79895782470703
2015-11-20,26.825424194335938,76.45999908447266,50.81209945678711,16.445377349853516,50.4763069152832
2015-11-23,26.476900100708008,76.67635345458984,50.315574645996094,16.49739646911621,50.78629684448242
2015-11-24,26.730981826782227,76.1317367553711,50.24033737182617,16.404312133789062,51.7984733581543
2015-11-25,26.539857864379883,76.072021484375,50.30052185058594,16.49193000793457,51.399925231933594
2015-11-27,26.490386962890625,76.37793731689453,50.53374099731445,16.396100997924805,51.387271881103516
2015-11-30,26.600574493408203,75.53486633300781,50.16511154174805,16.108646392822266,51.65931701660156
2015-12-01,26.384706497192383,76.37046813964844,50.864768981933594,16.149707794189453,51.804813385009766
2015-12-02,26.1463623046875,76.1391830444336,50.150054931640625,16.108301162719727,50.324485778808594
2015-12-03,25.903512954711914,75.1991195678711,49.503055572509766,16.298786163330078,49.603309631347656
2015-12-04,26.76471519470215,76.81067657470703,51.07543182373047,16.46994972229004,49.88798522949219
2015-12-07,26.596071243286133,77.08671569824219,50.405853271484375,16.70183753967285,48.58479309082031
2015-12-08,26.5848331451416,76.41524505615234,49.62342071533203,16.456140518188477,47.2120246887207
2015-12-09,25.997955322265625,76.21377563476562,49.24728012084961,16.323631286621094,47.844642639160156
2015-12-10,26.121625900268555,76.57937622070312,49.36011505126953,16.442340850830078,47.882568359375
2015-12-11,25.449296951293945,75.86312103271484,48.20152282714844,16.387121200561523,47.028564453125
2015-12-14,25.29190444946289,76.21377563476562,48.351985931396484,16.671464920043945,48.097686767578125
2015-12-15,24.844432830810547,77.6910629272461,49.728759765625,16.464418411254883,50.248565673828125
2015-12-16,25.035564422607422,78.52665710449219,50.80458068847656,16.646625518798828,50.071434020996094
2015-12-17,24.504898071289062,77.32550048828125,49.86418533325195,16.282222747802734,49.31862258911133
2015-12-18,23.84157371520996,76.06455993652344,48.44981384277344,16.24633026123047,48.88843536376953
2015-12-21,24.133895874023438,75.78852081298828,49.30744552612305,16.439579010009766,48.875789642333984
2015-12-22,24.111404418945312,76.63159942626953,49.41276931762695,16.712875366210938,49.12250900268555
2015-12-23,24.421703338623047,77.21356964111328,50.2027473449707,16.864713668823242,50.729366302490234
2015-12-24,24.291290283203125,77.38513946533203,50.10491180419922,16.792940139770508,50.18531799316406
2015-12-28,24.01921272277832,77.01210021972656,49.93940734863281,16.77085304260254,49.81206130981445
2015-12-29,24.450939178466797,77.616455078125,50.4585075378418,17.008268356323242,50.077754974365234
2015-12-30,24.13164520263672,77.429931640625,50.09739303588867,17.027587890625,49.41351318359375
2015-12-31,23.668432235717773,76.63906860351562,49.676090240478516,16.922685623168945,49.31230926513672
2016-01-04,23.688663482666016,74.96780395507812,48.1840705871582,16.966859817504883,49.0023307800293
2016-01-05,23.095046997070312,75.28116607666016,48.267372131347656,17.369909286499023,49.41985321044922
2016-01-06,22.64308738708496,74.90069580078125,47.570594787597656,17.5438289642334,49.00864791870117
2016-01-07,21.687442779541016,74.02772521972656,45.64686584472656,17.952407836914062,48.22419738769531
2016-01-08,21.802127838134766,73.23686981201172,44.62441635131836,17.541065216064453,47.24998092651367
2016-01-11,22.1551513671875,72.79666137695312,44.55624771118164,17.728796005249023,46.61735916137695
2016-01-12,22.476694107055664,73.29653930664062,44.65470504760742,17.56315803527832,47.57261657714844
2016-01-13,21.8988094329834,72.38631439208984,43.427757263183594,17.093843460083008,47.857295989990234
2016-01-14,22.377758026123047,73.78150939941406,44.07910919189453,17.408567428588867,50.05246353149414
2016-01-15,21.840347290039062,72.37139892578125,43.20054244995117,17.09660530090332,49.0782356262207
2016-01-19,21.734670639038086,72.74444580078125,43.17784118652344,17.270526885986328,48.33174133300781
2016-01-20,21.763898849487305,71.43877410888672,42.04176712036133,16.795698165893555,46.29472732543945
2016-01-21,21.653718948364258,71.58052825927734,41.84485626220703,17.082807540893555,46.87672424316406
2016-01-22,22.80498504638672,72.18486785888672,43.13240051269531,17.30641746520996,48.439292907714844
2016-01-25,22.35977554321289,71.92373657226562,42.1553840637207,17.516225814819336,46.80083465576172
2016-01-26,22.48343849182129,75.49008178710938,43.23085021972656,17.66805648803711,48.52153015136719
2016-01-27,21.00613021850586,76.22124481201172,43.20054244995117,17.65425682067871,47.629554748535156
2016-01-28,21.156784057617188,76.3033218383789,43.382328033447266,17.728796005249023,48.704986572265625
2016-01-29,21.887563705444336,77.92235565185547,45.06368637084961,18.319570541381836,49.24904251098633
2016-02-01,21.682952880859375,77.87013244628906,44.578983306884766,18.63428497314453,48.26216125488281
2016-02-02,21.24448013305664,77.15386962890625,43.1929817199707,18.457595825195312,47.18672180175781
2016-02-03,21.664960861206055,77.69850158691406,43.48078536987305,18.29471778869629,49.6475944519043
2016-02-04,21.83904266357422,77.51943969726562,44.23057174682617,18.336130142211914,50.501625061035156
2016-02-05,21.255765914916992,75.01256561279297,43.738304138183594,18.496246337890625,50.65977096557617
2016-02-08,21.47957992553711,76.10188293457031,42.821876525878906,18.468645095825195,51.34299850463867
2016-02-09,21.475051879882812,76.07949829101562,42.564369201660156,18.167734146118164,51.11957550048828
2016-02-10,21.312278747558594,75.90042114257812,42.04935836791992,18.162212371826172,50.653564453125
2016-02-11,21.183422088623047,75.8780288696289,40.19377899169922,18.032468795776367,50.81317138671875
2016-02-12,21.24897575378418,75.96756744384766,43.541378021240234,18.269874572753906,51.725990295410156
2016-02-16,21.84808349609375,76.34061431884766,44.19272232055664,18.192581176757812,51.847293853759766
2016-02-17,22.182680130004883,76.47492218017578,44.51081466674805,18.250551223754883,52.3452262878418
2016-02-18,21.762174606323242,77.77315521240234,43.78374099731445,17.701190948486328,52.632469177246094
2016-02-19,21.712438583374023,78.27664947509766,43.79130935668945,17.850261688232422,52.664390563964844
2016-02-22,21.902345657348633,78.72003173828125,44.35934066772461,18.118040084838867,52.59416961669922
2016-02-23,21.407236099243164,78.21651458740234,42.5037727355957,18.352699279785156,51.85367965698242
2016-02-24,21.72599983215332,78.87787628173828,42.51891326904297,18.52937889099121,52.038795471191406
2016-02-25,21.87521743774414,79.94497680664062,43.17784118652344,18.783353805541992,52.351600646972656
2016-02-26,21.90911865234375,79.49408721923828,43.57924270629883,18.360977172851562,52.185638427734375
2016-02-29,21.859384536743164,79.06574249267578,42.64010238647461,18.31404685974121,51.16425323486328
2016-03-01,22.727521896362305,80.57624053955078,44.83647918701172,18.347177505493164,51.885597229003906
2016-03-02,22.77726173400879,80.44095611572266,45.2606086730957,18.278160095214844,52.79205322265625
2016-03-03,22.946821212768555,80.14787292480469,45.412078857421875,18.258832931518555,52.60054016113281
2016-03-04,23.288192749023438,80.03514099121094,45.480247497558594,18.43551254272461,52.530338287353516
2016-03-07,23.03046417236328,80.21552276611328,45.39692687988281,18.741947174072266,53.91556930541992
2016-03-08,22.84055519104004,79.8247299194336,44.51837921142578,18.783353805541992,52.74738311767578
2016-03-09,22.860910415649414,80.29066467285156,44.77589416503906,18.780574798583984,52.60054016113281
2016-03-10,22.872215270996094,80.51611328125,44.389617919921875,18.747201919555664,52.46012878417969
2016-03-11,23.118635177612305,80.9444580078125,44.94252014160156,18.68045425415039,52.46650695800781
2016-03-14,23.177413940429688,80.90691375732422,44.77589416503906,18.733299255371094,52.6069450378418
2016-03-15,23.64313507080078,80.98204803466797,44.83647918701172,18.93631362915039,52.868675231933594
2016-03-16,23.957380294799805,80.71905517578125,44.62441635131836,18.908506393432617,52.90058135986328
2016-03-17,23.918954849243164,80.21552276611328,44.495662689208984,18.758329391479492,53.685752868652344
2016-03-18,23.94607925415039,80.78665924072266,45.8059196472168,18.61927032470703,53.749603271484375
2016-03-21,23.943817138671875,80.62135314941406,45.790767669677734,18.90294075012207,53.37934494018555
2016-03-22,24.12693977355957,80.69647979736328,45.6241455078125,18.875125885009766,53.698516845703125
2016-03-23,23.99355125427246,81.53815460205078,45.39692687988281,18.7611026763916,53.46233367919922
2016-03-24,23.88956069946289,81.39539337158203,45.048553466796875,18.911283493041992,53.60915756225586
2016-03-28,23.78104019165039,81.33526611328125,44.98796844482422,18.944656372070312,53.76236343383789
2016-03-29,24.343971252441406,82.01912689208984,44.707733154296875,18.91963005065918,53.96025848388672
2016-03-30,24.768997192382812,81.89889526367188,45.22273635864258,19.133771896362305,53.9538688659668
2016-03-31,24.640140533447266,81.31270599365234,44.85162353515625,19.04755401611328,53.36020278930664
2016-04-01,24.866212844848633,82.05670928955078,45.34391784667969,19.20608139038086,52.958038330078125
2016-04-04,25.121675491333008,81.60582733154297,45.16842269897461,19.217208862304688,53.08571243286133
2016-04-05,24.825517654418945,81.8763198852539,44.52752685546875,19.089275360107422,52.479251861572266
2016-04-06,25.085506439208984,82.22953033447266,44.87087631225586,19.200511932373047,53.18146896362305
2016-04-07,24.53840446472168,82.11685180664062,43.73402786254883,18.972471237182617,52.5814094543457
2016-04-08,24.56552505493164,81.98906707763672,44.05448913574219,18.92796516418457,53.11763000488281
2016-04-11,24.64691925048828,81.89136505126953,44.40545654296875,18.744415283203125,53.18785095214844
2016-04-12,24.967947006225586,82.36482238769531,45.22947692871094,19.133771896362305,53.845340728759766
2016-04-13,25.329662322998047,82.56773376464844,47.144561767578125,19.23110580444336,54.1517448425293
2016-04-14,25.343233108520508,82.5451889038086,47.754940032958984,19.133771896362305,54.53478240966797
2016-04-15,24.83456039428711,82.80069732666016,47.20559310913086,19.20608139038086,54.24113082885742
2016-04-18,24.29875373840332,83.36433410644531,47.510780334472656,19.428565979003906,54.758209228515625
2016-04-19,24.169898986816406,84.67948150634766,48.31191635131836,19.403535842895508,55.0327033996582
2016-04-20,24.219633102416992,85.35579681396484,49.01385498046875,19.24779510498047,55.40932846069336
2016-04-21,23.957380294799805,85.34829711914062,48.525550842285156,19.041990280151367,55.40293502807617
2016-04-22,23.89181900024414,85.16043090820312,48.807861328125,19.111520767211914,55.87529754638672
2016-04-25,23.75617027282715,85.30321502685547,48.525550842285156,19.320098876953125,55.74764633178711
2016-04-26,23.59113311767578,84.85228729248047,48.7773323059082,19.27281951904297,55.93915939331055
2016-04-27,22.114856719970703,84.74708557128906,48.914676666259766,19.306194305419922,56.46900939941406
2016-04-28,21.438884735107422,84.5291748046875,48.525550842285156,19.16436004638672,56.19448471069336
2016-04-29,21.192455291748047,84.2285385131836,48.22036361694336,18.597026824951172,56.430686950683594
2016-05-02,21.169845581054688,84.73204803466797,48.670501708984375,18.797264099121094,56.89670181274414
2016-05-03,21.51801300048828,84.68696594238281,47.7320442199707,18.633180618286133,56.245582580566406
2016-05-04,21.2941951751709,84.33374786376953,46.9766960144043,18.686019897460938,56.13704299926758
2016-05-05,21.2077579498291,84.8297348022461,46.724910736083984,18.69158363342285,56.20087432861328
2016-05-06,21.08948516845703,84.72454833984375,46.99958801269531,18.98081398010254,56.50090026855469
2016-05-09,21.10540771484375,85.46102905273438,46.70203399658203,19.17548370361328,56.53921890258789
2016-05-10,21.24870491027832,86.17493438720703,47.335304260253906,19.1309871673584,57.4456787109375
2016-05-11,21.04172134399414,85.94949340820312,47.15981674194336,18.604326248168945,57.16887283325195
2016-05-12,20.548145294189453,85.84431457519531,47.12929153442383,18.72757911682129,57.72248077392578
2016-05-13,20.589086532592773,85.34075927734375,46.69438934326172,18.192508697509766,57.07232666015625
2016-05-16,21.35333251953125,86.00212097167969,47.04536437988281,18.495067596435547,57.65811538696289
2016-05-17,21.264636993408203,85.54369354248047,47.04536437988281,18.23733139038086,57.63235855102539
2016-05-18,21.507993698120117,85.3633041381836,48.86126708984375,17.69105339050293,57.5164909362793
2016-05-19,21.42612075805664,84.80721282958984,48.365318298339844,19.385921478271484,58.00571060180664
2016-05-20,21.658123016357422,85.2537612915039,48.45687484741211,19.57081413269043,57.767547607421875
2016-05-23,21.933340072631836,84.89048767089844,48.418739318847656,19.469959259033203,57.67741012573242
2016-05-24,22.267696380615234,85.29161071777344,49.24274826049805,19.677265167236328,57.72248077392578
2016-05-25,22.658912658691406,85.79114532470703,49.990478515625,19.7445068359375,58.10227584838867
2016-05-26,22.838603973388672,85.4505615234375,49.61660385131836,19.84815788269043,57.806148529052734
2016-05-27,22.82495880126953,85.5716781616211,49.92180633544922,19.82013511657715,57.94135284423828
2016-05-31,22.7135066986084,85.29161071777344,49.79972457885742,19.828548431396484,57.30404281616211
2016-06-01,22.39507293701172,85.3597412109375,50.12017059326172,19.750104904174805,57.44569396972656
2016-06-02,22.226755142211914,86.65398406982422,50.21173095703125,19.876171112060547,56.98862838745117
2016-06-03,22.272239685058594,86.85831451416016,49.31904983520508,19.853761672973633,56.885658264160156
2016-06-06,22.433740615844727,87.62277221679688,49.80735778808594,19.904184341430664,57.51005172729492
2016-06-07,22.52471351623535,87.59249877929688,49.63950729370117,19.89858627319336,58.39195251464844
2016-06-08,22.504247665405273,87.64546966552734,49.78446960449219,19.968616485595703,58.443450927734375
2016-06-09,22.665739059448242,88.55371856689453,49.40298080444336,19.91539192199707,58.366188049316406
2016-06-10,22.479225158691406,88.5613021850586,48.708675384521484,19.92940330505371,57.92204666137695
2016-06-13,22.140317916870117,88.39476013183594,48.273765563964844,19.758516311645508,58.314693450927734
2016-06-14,22.167619705200195,88.64453125,47.365806579589844,19.876171112060547,58.211700439453125
2016-06-15,22.094831466674805,88.1071548461914,47.281890869140625,19.92380142211914,58.03790283203125
2016-06-16,22.18808937072754,88.2812728881836,47.472633361816406,19.97422218322754,58.72026062011719
2016-06-17,21.683137893676758,87.40326690673828,47.51841354370117,19.876171112060547,58.398406982421875
2016-06-20,21.630828857421875,88.20556640625,47.58707809448242,19.918195724487305,58.65587615966797
2016-06-21,21.8150691986084,87.93307495117188,48.02960968017578,20.019044876098633,58.919803619384766
2016-06-22,21.73317527770996,88.14501190185547,47.846492767333984,20.100284576416016,58.68804931640625
2016-06-23,21.858278274536133,88.84132385253906,48.86888885498047,20.19833755493164,59.09361267089844
2016-06-24,21.24414825439453,87.51680755615234,45.473636627197266,20.159116744995117,57.542236328125
2016-06-27,20.934818267822266,88.21314239501953,43.95530319213867,20.030250549316406,57.2010498046875
2016-06-28,21.287368774414062,89.48466491699219,45.4125862121582,20.033050537109375,58.52070236206055
2016-06-29,21.471609115600586,90.31722259521484,46.69438934326172,20.29918670654297,59.51845932006836
2016-06-30,21.744552612304688,91.8082504272461,47.41159439086914,20.456064224243164,60.342411041259766
2016-07-01,21.810514450073242,91.80069732666016,47.10402297973633,20.397239685058594,60.406795501708984
2016-07-05,21.605806350708008,92.54241180419922,45.7891731262207,20.489683151245117,59.878944396972656
2016-07-06,21.72863006591797,92.82244873046875,46.281288146972656,20.68018341064453,60.567726135253906
2016-07-07,21.82188606262207,92.72406005859375,46.58115768432617,20.598934173583984,59.84029769897461
2016-07-08,21.990203857421875,92.98139953613281,47.54231262207031,20.6857852935791,60.21369171142578
2016-07-11,22.05843734741211,93.04195404052734,47.88063049316406,20.747413635253906,60.43899154663086
2016-07-12,22.15851593017578,93.0344009399414,48.59573745727539,20.526098251342773,61.1213264465332
2016-07-13,22.03342056274414,93.09491729736328,48.56497573852539,20.62415313720703,61.07627487182617
2016-07-14,22.470125198364258,93.23114776611328,49.303138732910156,20.646562576293945,61.1213264465332
2016-07-15,22.46785545349121,93.09491729736328,49.34928512573242,20.63816261291504,61.23076248168945
2016-07-18,22.706682205200195,93.20091247558594,49.18010711669922,20.6857852935791,61.037662506103516
2016-07-19,22.715778350830078,94.79788208007812,49.10322189331055,20.63535499572754,60.81233596801758
2016-07-20,22.736249923706055,94.71463775634766,49.15704345703125,20.67177963256836,60.46474838256836
2016-07-21,22.615699768066406,94.72221374511719,48.97249984741211,20.596132278442383,60.41324234008789
2016-07-22,22.4405574798584,94.63138580322266,49.241634368896484,20.60454559326172,60.51622009277344
2016-07-25,22.140317916870117,94.52538299560547,49.11090087890625,20.66057014465332,59.35110092163086
2016-07-26,21.987934112548828,94.72221374511719,49.310829162597656,20.654972076416016,58.919803619384766
2016-07-27,23.41633415222168,94.4345932006836,49.4646110534668,20.540111541748047,58.52070236206055
2016-07-28,23.73249053955078,94.199951171875,49.28775405883789,20.5177059173584,58.06365966796875
2016-07-29,23.702930450439453,94.78277587890625,49.187808990478516,20.44205665588379,57.25899124145508
2016-08-01,24.121437072753906,94.91141510009766,49.05708312988281,20.668973922729492,55.2699089050293
2016-08-02,23.764345169067383,94.49514770507812,48.941741943359375,20.486881256103516,56.029502868652344
2016-08-03,24.06230354309082,93.77611541748047,49.71835708618164,20.433656692504883,56.31916046142578
2016-08-04,24.210947036743164,93.74583435058594,49.64145278930664,20.534509658813477,56.31272888183594
2016-08-05,24.579133987426758,94.03346252441406,50.979393005371094,20.663372039794922,56.364234924316406
2016-08-08,24.78265953063965,93.5868911743164,50.82559585571289,20.545717239379883,57.02724075317383
2016-08-09,24.883289337158203,93.4203872680664,50.64875793457031,20.60173988342285,57.09806442260742
2016-08-10,24.698049545288086,93.367431640625,50.19508743286133,20.858415603637695,56.098289489746094
2016-08-11,24.682039260864258,93.67772674560547,50.333492279052734,20.81610679626465,56.29953384399414
2016-08-12,24.739212036132812,93.26142120361328,50.2258415222168,20.841495513916016,57.033138275146484
2016-08-15,25.03650665283203,92.57268524169922,50.53342056274414,20.680715560913086,57.00717544555664
2016-08-16,25.013639450073242,91.07411193847656,50.525726318359375,20.559432983398438,57.078582763671875
2016-08-17,24.9770450592041,91.8158187866211,50.66411590576172,20.57071876525879,57.20195388793945
2016-08-18,24.945026397705078,91.36924743652344,50.71024703979492,20.957134246826172,57.7213249206543
2016-08-19,25.009063720703125,91.3692398071289,50.64106369018555,20.5368709564209,57.00067901611328
2016-08-22,24.81467628479004,90.76734924316406,50.59492492675781,20.505842208862305,57.124046325683594
2016-08-23,24.89243507385254,91.00354766845703,50.57185745239258,20.299936294555664,56.94874572753906
2016-08-24,24.704910278320312,90.44731903076172,50.71024703979492,20.373273849487305,57.14351272583008
2016-08-25,24.599714279174805,90.34068298339844,50.80252456665039,20.088394165039062,56.77995300292969
2016-08-26,24.455642700195312,90.69878387451172,50.91787338256836,20.065828323364258,56.656593322753906
2016-08-29,24.428205490112305,91.3692398071289,51.47916793823242,20.13916015625,57.02665328979492
2016-08-30,24.240671157836914,91.02642059326172,51.90209197998047,20.113779067993164,56.81891632080078
2016-08-31,24.263547897338867,90.9273681640625,51.90209197998047,20.150442123413086,56.57220458984375
2016-09-01,24.40761375427246,90.72927856445312,51.67910385131836,20.545326232910156,56.3774299621582
2016-09-02,24.63630485534668,90.91212463378906,51.89439010620117,20.44942855834961,56.75398254394531
2016-09-06,24.62944221496582,91.23974609375,51.855953216552734,20.590457916259766,57.50057601928711
2016-09-07,24.780378341674805,91.13309478759766,51.64065933227539,20.3253231048584,57.28633499145508
2016-09-08,24.130903244018555,91.02642059326172,51.70986557006836,20.260446548461914,57.81222152709961
2016-09-09,23.584352493286133,90.08163452148438,51.24851608276367,19.828887939453125,56.3774299621582
2016-09-12,24.112619400024414,90.79022216796875,51.563751220703125,20.291471481323242,56.669586181640625
2016-09-13,24.686616897583008,89.6092529296875,51.15623474121094,20.156085968017578,55.319244384765625
2016-09-14,25.560192108154297,89.79971313476562,51.0562744140625,20.173009872436523,54.923221588134766
2016-09-15,26.42919921875,90.38640594482422,51.24081802368164,20.421218872070312,55.23483657836914
2016-09-16,26.28055191040039,90.09685516357422,50.61029815673828,20.553787231445312,54.55316925048828
2016-09-19,25.9741153717041,89.64733123779297,50.89480209350586,20.33378791809082,54.42332458496094
2016-09-20,25.971830368041992,89.86827850341797,51.10240173339844,20.299936294555664,53.58584213256836
2016-09-21,25.967256546020508,90.59972381591797,51.39459991455078,20.36199188232422,54.07924270629883
2016-09-22,26.211950302124023,91.01876831054688,51.817508697509766,20.38455581665039,54.23506164550781
2016-09-23,25.775156021118164,90.5235366821289,51.70986557006836,20.407115936279297,54.17662811279297
2016-09-26,25.814037322998047,89.73876953125,50.57954788208008,20.201215744018555,53.923431396484375
2016-09-27,25.862056732177734,90.83592987060547,51.02553176879883,20.40147590637207,54.040287017822266
2016-09-28,26.058732986450195,90.96546173095703,51.29464340209961,20.249168395996094,56.41639709472656
2016-09-29,25.653955459594727,89.35017395019531,50.479591369628906,19.95018196105957,56.1307487487793
2016-09-30,25.85291290283203,90.00543975830078,51.20236587524414,20.342254638671875,56.66310119628906
2016-10-03,25.731712341308594,90.5235366821289,51.14085006713867,20.31121826171875,56.513771057128906
2016-10-04,25.84147834777832,90.5311508178711,51.58231735229492,20.237884521484375,55.994415283203125
2016-10-05,25.85291290283203,90.80545043945312,52.42653274536133,20.215320587158203,56.48130798339844
2016-10-06,26.045005798339844,90.47781372070312,52.56596374511719,19.563758850097656,56.507286071777344
2016-10-07,26.083881378173828,90.85116577148438,52.7518310546875,19.377601623535156,56.312522888183594
2016-10-10,26.538969039916992,91.27783966064453,53.16232681274414,19.17451286315918,57.41620635986328
2016-10-11,26.596139907836914,89.6321029663086,52.90671920776367,19.008098602294922,56.961734771728516
2016-10-12,26.83397674560547,89.88351440429688,52.76731872558594,19.027849197387695,56.56570816040039
2016-10-13,26.751644134521484,90.10448455810547,52.465267181396484,19.24502944946289,56.195674896240234
2016-10-14,26.900291442871094,89.5711441040039,52.29487228393555,19.307086944580078,56.18268966674805
2016-10-17,26.881996154785156,90.27973937988281,52.02378463745117,19.242206573486328,56.18268966674805
2016-10-18,26.86370086669922,87.9330062866211,52.434268951416016,19.425548553466797,56.33199691772461
2016-10-19,26.783653259277344,87.30824279785156,52.937713623046875,19.431188583374023,56.591670989990234
2016-10-20,26.769943237304688,87.52156829833984,52.8680305480957,19.38605499267578,56.61765670776367
2016-10-21,26.664735794067383,86.43203735351562,53.04613494873047,19.27605438232422,56.234619140625
2016-10-24,26.904865264892578,86.56157684326172,53.34046173095703,19.515806198120117,56.422889709472656
2016-10-25,27.042078018188477,86.82820129394531,53.28623962402344,19.563758850097656,56.29953384399414
2016-10-26,26.433773040771484,87.28536987304688,53.541839599609375,19.628637313842773,56.53972625732422
2016-10-27,26.179931640625,88.15398406982422,53.619285583496094,19.696327209472656,56.42936706542969
2016-10-28,26.00613021850586,87.87205505371094,53.52634048461914,19.741455078125,55.040069580078125
2016-10-31,25.9649658203125,88.37491607666016,53.64252853393555,19.749921798706055,54.092227935791016
2016-11-01,25.496164321899414,87.87969207763672,53.41791915893555,19.546833038330078,54.30646514892578
2016-11-02,25.519023895263672,87.51398468017578,53.19329833984375,19.589139938354492,54.17662811279297
2016-11-03,25.245498657226562,87.64348602294922,52.96094512939453,19.639915466308594,54.31296157836914
2016-11-04,25.017934799194336,87.70443725585938,52.48075866699219,19.507349014282227,54.254520416259766
2016-11-07,25.378812789916992,88.88542175292969,54.12269973754883,19.682228088378906,55.47506332397461
2016-11-08,25.528230667114258,89.18254852294922,54.2388916015625,19.685043334960938,55.874568939208984
2016-11-09,25.48685646057129,91.66641235351562,56.732810974121094,20.054540634155273,56.49021530151367
2016-11-10,24.776586532592773,91.07975769042969,59.366153717041016,20.136341094970703,57.01422882080078
2016-11-11,24.92369842529297,90.26449584960938,59.39712142944336,20.09122085571289,56.1103515625
2016-11-14,24.298473358154297,88.83970642089844,61.58123016357422,19.88248634338379,55.85491180419922
2016-11-15,24.620277404785156,88.6263427734375,61.46505355834961,20.144804000854492,56.86357498168945
2016-11-16,25.282272338867188,88.65679931640625,59.94701385498047,20.136341094970703,56.16274642944336
2016-11-17,25.273086547851562,88.81682586669922,60.427223205566406,19.515806198120117,55.822166442871094
2016-11-18,25.298368453979492,88.5022964477539,60.187110900878906,19.332468032836914,55.85491180419922
2016-11-21,25.68222999572754,88.22611236572266,60.450462341308594,19.56657600402832,56.64741134643555
2016-11-22,25.69831657409668,86.4922866821289,60.82223129272461,19.778121948242188,56.7718620300293
2016-11-23,25.567304611206055,86.7454605102539,61.07781982421875,19.978391647338867,56.92905044555664
2016-11-25,25.696020126342773,87.55866241455078,61.05458450317383,20.09122085571289,57.06005859375
2016-11-28,25.64545249938965,86.79148864746094,60.659576416015625,20.079931259155273,56.63431167602539
2016-11-29,25.62016487121582,86.29280853271484,61.12427520751953,20.13068962097168,56.260990142822266
2016-11-30,25.404098510742188,85.38753509521484,62.092403411865234,19.865558624267578,57.177940368652344
2016-12-01,25.167348861694336,85.44888305664062,63.34711837768555,19.93326187133789,57.13862991333008
2016-12-02,25.261587142944336,85.89386749267578,63.19997024536133,19.992483139038086,57.00765609741211
2016-12-05,25.07999610900879,85.8785400390625,64.48565673828125,19.72735023498535,57.29582214355469
2016-12-06,25.273086547851562,85.9705810546875,64.81868743896484,19.845821380615234,57.348243713378906
2016-12-07,25.521331787109375,85.23411560058594,65.11302185058594,20.056039810180664,57.68226623535156
2016-12-08,25.771879196166992,85.14969635009766,65.92626190185547,19.9821720123291,57.84598922729492
2016-12-09,26.192523956298828,86.1240234375,66.21282196044922,19.90831184387207,58.2913703918457
2016-12-12,26.043107986450195,88.5022964477539,65.62419891357422,20.360008239746094,59.588199615478516
2016-12-13,26.477550506591797,88.9089126586914,65.64740753173828,20.396930694580078,60.63612365722656
2016-12-14,26.477550506591797,88.21844482421875,65.62419891357422,20.266263961791992,59.32622528076172
2016-12-15,26.622360229492188,88.9089126586914,66.60780334472656,20.192399978637695,59.529239654541016
2016-12-16,26.65683364868164,88.90121459960938,65.78683471679688,20.163986206054688,59.71917724609375
2016-12-19,26.810840606689453,89.00861358642578,66.16633605957031,20.334440231323242,59.22140884399414
2016-12-20,26.882097244262695,88.73246765136719,67.01830291748047,20.40261459350586,59.227970123291016
2016-12-21,26.907386779785156,88.46392059326172,67.18868255615234,20.237844467163086,59.12971115112305
2016-12-22,26.730392456054688,88.56365966796875,67.29713439941406,19.769121170043945,59.516143798828125
2016-12-23,26.783260345458984,88.9626235961914,67.42103576660156,19.754913330078125,59.411354064941406
2016-12-27,26.95335578918457,88.92424011230469,67.4830093383789,19.800369262695312,59.43754196166992
2016-12-28,26.838420867919922,88.30281066894531,66.99507904052734,19.689571380615234,59.14282989501953
2016-12-29,26.831527709960938,88.60203552246094,66.5226058959961,19.675371170043945,59.17557907104492
2016-12-30,26.622360229492188,88.38719940185547,66.83240509033203,19.635601043701172,59.116615295410156
2017-01-03,26.698211669921875,88.87054443359375,67.5604476928711,19.50492286682129,59.529239654541016
2017-01-04,26.66832733154297,88.72479248046875,67.68505859375,19.61855697631836,58.87428665161133
2017-01-05,26.803943634033203,89.65308380126953,67.0620346069336,19.661165237426758,57.99663543701172
2017-01-06,27.102766036987305,89.22344970703125,67.0698013305664,19.391294479370117,57.96388626098633
2017-01-09,27.351009368896484,89.20811462402344,67.11652374267578,19.51913070678711,57.00765609741211
2017-01-10,27.378599166870117,89.1160659790039,67.31124114990234,19.382766723632812,56.280643463134766
2017-01-11,27.525707244873047,88.01896667480469,67.81744384765625,19.467998504638672,56.85698699951172
2017-01-12,27.410770416259766,87.93460083007812,67.16326904296875,19.30891227722168,56.54916763305664
2017-01-13,27.362504959106445,87.91921997070312,67.5215072631836,19.07027816772461,56.55571365356445
2017-01-17,27.583168029785156,88.12635803222656,65.06832122802734,19.43674659729004,57.217247009277344
2017-01-18,27.58087158203125,87.99595642089844,65.37203216552734,19.34868049621582,56.5098876953125
2017-01-19,27.532609939575195,87.61235809326172,64.87361145019531,19.2094783782959,55.49470138549805
2017-01-20,27.583168029785156,87.57401275634766,65.16178131103516,19.08448600769043,56.254432678222656
2017-01-23,27.601558685302734,87.38987731933594,65.19291687011719,18.933923721313477,55.651893615722656
2017-01-24,27.576274871826172,85.74044036865234,65.97949981689453,19.146976470947266,55.7304801940918
2017-01-25,28.01529884338379,86.53831481933594,66.99971771240234,19.00210189819336,55.89421844482422
2017-01-26,28.029102325439453,85.80178833007812,67.56044006347656,18.956649780273438,56.06449508666992
2017-01-27,28.031400680541992,86.98326110839844,67.70063781738281,18.65268325805664,56.00557327270508
2017-01-30,27.95783805847168,86.79148864746094,66.99971771240234,18.86857795715332,55.5798454284668
2017-01-31,27.893484115600586,86.88355255126953,65.909423828125,18.959487915039062,54.94453048706055
2017-02-01,29.59444236755371,86.86819458007812,66.15862274169922,18.814607620239258,54.32232666015625
2017-02-02,29.54387092590332,87.12903594970703,65.87825012207031,18.9481258392334,54.65633773803711
2017-02-03,29.67030143737793,87.18274688720703,67.89533996582031,18.891311645507812,54.71529769897461
2017-02-06,29.94841957092285,86.99860382080078,67.57603454589844,18.862897872924805,54.56464385986328
2017-02-07,30.23345184326172,87.05998992919922,67.537109375,19.00210189819336,54.21097946166992
2017-02-08,30.35068130493164,86.99860382080078,66.9452133178711,19.26345443725586,53.85405349731445
2017-02-09,30.569995880126953,87.52029418945312,67.910888671875,19.624237060546875,54.09199142456055
2017-02-10,30.500730514526367,88.41023254394531,67.75518035888672,19.323108673095703,54.541446685791016
2017-02-13,30.77083969116211,88.90121459960938,68.6507568359375,19.252094268798828,54.85871505737305
2017-02-14,31.170225143432617,89.26946258544922,69.74887084960938,19.50492286682129,54.739723205566406
2017-02-15,31.2833309173584,89.9139175415039,70.5510482788086,19.513444900512695,54.96446990966797
2017-02-16,31.24640464782715,90.58901977539062,70.50431060791016,19.564579010009766,54.39604568481445
2017-02-17,31.33182716369629,91.18742370605469,70.27067565917969,19.70661735534668,54.03912353515625
2017-02-21,31.55805778503418,91.80120086669922,70.87813568115234,20.297502517700195,54.12504196166992
2017-02-22,31.65271759033203,91.69376373291016,70.91704559326172,20.37135887145996,53.49054718017578
2017-02-23,31.51880645751953,93.36622619628906,70.9715805053711,20.257736206054688,54.05234146118164
2017-02-24,31.548830032348633,94.77947998046875,70.3485336303711,20.56453514099121,53.58967590332031
2017-02-27,31.611160278320312,94.52462768554688,70.4264144897461,20.379886627197266,53.89371109008789
2017-02-28,31.625009536743164,94.37788391113281,70.57439422607422,20.149789810180664,53.74831008911133
2017-03-01,32.27140808105469,95.6521224975586,72.89520263671875,20.013427734375,54.87193298339844
2017-03-02,32.07978820800781,95.47450256347656,71.75814819335938,20.101490020751953,55.05698013305664
2017-03-03,32.269107818603516,95.59806823730469,72.27216339111328,19.89410972595215,54.50179672241211
2017-03-06,32.16752243041992,95.53628540039062,71.58682250976562,19.851497650146484,54.74634552001953
2017-03-07,32.20907974243164,95.62899017333984,71.18964385986328,19.848663330078125,54.541446685791016
2017-03-08,32.08902359008789,95.83749389648438,71.03388977050781,19.97457504272461,53.556640625
2017-03-09,32.01515579223633,97.26616668701172,71.3142318725586,19.99174690246582,53.97964096069336
2017-03-10,32.12134552001953,97.4669189453125,71.08838653564453,20.0604248046875,53.93998336791992
2017-03-13,32.135196685791016,97.82987213134766,71.15071105957031,20.01749610900879,53.81440734863281
2017-03-14,32.08672332763672,98.11564636230469,71.26750946044922,20.23784637451172,53.53020095825195
2017-03-15,32.42609405517578,99.59064483642578,71.43883514404297,20.197786331176758,54.1977653503418
2017-03-16,32.47917175292969,99.20454406738281,71.3687744140625,20.157724380493164,54.244014739990234
2017-03-17,32.31758117675781,98.89562225341797,70.62110900878906,20.000328063964844,54.1977653503418
2017-03-20,32.65694046020508,98.90335083007812,70.11492156982422,20.02608299255371,54.1977653503418
2017-03-21,32.28294372558594,98.27011108398438,68.05888366699219,20.003190994262695,54.08540344238281
2017-03-22,32.647708892822266,97.50556945800781,68.16792297363281,20.103351593017578,54.03912353515625
2017-03-23,32.53226852416992,97.22755432128906,68.05888366699219,19.99174690246582,54.105228424072266
2017-03-24,32.46763610839844,96.90319061279297,67.98102569580078,19.92020034790039,53.688812255859375
2017-03-27,32.523040771484375,97.15028381347656,67.94206237792969,19.934507369995117,53.70204162597656
2017-03-28,33.197139739990234,97.04219818115234,69.0011978149414,20.123380661010742,54.09199142456055
2017-03-29,33.271026611328125,96.4707260131836,68.74423217773438,20.243572235107422,54.21099090576172
2017-03-30,33.22716522216797,96.26993560791016,69.33610534667969,20.486812591552734,55.321372985839844
2017-03-31,33.164817810058594,96.18498992919922,68.40935516357422,20.627033233642578,54.204368591308594
2017-04-03,33.174049377441406,96.29309844970703,68.1601333618164,20.55550193786621,54.244014739990234
2017-04-04,33.42108154296875,96.285400390625,68.38726043701172,20.607006072998047,54.44229507446289
2017-04-05,33.2479248046875,96.3780517578125,67.51000213623047,20.503982543945312,54.54804611206055
2017-04-06,33.164817810058594,96.57111358642578,67.73716735839844,20.441028594970703,54.865325927734375
2017-04-07,33.0909423828125,96.4707260131836,67.50216674804688,20.861698150634766,54.70006561279297
2017-04-10,33.05170440673828,96.02281188964844,67.2671890258789,20.907482147216797,54.944644927978516
2017-04-11,32.6961784362793,95.93014526367188,67.14970397949219,21.013368606567383,54.752952575683594
2017-04-12,32.73543167114258,96.84142303466797,66.89124298095703,21.016225814819336,54.8388786315918
2017-04-13,32.562286376953125,96.5248031616211,66.10796356201172,20.933237075805664,53.99285888671875
2017-04-17,32.74235916137695,97.08853912353516,67.25151824951172,21.030536651611328,53.92013931274414
2017-04-18,32.59691619873047,94.07672882080078,66.70325469970703,21.145002365112305,53.56985855102539
2017-04-19,32.476863861083984,93.72919464111328,66.15494537353516,21.196516036987305,53.199729919433594
2017-04-20,32.88317108154297,94.11534881591797,67.00870513916016,21.405420303344727,53.54341506958008
2017-04-21,32.843929290771484,94.03038024902344,66.20195007324219,21.445480346679688,53.331905364990234
2017-04-24,33.16020965576172,94.90304565429688,68.53607177734375,21.39969253540039,53.6095085144043
2017-04-25,33.36566162109375,95.32007598876953,69.13138580322266,21.476961135864258,54.0192985534668
2017-04-26,33.16943359375,95.38182067871094,69.26453399658203,21.585704803466797,53.80118942260742
2017-04-27,33.19483947753906,95.55946350097656,68.62226104736328,21.588565826416016,53.70866012573242
2017-04-28,33.16252136230469,95.3509521484375,68.14447784423828,21.51416015625,53.966426849365234
2017-05-01,33.83892822265625,95.25057983398438,68.19145965576172,21.52846908569336,54.23740768432617
2017-05-02,34.053611755371094,95.52855682373047,67.75283813476562,21.611459732055664,54.23081970214844
2017-05-03,33.949737548828125,95.24285125732422,68.14447784423828,21.680137634277344,54.660423278808594
2017-05-04,33.82738494873047,95.72161102294922,68.22279357910156,21.846118927001953,53.95981979370117
2017-05-05,34.38835906982422,95.38182067871094,68.14447784423828,21.891902923583984,54.21099090576172
2017-05-08,35.32332992553711,95.18103790283203,68.22279357910156,21.783157348632812,54.78599166870117
2017-05-09,35.5495719909668,95.150146484375,67.94864654541016,21.954858779907227,54.40265655517578
2017-05-10,35.381038665771484,94.84122467041016,68.48126220703125,22.096019744873047,54.649513244628906
2017-05-11,35.68702697753906,95.1424331665039,68.26979064941406,21.93181800842285,55.11655044555664
2017-05-12,36.185428619384766,95.48220825195312,68.081787109375,21.810823440551758,55.07651138305664
2017-05-15,36.09269714355469,98.06929779052734,68.4107666015625,21.9778995513916,55.243316650390625
2017-05-16,36.03937911987305,98.67166137695312,68.62226104736328,21.637964248657227,55.07651138305664
2017-05-17,34.82933807373047,97.82217407226562,66.0061264038086,21.640850067138672,54.702880859375
2017-05-18,35.360172271728516,98.0538558959961,65.7633285522461,22.3380069732666,54.542762756347656
2017-05-19,35.48072814941406,98.0770263671875,66.40560913085938,22.692354202270508,54.662841796875
2017-05-22,35.69629669189453,98.2778091430664,66.34293365478516,22.62897491455078,54.90304946899414
2017-05-23,35.65225601196289,98.47859954833984,67.1732177734375,22.61168670654297,55.096527099609375
2017-05-24,35.545631408691406,98.47087860107422,67.1340560913086,22.51373863220215,54.90304946899414
2017-05-25,35.66847229003906,99.13944244384766,66.85206604003906,22.55982780456543,54.542762756347656
2017-05-26,35.608211517333984,98.66524505615234,66.85990142822266,22.507984161376953,54.40932846069336
2017-05-30,35.622108459472656,98.81291961669922,65.71630859375,22.51373863220215,54.10908126831055
2017-05-31,35.41117477416992,99.69914245605469,64.34561157226562,22.64337921142578,53.708778381347656
2017-06-01,35.50853729248047,100.11116027832031,65.05835723876953,22.991958618164062,53.84219741821289
2017-06-02,36.03474044799805,101.12175750732422,64.7293930053711,22.937227249145508,53.04158401489258
2017-06-05,35.68238830566406,101.33941650390625,64.8469009399414,23.121593475341797,53.45523452758789
2017-06-06,35.80293655395508,101.70478820800781,64.98002624511719,22.738447189331055,54.18247985839844
2017-06-07,36.016197204589844,101.642578125,65.72417449951172,22.80182456970215,53.982330322265625
2017-06-08,35.92811584472656,101.48713684082031,66.53875732421875,22.738447189331055,53.788822174072266
2017-06-09,34.53492736816406,102.24896240234375,68.11312103271484,22.879606246948242,54.79628372192383
2017-06-12,33.70969009399414,102.4743881225586,68.12879180908203,22.8277530670166,55.33005142211914
2017-06-13,33.98091506958008,102.62986755371094,68.35594940185547,22.90842056274414,55.350067138671875
2017-06-14,33.6494140625,103.21290588378906,68.2149658203125,23.017887115478516,54.75625991821289
2017-06-15,33.44775390625,103.42279052734375,67.8076400756836,22.73267936706543,54.88301467895508
2017-06-16,32.979488372802734,104.441162109375,67.50216674804688,21.675424575805664,55.703678131103516
2017-06-19,33.922969818115234,104.22349548339844,68.98253631591797,21.750320434570312,55.21662521362305
2017-06-20,33.61465835571289,104.3401107788086,68.5517578125,21.7618465423584,54.91638946533203
2017-06-21,33.81402587890625,104.87651062011719,68.23844146728516,21.963499069213867,54.335933685302734
2017-06-22,33.75837326049805,105.76271057128906,68.16014099121094,21.75608253479004,54.095733642578125
2017-06-23,33.90904998779297,106.0581283569336,68.0347900390625,21.560184478759766,54.44935989379883
2017-06-26,33.802425384521484,105.9881362915039,68.33242797851562,21.750320434570312,54.20249557495117
2017-06-27,33.31793975830078,104.95423889160156,68.96690368652344,21.897241592407227,54.11576461791992
2017-06-28,33.80474090576172,104.02915954589844,70.35327911376953,22.041282653808594,54.39596939086914
2017-06-29,33.30635070800781,103.1118392944336,71.39505004882812,21.874195098876953,53.84219741821289
2017-06-30,33.385162353515625,102.83975982666016,71.59083557128906,21.80217933654785,53.862220764160156
2017-07-03,33.264625549316406,103.31397247314453,73.04786682128906,21.709983825683594,54.77627182006836
2017-07-05,33.40140914916992,103.88921356201172,73.78031158447266,21.698467254638672,53.94228744506836
2017-07-06,33.08613586425781,103.0185546875,73.54402160644531,21.74167823791504,53.45523452758789
2017-07-07,33.422245025634766,103.03411865234375,73.9142074584961,21.70134925842285,53.52196502685547
2017-07-10,33.62624740600586,102.26447296142578,73.39441680908203,21.096364974975586,53.481937408447266
2017-07-11,33.735191345214844,102.0157470703125,73.11088562011719,21.165508270263672,53.775482177734375
2017-07-12,33.78388595581055,102.79312133789062,72.85885620117188,21.300912857055664,54.01567459106445
2017-07-13,34.25444793701172,102.50550079345703,73.32351684570312,21.620681762695312,54.02235412597656
2017-07-14,34.54884338378906,103.08078002929688,72.65409088134766,21.992313385009766,54.22918701171875
2017-07-17,34.669395446777344,102.73092651367188,71.97677612304688,22.00095558166504,53.94896697998047
2017-07-18,34.78993606567383,104.52667999267578,71.7247314453125,21.95197868347168,53.775482177734375
2017-07-19,35.00782775878906,105.10973358154297,71.8271255493164,21.856918334960938,53.94228744506836
2017-07-20,34.85020065307617,106.16695404052734,71.8271255493164,21.900115966796875,53.94896697998047
2017-07-21,34.83397674560547,105.18742370605469,71.58296203613281,21.93757438659668,53.45523452758789
2017-07-24,35.255863189697266,103.39947509765625,71.8901138305664,22.1507511138916,53.288448333740234
2017-07-25,35.40654754638672,102.52104949951172,73.0872573852539,22.620328903198242,53.55532455444336
2017-07-26,35.57343673706055,101.79805755615234,72.40203857421875,22.72980308532715,53.62205123901367
2017-07-27,34.90119552612305,101.70478820800781,72.10279083251953,22.983314514160156,53.928951263427734
2017-07-28,34.65547561645508,102.49771118164062,71.8901138305664,22.991958618164062,53.10830307006836
2017-07-31,34.47698974609375,103.17401885986328,72.2996597290039,23.043813705444336,53.401859283447266
2017-08-01,34.78298568725586,103.0107650756836,73.26836395263672,23.19074058532715,53.48860549926758
2017-08-02,36.42649841308594,102.73870086669922,73.33139038085938,23.199382781982422,53.775482177734375
2017-08-03,36.062564849853516,103.663818359375,72.8509750366211,23.297334671020508,53.70210266113281
2017-08-04,36.252647399902344,103.5316162109375,73.76457214355469,23.184980392456055,53.51527786254883
2017-08-07,36.81361770629883,103.28286743164062,74.04808807373047,23.415443420410156,53.481937408447266
2017-08-08,37.10801315307617,102.82420349121094,73.78031158447266,23.504749298095703,53.348506927490234
2017-08-09,37.33519744873047,103.57048797607422,73.66218566894531,23.65839385986328,53.51527786254883
2017-08-10,36.14598846435547,103.46167755126953,72.60681915283203,23.382991790771484,53.19866180419922
2017-08-11,36.64866638183594,103.46945190429688,72.0003662109375,23.3076229095459,52.686683654785156
2017-08-14,37.20022201538086,103.76485443115234,72.84310913085938,23.394588470458984,52.70016860961914
2017-08-15,37.60747528076172,103.68712615966797,73.0321273803711,23.41488265991211,52.572174072265625
2017-08-16,37.456207275390625,104.3012466430664,72.5280532836914,23.475765228271484,52.18818664550781
2017-08-17,36.737098693847656,103.42279052734375,71.39393615722656,23.10469627380371,51.37305450439453
2017-08-18,36.653316497802734,103.1041030883789,71.46483612060547,22.991628646850586,51.629051208496094
2017-08-21,36.585845947265625,103.74152374267578,71.37818908691406,23.107593536376953,51.453895568847656
2017-08-22,37.183937072753906,104.71326446533203,72.11067199707031,23.197458267211914,51.6964111328125
2017-08-23,37.230464935302734,103.23621368408203,72.19729614257812,23.180068969726562,51.60883712768555
2017-08-24,37.06523895263672,103.30620574951172,72.07913970947266,22.710432052612305,51.42021942138672
2017-08-25,37.20254898071289,103.01673126220703,72.37056732177734,22.794504165649414,51.68293762207031
2017-08-28,37.57721710205078,103.06368255615234,72.14215850830078,22.620569229125977,51.5145263671875
2017-08-29,37.9123420715332,103.4313735961914,71.74835205078125,22.83509063720703,51.50105285644531
2017-08-30,38.01473617553711,102.53952026367188,71.91373443603516,22.768417358398438,51.2652702331543
2017-08-31,38.16599655151367,103.5565185546875,71.58296203613281,22.63216781616211,51.42021942138672
2017-09-01,38.17764663696289,102.50822448730469,72.22088623046875,22.719131469726562,51.581886291503906
2017-09-05,37.71918487548828,101.62418365478516,70.4961166381836,23.133682250976562,51.992828369140625
2017-09-06,37.67961883544922,102.22657775878906,70.96865844726562,23.2148494720459,53.07067108154297
2017-09-07,37.528343200683594,103.41572570800781,69.72427368164062,23.226444244384766,53.239105224609375
2017-09-08,36.91630554199219,102.4691162109375,69.63765716552734,22.866975784301758,53.09763717651367
2017-09-11,37.584190368652344,104.21366882324219,70.71662902832031,22.924955368041992,53.38729476928711
2017-09-12,37.435264587402344,103.75995635986328,71.58296203613281,23.078601837158203,53.55571365356445
2017-09-13,37.1536750793457,103.61912536621094,71.78775787353516,23.151081085205078,53.73759460449219
2017-09-14,36.83485412597656,104.9725341796875,71.64599609375,23.098894119262695,53.95317840576172
2017-09-15,37.20719528198242,105.18376922607422,72.15792846679688,23.301822662353516,53.939701080322266
2017-09-18,36.92560577392578,105.91136932373047,73.1817626953125,23.191667556762695,53.95317840576172
2017-09-19,36.93958282470703,105.78619384765625,73.98509216308594,23.206151962280273,54.04072952270508
2017-09-20,36.32054901123047,104.22151184082031,74.50489044189453,23.336610794067383,54.263065338134766
2017-09-21,35.69684600830078,103.07150268554688,74.84355163574219,23.194557189941406,53.81843948364258
2017-09-22,35.34777069091797,102.78985595703125,74.68604278564453,23.0554141998291,53.838653564453125
2017-09-25,35.03593063354492,102.61776733398438,74.1268539428711,22.945249557495117,54.5527229309082
2017-09-26,35.638668060302734,102.43782806396484,73.79605865478516,23.01482391357422,54.4920768737793
2017-09-27,35.89232635498047,101.5068359375,74.96166229248047,22.9858341217041,54.855865478515625
2017-09-28,35.67124557495117,101.28779602050781,75.11918640136719,22.88727378845215,55.367855072021484
2017-09-29,35.86672592163086,101.71023559570312,75.22159576416016,22.652454376220703,55.226383209228516
2017-10-02,35.79459762573242,102.65686798095703,76.26902770996094,22.742328643798828,54.99058532714844
2017-10-03,35.95051193237305,103.34530639648438,76.67073822021484,22.965538024902344,55.078163146972656
2017-10-04,35.717796325683594,103.9633560180664,75.89102935791016,22.9278564453125,55.098384857177734
2017-10-05,36.16228485107422,104.19804382324219,76.9129409790039,23.020626068115234,55.25333023071289
2017-10-06,36.141353607177734,104.22151184082031,76.77826690673828,22.901763916015625,55.044471740722656
2017-10-09,36.26700973510742,104.40144348144531,76.37425994873047,23.345308303833008,55.26005172729492
2017-10-10,36.280975341796875,104.75348663330078,76.94462585449219,24.388931274414062,55.41501235961914
2017-10-11,36.432247161865234,106.90486907958984,76.71488189697266,24.852766036987305,55.64402770996094
2017-10-12,36.30424499511719,107.04572296142578,76.04153442382812,24.96002960205078,55.52952194213867
2017-10-13,36.534637451171875,106.73282623291016,75.9385757446289,25.110774993896484,55.51605987548828
2017-10-16,37.20719528198242,106.49026489257812,77.50707244873047,24.855661392211914,55.78550720214844
2017-10-17,37.34449005126953,110.1436996459961,77.33280944824219,24.925233840942383,55.886573791503906
2017-10-18,37.17927551269531,110.05767822265625,77.62590789794922,24.994813919067383,55.7518310546875
2017-10-19,36.299583435058594,111.12164306640625,77.72096252441406,25.046993255615234,55.73836135864258
2017-10-20,36.3624267578125,111.40325164794922,78.83003997802734,25.348487854003906,55.987613677978516
2017-10-23,36.34380340576172,112.35771179199219,78.6953125,25.699262619018555,56.07518005371094
2017-10-24,36.56024169921875,110.80867767333984,79.94698333740234,25.505027770996094,56.23012924194336
2017-10-25,36.399662017822266,111.3719711303711,80.02622985839844,25.649980545043945,56.02802658081055
2017-10-26,36.63238525390625,110.94166564941406,80.59657287597656,25.690567016601562,56.23012924194336
2017-10-27,37.944915771484375,110.91824340820312,80.62032318115234,25.560110092163086,56.391788482666016
2017-10-30,38.799007415771484,109.52569580078125,80.33516693115234,25.20644187927246,56.27729034423828
2017-10-31,39.338905334472656,109.06410217285156,79.70142364501953,25.310800552368164,56.1492805480957
2017-11-01,38.83856201171875,109.51004791259766,79.94698333740234,25.49343490600586,56.49958038330078
2017-11-02,39.12247848510742,109.47090911865234,80.47775268554688,25.742740631103516,56.27056884765625
2017-11-03,40.144126892089844,109.5882797241211,80.33516693115234,25.997859954833984,56.034786224365234
2017-11-06,40.55137634277344,109.33792114257812,79.83609008789062,25.71375846862793,56.418739318847656
2017-11-07,40.68171691894531,109.34577941894531,78.22794342041016,25.786230087280273,56.304229736328125
2017-11-08,41.014488220214844,110.5583724975586,77.34864807128906,26.16599464416504,56.23012924194336
2017-11-09,40.93070602416992,109.79949188232422,77.3406982421875,26.177589416503906,56.56695556640625
2017-11-10,40.79523468017578,109.18148040771484,77.24567413330078,26.35732078552246,56.39018249511719
2017-11-13,40.63174819946289,109.33792114257812,77.52294921875,26.377614974975586,56.35618209838867
2017-11-14,40.017513275146484,109.12671661376953,77.05552673339844,26.40660858154297,55.91426467895508
2017-11-15,39.48967361450195,108.82161712646484,77.78433990478516,26.041336059570312,55.21396255493164
2017-11-16,39.96144485473633,108.64166259765625,78.00616455078125,28.879419326782227,54.77203369140625
2017-11-17,39.73957061767578,107.96099853515625,77.74471282958984,28.256145477294922,54.554481506347656
2017-11-20,39.69987869262695,107.9062728881836,78.4339370727539,28.259037017822266,54.7652473449707
2017-11-21,40.43790817260742,108.22705841064453,78.37053680419922,27.980737686157227,54.9827995300293
2017-11-22,40.86298370361328,107.40560150146484,78.14080810546875,27.94884490966797,55.13917541503906
2017-11-24,40.86531448364258,107.9688491821289,77.88731384277344,28.009729385375977,55.35676574707031
2017-11-27,40.65978240966797,108.70087432861328,77.57838439941406,28.009729385375977,55.1459846496582
2017-11-28,40.42155838012695,110.21217346191406,80.2955551147461,28.053211212158203,55.526710510253906
2017-11-29,39.58309555053711,110.04688262939453,82.17300415039062,28.2822322845459,55.93465805053711
2017-11-30,40.136619567871094,109.66905212402344,82.7988510131836,28.186565399169922,56.628150939941406
2017-12-01,39.949771881103516,110.18067169189453,83.01274108886719,28.22135353088379,56.74374008178711
2017-12-04,39.6578369140625,109.41712951660156,84.7238540649414,28.122787475585938,56.81850051879883
2017-12-05,39.620460510253906,109.93663787841797,83.74948120117188,28.360506057739258,56.35618209838867
2017-12-06,39.47332000732422,111.03072357177734,83.12362670898438,28.20105743408203,55.94144821166992
2017-12-07,39.54573059082031,110.20425415039062,82.87806701660156,28.203975677490234,56.1250114440918
2017-12-08,39.557395935058594,110.66079711914062,83.91581726074219,28.136947631835938,56.19982147216797
2017-12-11,40.32814025878906,111.09371948242188,83.67028045654297,28.24768829345703,56.45137023925781
2017-12-12,40.10158920288086,112.24293518066406,84.6446304321289,28.180662155151367,56.26780319213867
2017-12-13,40.2347297668457,112.47118377685547,83.58312225341797,28.489564895629883,56.51256561279297
2017-12-14,40.22303771972656,111.49515533447266,82.90975189208984,28.305973052978516,56.36298751831055
2017-12-15,40.63174819946289,112.13272857666016,84.08218383789062,28.30014419555664,56.45137023925781
2017-12-18,41.203975677490234,111.61322784423828,84.73175811767578,28.530372619628906,56.39018249511719
2017-12-19,40.76488494873047,111.59748840332031,84.37529754638672,28.792652130126953,56.05022430419922
2017-12-20,40.720516204833984,111.10946655273438,84.08218383789062,28.7780818939209,56.342594146728516
2017-12-21,40.87466812133789,111.03072357177734,85.42096710205078,28.576997756958008,57.00888442993164
2017-12-22,40.87466812133789,110.29086303710938,85.11994934082031,28.620710372924805,57.090476989746094
2017-12-26,39.837669372558594,110.26725006103516,84.779296875,28.89756202697754,57.0972785949707
2017-12-27,39.844669342041016,110.64506530761719,84.93773651123047,28.926706314086914,57.042869567871094
2017-12-28,39.95677947998047,110.63719177246094,85.38926696777344,28.96750831604004,57.12446212768555
2017-12-29,39.524696350097656,109.97602844238281,84.71592712402344,28.7780818939209,56.866111755371094
2018-01-02,40.232364654541016,109.59032440185547,85.51603698730469,28.73145866394043,57.811153411865234
2018-01-03,40.225372314453125,110.63719177246094,85.6031723022461,28.982072830200195,58.94657897949219
2018-01-04,40.412227630615234,110.62931823730469,86.82949829101562,29.008302688598633,59.02816390991211
2018-01-05,40.87232208251953,111.5423812866211,86.27203369140625,29.180240631103516,58.9805793762207
2018-01-08,40.720516204833984,111.6840591430664,86.39948272705078,29.611549377441406,59.2457275390625
2018-01-09,40.71582794189453,113.4550552368164,86.83746337890625,29.25600814819336,58.99416732788086
2018-01-10,40.70649719238281,113.32125091552734,87.79301452636719,29.046184539794922,58.525047302246094
2018-01-11,40.93771743774414,113.9666748046875,88.26285552978516,29.14818572998047,59.10295104980469
2018-01-12,41.36044692993164,114.73017120361328,89.72010040283203,29.39589500427246,59.50410461425781
2018-01-16,41.15026092529297,115.59602355957031,89.40156555175781,29.343441009521484,59.13014602661133
2018-01-17,41.82991027832031,115.69049072265625,89.97491455078125,29.9291934967041,59.83043670654297
2018-01-18,41.86726379394531,115.64324951171875,90.1899185180664,30.39547348022461,59.44289016723633
2018-01-19,41.6804313659668,115.98957824707031,89.9908218383789,30.479991912841797,59.252525329589844
2018-01-22,41.33943176269531,116.60353088378906,91.04197692871094,30.730619430541992,60.000404357910156
2018-01-23,41.34877014160156,111.63681030273438,90.94640350341797,30.86174964904785,60.034400939941406
2018-01-24,40.69015121459961,111.82575225830078,92.10897827148438,30.82969856262207,60.19078063964844
2018-01-25,39.96379089355469,113.65972137451172,92.13289642333984,31.065759658813477,60.081993103027344
2018-01-26,40.05720520019531,114.3917465209961,92.6266098022461,31.58739471435547,60.51033401489258
2018-01-29,39.22807693481445,113.09300994873047,92.53106689453125,31.925451278686523,59.83723449707031
2018-01-30,38.99687576293945,112.10905456542969,91.6630859375,31.39506721496582,59.0009651184082
2018-01-31,39.10429382324219,108.7717514038086,92.10897827148438,31.065759658813477,59.35451126098633
2018-02-01,39.18605422973633,110.21217346191406,93.0645751953125,30.751018524169922,60.55791091918945
2018-02-02,37.48576354980469,108.37030029296875,91.00213623046875,30.44794464111328,57.47121047973633
2018-02-05,36.5491943359375,102.63223266601562,86.63835906982422,29.168590545654297,54.200931549072266
2018-02-06,38.07665252685547,103.76566314697266,89.27415466308594,29.40464210510254,53.26948547363281
2018-02-07,37.261531829833984,103.44293212890625,89.87934875488281,29.9729061126709,52.31084060668945
2018-02-08,36.2362174987793,99.46011352539062,85.90576934814453,29.14818572998047,51.71934127807617
2018-02-09,36.6794548034668,101.95531463623047,87.62578582763672,28.958757400512695,52.04902648925781
2018-02-12,38.15686798095703,102.53776550292969,88.97953033447266,29.011213302612305,52.488590240478516
2018-02-13,38.539093017578125,102.29374694824219,89.5289535522461,29.427955627441406,52.40616226196289
2018-02-14,39.24966049194336,102.06548309326172,91.59938049316406,29.637779235839844,52.516082763671875
2018-02-15,40.567596435546875,103.29338836669922,91.98160552978516,30.083662033081055,52.344356536865234
2018-02-16,40.43627166748047,104.80463409423828,91.32066345214844,30.53536033630371,52.57101821899414
2018-02-20,40.300262451171875,103.01002502441406,91.34456634521484,27.42587661743164,52.02840805053711
2018-02-21,40.11735153198242,102.25437927246094,91.726806640625,26.671085357666016,51.43771743774414
2018-02-22,40.45270919799805,102.25437927246094,91.5595932006836,27.03536605834961,52.10397720336914
2018-02-23,41.156211853027344,103.91519165039062,93.41497802734375,27.07033348083496,53.2509880065918
2018-02-26,41.96995544433594,104.6202392578125,94.57756042480469,27.137365341186523,54.1507568359375
2018-02-27,41.83394241333008,104.30335235595703,93.45477294921875,26.671085357666016,53.23037338256836
2018-02-28,41.770633697509766,102.88541412353516,91.97364044189453,26.231037139892578,52.02153015136719
2018-03-01,41.03895950317383,100.8258056640625,90.32528686523438,25.96001434326172,51.65066146850586
2018-03-02,41.322715759277344,102.04571533203125,90.2376708984375,25.869672775268555,51.89104461669922
2018-03-05,41.46576690673828,102.81410217285156,91.62325286865234,26.222291946411133,52.385562896728516
2018-03-06,41.43058776855469,101.57040405273438,91.70289611816406,25.95418357849121,52.32373809814453
2018-03-07,41.045997619628906,102.22001647949219,91.3604965209961,25.56950569152832,51.0050048828125
2018-03-08,41.4939079284668,104.61228942871094,91.36846160888672,25.77472496032715,50.90885543823242
2018-03-09,42.20680618286133,105.99065399169922,93.99628448486328,26.00925064086914,51.21105194091797
2018-03-12,42.6148681640625,105.0638427734375,93.69366455078125,25.818695068359375,51.6781120300293
2018-03-13,42.20448303222656,106.42633056640625,92.57086944580078,25.886117935180664,51.190460205078125
2018-03-14,41.845664978027344,104.81825256347656,91.5356674194336,25.701427459716797,50.55169677734375
2018-03-15,41.894920349121094,105.40449523925781,91.76660919189453,25.65452766418457,51.11490249633789
2018-03-16,41.74717712402344,105.89559936523438,91.92585754394531,26.141170501708984,51.59568786621094
2018-03-19,41.109317779541016,103.17056274414062,91.20123291015625,25.636930465698242,50.92945861816406
2018-03-20,41.095245361328125,103.93900299072266,91.288818359375,25.78351402282715,50.81956100463867
2018-03-21,40.164241790771484,103.92315673828125,91.36846160888672,25.85093879699707,51.54075241088867
2018-03-22,39.596736907958984,100.90499114990234,87.55413055419922,25.546056747436523,50.48299789428711
2018-03-23,38.67980194091797,99.09888458251953,85.21298217773438,25.041820526123047,50.06403732299805
2018-03-26,40.5160026550293,100.91293334960938,87.84081268310547,25.651588439941406,50.8264274597168
2018-03-27,39.477142333984375,100.77033233642578,86.13671112060547,25.226505279541016,50.62038040161133
2018-03-28,39.04094696044922,100.96044921875,86.00135040283203,25.730745315551758,50.00907897949219
2018-03-29,39.34581756591797,101.51496124267578,87.57006072998047,26.08252716064453,51.24540710449219
2018-04-02,39.087860107421875,98.67112731933594,85.88188934326172,25.079927444458008,50.29069900512695
2018-04-03,39.48885726928711,101.67338562011719,87.0604248046875,25.446378707885742,51.527008056640625
2018-04-04,40.243980407714844,103.30528259277344,88.3823013305664,25.56950569152832,51.42398452758789
2018-04-05,40.5230598449707,103.54291534423828,89.54279327392578,25.742477416992188,52.21384811401367
2018-04-06,39.48650360107422,101.4753646850586,87.30982208251953,25.41412925720215,51.42398452758789
2018-04-09,39.878143310546875,102.56854248046875,88.35826110839844,25.293935775756836,51.42398452758789
2018-04-10,40.628578186035156,103.17849731445312,90.04702758789062,25.343774795532227,52.9350471496582
2018-04-11,40.43861770629883,102.68736267089844,88.53433990478516,25.185461044311523,53.18230438232422
2018-04-12,40.83728790283203,103.32107543945312,90.73531341552734,25.044750213623047,53.038082122802734
2018-04-13,40.975643157958984,103.47158813476562,88.27824401855469,25.217710494995117,53.46390914916992
2018-04-16,41.231258392333984,104.37466430664062,88.20622253417969,25.458106994628906,53.944698333740234
2018-04-17,41.79877853393555,103.40821075439453,88.20622253417969,25.76885414123535,53.80046463012695
2018-04-18,41.704978942871094,101.17436218261719,87.49388885498047,25.6721134185791,54.411739349365234
2018-04-19,40.5230598449707,101.03968811035156,89.41474914550781,25.765926361083984,54.54912185668945
2018-04-20,38.86272048950195,100.33464050292969,89.21465301513672,25.499147415161133,54.26065444946289
2018-04-23,38.75016403198242,100.46932220458984,88.78244018554688,25.241167068481445,54.65215301513672
2018-04-24,38.21079635620117,99.96234893798828,88.36627960205078,25.36722755432129,53.8141975402832
2018-04-25,38.37729263305664,100.41386413574219,88.03013610839844,25.554851531982422,54.60407257080078
2018-04-26,38.51096725463867,101.40406799316406,88.11817169189453,25.780582427978516,55.53818130493164
2018-04-27,38.065391540527344,101.61002349853516,87.55791473388672,25.59003448486328,53.4295654296875
2018-04-30,38.75484848022461,100.19998931884766,87.06171417236328,25.933029174804688,53.40209197998047
2018-05-01,39.655364990234375,99.81977844238281,87.06171417236328,25.625205993652344,52.852603912353516
2018-05-02,41.407135009765625,97.8314437866211,86.3734359741211,25.311519622802734,52.749595642089844
2018-05-03,41.4821891784668,97.45913696289062,85.82917785644531,25.279277801513672,52.57101821899414
2018-05-04,43.109676361083984,98.37802124023438,86.78158569335938,25.660383224487305,52.81826400756836
2018-05-07,43.42157745361328,97.9027328491211,87.53392791748047,25.056472778320312,53.39522171020508
2018-05-08,43.63027572631836,97.12640380859375,88.83049011230469,25.13563346862793,53.635616302490234
2018-05-09,43.93748092651367,97.83938598632812,90.76732635498047,24.34994888305664,54.899410247802734
2018-05-10,44.56596374511719,99.29694366455078,91.47161865234375,24.39421272277832,56.12885665893555
2018-05-11,44.39646911621094,100.7940902709961,91.12748718261719,24.597761154174805,56.39250946044922
2018-05-14,44.29288864135742,99.85935974121094,91.15950775146484,24.895723342895508,56.77410888671875
2018-05-15,43.89033508300781,99.12265014648438,90.46318817138672,24.93406867980957,56.746337890625
2018-05-16,44.299957275390625,99.29694366455078,90.71127319335938,25.409034729003906,56.90592575073242
2018-05-17,44.01980972290039,98.10870361328125,90.40716552734375,24.92522621154785,56.80880355834961
2018-05-18,43.859718322753906,98.41763305664062,88.94251251220703,24.674468994140625,56.40639114379883
2018-05-21,44.170475006103516,98.0057144165039,89.75890350341797,24.931123733520508,57.08631134033203
2018-05-22,44.059837341308594,97.36405944824219,90.44717407226562,24.594818115234375,56.64226531982422
2018-05-23,44.342323303222656,97.79183197021484,90.031005859375,24.48860740661621,56.996116638183594
2018-05-24,44.29288864135742,96.84123229980469,89.02256774902344,24.441410064697266,55.69176483154297
2018-05-25,44.39411926269531,96.93699645996094,88.56637573242188,24.32634925842285,54.60943603515625
2018-05-29,44.234039306640625,95.28507995605469,84.78071594238281,24.308652877807617,54.40822219848633
2018-05-30,44.13986587524414,96.53799438476562,86.71755981445312,24.816070556640625,56.545143127441406
2018-05-31,43.99156188964844,95.46063995361328,85.64510345458984,24.349946975708008,56.36473083496094
2018-06-01,44.78489303588867,96.76941680908203,86.7575912475586,24.482711791992188,56.77410888671875
2018-06-04,45.159210205078125,97.320068359375,86.7975845336914,25.1995792388916,56.17744064331055
2018-06-05,45.507625579833984,96.94498443603516,86.30938720703125,24.96357536315918,55.97622299194336
2018-06-06,45.66535186767578,97.99039459228516,88.32623291015625,24.94586944580078,56.93367385864258
2018-06-07,45.542930603027344,98.4213638305664,88.67842864990234,25.060924530029297,57.50260543823242
2018-06-08,45.128597259521484,99.00389862060547,88.92650604248047,24.886871337890625,58.002140045166016
2018-06-11,45.017967224121094,97.88666534423828,88.70243072509766,24.869165420532227,57.65523147583008
2018-06-12,45.26514434814453,97.79090881347656,88.1902084350586,24.810169219970703,57.18345642089844
2018-06-13,44.893184661865234,97.86270904541016,88.0141372680664,24.807218551635742,56.55208206176758
2018-06-14,44.91672134399414,97.68714904785156,86.46145629882812,24.718713760375977,56.81574249267578
2018-06-15,44.455322265625,97.8467788696289,86.35741424560547,24.692161560058594,55.96235275268555
2018-06-18,44.43178939819336,96.8172836303711,86.58149719238281,24.485660552978516,56.07334899902344
2018-06-19,43.713783264160156,97.81485748291016,86.07728576660156,24.665613174438477,55.9901123046875
2018-06-20,43.90446853637695,97.39189147949219,86.06929779052734,24.665613174438477,55.816654205322266
2018-06-21,43.659637451171875,96.92103576660156,86.04527282714844,24.842618942260742,55.289363861083984
2018-06-22,43.532508850097656,98.03032684326172,84.63666534423828,25.022567749023438,56.4619026184082
2018-06-25,42.88512420654297,97.83080291748047,83.86831665039062,25.50933074951172,55.32404708862305
2018-06-26,43.41714859008789,97.63926696777344,83.92436981201172,25.364782333374023,55.948463439941406
2018-06-27,43.35359573364258,97.04872131347656,82.6277847290039,25.633237838745117,56.690853118896484
2018-06-28,43.66905212402344,97.3599624633789,83.98039245605469,25.329381942749023,56.8712272644043
2018-06-29,43.577247619628906,96.83325958251953,83.39612579345703,25.26742935180664,57.39854431152344
2018-07-02,44.064537048339844,97.02479553222656,84.1004409790039,24.78066635131836,56.725547790527344
2018-07-03,43.29709243774414,97.92657470703125,82.92390441894531,24.910476684570312,57.05856704711914
2018-07-05,43.645511627197266,99.75403594970703,83.46307373046875,24.94882583618164,57.10713577270508
2018-07-06,44.250518798828125,100.35257720947266,83.73665618896484,24.931123733520508,57.12099075317383
2018-07-09,44.864925384521484,100.59199523925781,86.32778930664062,25.350032806396484,57.51648712158203
2018-07-10,44.810791015625,101.65337371826172,85.79669189453125,25.72764015197754,58.043766021728516
2018-07-11,44.229331970214844,100.74362182617188,85.61162567138672,25.52703857421875,57.3014030456543
2018-07-12,44.970882415771484,101.95663452148438,85.98175811767578,25.524089813232422,57.37078857421875
2018-07-13,45.041500091552734,100.49622344970703,85.58745574951172,25.8721981048584,57.80093002319336
2018-07-16,44.94263458251953,99.50664520263672,88.98329162597656,25.854494094848633,57.23200607299805
2018-07-17,45.06974792480469,103.03398895263672,88.9189224243164,26.016752243041992,57.10713577270508
2018-07-18,44.822566986083984,101.98855590820312,89.74774932861328,25.98134994506836,57.0446891784668
2018-07-19,45.17097854614258,100.50421905517578,88.42804718017578,25.878095626831055,56.89898681640625
2018-07-20,45.067405700683594,100.43238830566406,89.54655456542969,25.9783935546875,56.47576904296875
2018-07-23,45.107418060302734,101.05485534667969,91.2123031616211,25.85154151916504,56.47576904296875
2018-07-24,45.43463897705078,103.23348999023438,91.85604095458984,25.948902130126953,57.59279251098633
2018-07-25,45.86308670043945,102.6429214477539,92.68488311767578,25.931198120117188,57.99519729614258
2018-07-26,45.71949005126953,103.9676742553711,92.4193344116211,26.028545379638672,58.44617462158203
2018-07-27,44.95911407470703,104.98116302490234,93.36888122558594,25.999048233032227,56.83652114868164
2018-07-30,44.70721435546875,105.47595977783203,93.93216705322266,26.220304489135742,56.7116584777832
2018-07-31,44.79667663574219,105.75527954101562,92.49980163574219,26.32356071472168,56.55208206176758
2018-08-01,47.43564224243164,105.85102844238281,93.07115173339844,26.0314998626709,55.7750129699707
2018-08-02,48.822235107421875,104.74177551269531,93.4654541015625,26.184906005859375,55.4420051574707
2018-08-03,48.963478088378906,105.30039978027344,94.22183990478516,26.43271255493164,55.643192291259766
2018-08-06,49.21773910522461,105.35624694824219,94.24598693847656,26.453365325927734,55.62931823730469
2018-08-07,48.756309509277344,104.90934753417969,94.5920181274414,26.482864379882812,56.38557434082031
2018-08-08,48.789268493652344,104.67793273925781,94.78514099121094,26.565471649169922,56.01091384887695
2018-08-09,49.17299270629883,104.70185089111328,94.0528564453125,26.411169052124023,55.72644805908203
2018-08-10,49.026527404785156,104.34275817871094,93.12747192382812,26.758329391479492,55.670387268066406
2018-08-13,49.343082427978516,103.91979217529297,91.6468276977539,26.598102569580078,55.06755065917969
2018-08-14,49.55097579956055,103.34518432617188,92.25840759277344,26.957134246826172,54.8923225402832
2018-08-15,49.66673278808594,104.08736419677734,91.49393463134766,26.770200729370117,53.9319953918457
2018-08-16,50.394351959228516,105.72333526611328,92.35494995117188,29.268598556518555,54.675010681152344
2018-08-17,51.400726318359375,107.3114242553711,92.35494995117188,29.03418731689453,54.85725402832031
2018-08-20,50.8998908996582,109.23470306396484,92.23423767089844,28.48525047302246,55.24279022216797
2018-08-21,50.80066680908203,108.013671875,92.79753875732422,28.50899314880371,55.256813049316406
2018-08-22,50.803035736083984,107.42314910888672,92.5158920288086,28.387331008911133,56.04890441894531
2018-08-23,50.9069709777832,107.8221664428711,92.32279205322266,28.24193572998047,55.432044982910156
2018-08-24,51.06526565551758,108.49250793457031,92.28253936767578,28.17369270324707,55.810569763183594
2018-08-27,51.48577117919922,108.38806915283203,93.91606903076172,28.052034378051758,56.35731887817383
2018-08-28,51.90153884887695,107.90608978271484,93.45741271972656,28.50602149963379,56.27321243286133
2018-08-29,52.67640686035156,108.33988952636719,93.15161895751953,28.378427505493164,56.67978286743164
2018-08-30,53.16070556640625,108.41217803955078,92.69294738769531,28.514925003051758,56.43443298339844
2018-08-31,53.77490997314453,108.20332336425781,92.20205688476562,28.443706512451172,56.19609832763672
2018-09-04,53.9473762512207,107.4240493774414,92.6607437133789,28.295351028442383,56.28022003173828
2018-09-05,53.595367431640625,109.14326477050781,92.21012115478516,28.669221878051758,57.03024673461914
2018-09-06,52.70476150512695,109.95458221435547,91.81583404541016,28.618783950805664,56.399375915527344
2018-09-07,52.27953338623047,110.31611633300781,91.99284362792969,28.434814453125,57.359703063964844
2018-09-10,51.577903747558594,110.22775268554688,91.50199127197266,28.75230598449707,57.27558898925781
2018-09-11,52.88194274902344,111.27210235595703,92.08137512207031,28.675153732299805,58.0816764831543
2018-09-12,52.225189208984375,111.95497131347656,90.99502563476562,28.476348876953125,58.27094650268555
2018-09-13,53.4867057800293,112.38074493408203,91.34909057617188,28.22413444519043,57.703147888183594
2018-09-14,52.879573822021484,112.05939483642578,91.33299255371094,28.066877365112305,58.123741149902344
2018-09-17,51.47158432006836,112.43698120117188,91.60659790039062,28.135120391845703,58.46721267700195
2018-09-18,51.556644439697266,112.90289306640625,91.97673034667969,28.316123962402344,58.621421813964844
2018-09-19,51.58735275268555,112.83865356445312,94.64835357666016,28.25974464416504,59.322391510009766
2018-09-20,51.9795036315918,114.0597152709961,95.46109771728516,28.411073684692383,59.455570220947266
2018-09-21,51.41962814331055,114.78275299072266,94.83340454101562,28.45557975769043,59.700904846191406
2018-09-24,52.1590461730957,112.8467025756836,93.92413330078125,28.164793014526367,60.70328903198242
2018-09-25,52.489776611328125,111.37657165527344,93.65856170654297,28.218202590942383,60.63319396972656
2018-09-26,52.0716438293457,110.99095153808594,92.55613708496094,28.066877365112305,60.128501892089844
2018-09-27,53.14181137084961,111.03911590576172,92.15377044677734,27.930383682250977,60.12146759033203
2018-09-28,53.328426361083984,110.99897766113281,90.80188751220703,27.865102767944336,59.59577178955078
2018-10-01,53.6875114440918,112.2200698852539,91.33299255371094,28.010496139526367,60.14954376220703
2018-10-02,54.16472244262695,112.85472869873047,91.71121978759766,28.23303985595703,60.605159759521484
2018-10-03,54.82381820678711,111.6898422241211,92.5722427368164,27.912582397460938,60.387855529785156
2018-10-04,53.859962463378906,111.9469223022461,93.40685272216797,27.954124450683594,59.988311767578125
2018-10-05,52.98588562011719,111.74609375,92.88016510009766,27.687068939208984,59.820072174072266
2018-10-08,52.863037109375,111.97904205322266,93.44738006591797,28.096548080444336,60.37381362915039
2018-10-09,53.595367431640625,111.82640838623047,92.79911041259766,28.805715560913086,60.640201568603516
2018-10-10,51.112518310546875,110.6455078125,90.3276138305664,28.414039611816406,59.24528121948242
2018-10-11,50.66128921508789,107.52046203613281,87.62110900878906,27.868070602416992,57.19847106933594
2018-10-12,52.470882415771484,107.54454803466797,86.66492462158203,28.13215446472168,57.044273376464844
2018-10-15,51.348758697509766,107.60885620117188,86.17058563232422,27.83839988708496,56.65171813964844
2018-10-16,52.48033142089844,109.7055892944336,88.01815032958984,28.428874969482422,56.91809844970703
2018-10-17,52.2535514831543,112.03530883789062,88.9986801147461,28.65141487121582,57.12838363647461
2018-10-18,51.03218460083008,112.06742095947266,87.58866882324219,28.535696029663086,57.373722076416016
2018-10-19,51.80940628051758,111.70590209960938,87.44283294677734,28.826473236083984,57.457828521728516
2018-10-22,52.1259651184082,111.40867614746094,86.18683624267578,28.823514938354492,56.8830451965332
2018-10-23,52.61735153198242,111.60950469970703,85.287353515625,29.01935577392578,55.96476364135742
2018-10-24,50.81248092651367,110.43661499023438,83.69908905029297,28.948137283325195,54.408660888671875
2018-10-25,51.925167083740234,111.2399673461914,84.97132873535156,29.428829193115234,54.8923225402832
2018-10-26,51.09833908081055,110.03495788574219,83.80443572998047,29.35761070251465,54.345550537109375
2018-10-29,50.13920974731445,110.50088500976562,84.96321868896484,29.612794876098633,54.009098052978516
2018-10-30,50.38962936401367,113.07160949707031,86.46231079101562,30.39020538330078,55.22174835205078
2018-10-31,51.703102111816406,112.46107482910156,88.34230041503906,29.755216598510742,55.852630615234375
2018-11-01,52.49687576293945,113.12784576416016,88.30989837646484,29.844242095947266,56.54657745361328
2018-11-02,49.014713287353516,113.0154037475586,87.82368469238281,30.069740295410156,57.44382095336914
2018-11-05,47.623268127441406,114.23648071289062,88.39900970458984,30.535598754882812,57.226497650146484
2018-11-06,48.13827896118164,114.53372192382812,88.8122787475586,30.66022491455078,57.47184371948242
2018-11-07,49.59821319580078,116.2850112915039,90.33570098876953,30.953975677490234,58.20085906982422
2018-11-08,49.42517852783203,116.72686767578125,91.06497955322266,31.120134353637695,57.27558898925781
2018-11-09,48.4721794128418,116.75897216796875,90.1817626953125,31.3218994140625,57.26142501831055
2018-11-12,46.03044128417969,116.98392486572266,88.2855453491211,30.82044792175293,56.5250244140625
2018-11-13,45.57052993774414,116.22876739501953,88.80420684814453,30.544504165649414,55.22927474975586
2018-11-14,44.28327560424805,115.88333892822266,86.97283935546875,30.126121520996094,54.79734802246094
2018-11-15,45.37614059448242,116.08418273925781,89.1931381225586,29.535646438598633,55.363792419433594
2018-11-16,45.87870788574219,117.28117370605469,89.1283187866211,28.986709594726562,55.909019470214844
2018-11-19,44.06045150756836,118.6789779663086,89.80899047851562,28.716697692871094,56.093116760253906
2018-11-20,41.9553337097168,117.65072631835938,87.88040161132812,27.939287185668945,54.49994659423828
2018-11-21,41.90791702270508,114.0677719116211,87.22403717041016,27.94225311279297,54.91770553588867
2018-11-23,40.84351348876953,114.26058197021484,86.42180633544922,28.218202590942383,53.45200729370117
2018-11-26,41.395851135253906,114.29293060302734,88.5367660522461,28.23303985595703,54.507041931152344
2018-11-27,41.3057746887207,115.78857421875,88.90953826904297,28.200395584106445,54.55659866333008
2018-11-28,42.89409255981445,118.39185333251953,89.89814758300781,28.918458938598633,55.54789352416992
2018-11-29,42.5645751953125,117.91484832763672,89.18504333496094,28.868026733398438,55.97982406616211
2018-11-30,42.334632873535156,118.76374816894531,90.10071563720703,28.974842071533203,56.2913703918457
2018-12-03,43.81389617919922,118.20588684082031,90.95155334472656,29.301237106323242,57.509239196777344
2018-12-04,41.88657760620117,118.06037902832031,86.89178466796875,28.428874969482422,56.241798400878906
2018-12-06,41.41957092285156,117.96337127685547,85.23875427246094,28.273740768432617,55.505393981933594
2018-12-07,39.94267272949219,117.57527160644531,83.69908905029297,27.802356719970703,54.974365234375
2018-12-10,40.20580291748047,117.43785095214844,82.13514709472656,28.026111602783203,54.195491790771484
2018-12-11,39.97586441040039,118.44036865234375,81.33293151855469,27.999263763427734,54.294620513916016
2018-12-12,40.087284088134766,118.9254379272461,81.85967254638672,27.778491973876953,53.82728958129883
2018-12-13,40.525840759277344,119.52369689941406,81.94068145751953,27.73374366760254,54.507041931152344
2018-12-14,39.2291145324707,107.52603149414062,81.26811981201172,27.402576446533203,53.5157470703125
2018-12-17,38.864044189453125,104.40538024902344,80.23091125488281,27.08036994934082,52.425331115722656
2018-12-18,39.36898422241211,105.4402084350586,79.85002136230469,27.172861099243164,50.980865478515625
2018-12-19,38.140987396240234,103.16841888427734,78.83711242675781,27.01474380493164,50.11703109741211
2018-12-20,37.17850875854492,103.70201110839844,78.15641784667969,26.039159774780273,48.594669342041016
2018-12-21,35.7324333190918,103.55648803710938,76.30887603759766,25.994415283203125,48.23356628417969
2018-12-24,34.80790328979492,99.3120346069336,74.66390228271484,25.60359001159668,46.3855094909668
2018-12-26,37.259124755859375,102.4407958984375,77.7593765258789,26.97297477722168,48.60176467895508
2018-12-27,37.0173225402832,103.0067367553711,78.63453674316406,27.325016021728516,48.814186096191406
2018-12-28,37.03627395629883,102.8935546875,78.4643783569336,27.486116409301758,48.268951416015625
2018-12-31,37.39425277709961,104.33260345458984,79.10453033447266,27.790422439575195,48.28312683105469
2019-01-02,37.43691635131836,103.28160095214844,80.47398376464844,27.84710693359375,49.345218658447266
2019-01-03,33.707916259765625,101.6404037475586,79.33029174804688,27.703908920288086,48.587589263916016
2019-01-04,35.146881103515625,103.34627532958984,82.25484466552734,27.8769474029541,50.37900924682617
2019-01-07,35.06865692138672,102.68333435058594,82.31201934814453,28.20511817932129,50.640995025634766
2019-01-08,35.7371826171875,105.06832885742188,82.1568374633789,28.402029037475586,51.009193420410156
2019-01-09,36.344058990478516,104.23558044433594,82.01792907714844,28.30953598022461,51.27824783325195
2019-01-10,36.46022033691406,104.86620330810547,82.009765625,28.33042335510254,51.016265869140625
2019-01-11,36.10224914550781,104.89852142333984,81.6176528930664,28.294620513916016,50.78260040283203
2019-01-14,35.55936813354492,103.7100830078125,82.45909118652344,28.327436447143555,50.7188835144043
2019-01-15,36.287174224853516,104.58323669433594,83.0635986328125,28.71528434753418,50.7472038269043
2019-01-16,36.73046112060547,103.51604461669922,83.73345947265625,28.745121002197266,50.725955963134766
2019-01-17,36.94855880737305,104.36495208740234,84.07655334472656,28.861465454101562,51.072906494140625
2019-01-18,37.17613983154297,105.65850067138672,85.44078826904297,29.156831741333008,51.681854248046875
2019-01-22,36.34168243408203,104.1304931640625,84.0928955078125,29.085227966308594,50.90297317504883
2019-01-23,36.48867416381836,104.1304931640625,83.88050842285156,29.449190139770508,50.48521041870117
2019-01-24,36.19945526123047,102.69950103759766,83.92951202392578,29.344778060913086,50.5560188293457
2019-01-25,37.39898681640625,103.66967010498047,84.46049499511719,28.9211368560791,50.78260040283203
2019-01-28,37.052879333496094,104.28411102294922,84.86080932617188,28.95693588256836,50.44273376464844
2019-01-29,36.66883087158203,105.36744689941406,85.09770202636719,28.852519989013672,50.633907318115234
2019-01-30,39.17457962036133,106.42654418945312,85.29375457763672,28.282686233520508,51.18620300292969
2019-01-31,39.45669174194336,107.59073638916016,84.55035400390625,28.589982986450195,51.88718795776367
2019-02-01,39.47565841674805,108.49623107910156,84.86080932617188,28.00225067138672,53.7564811706543
2019-02-04,40.596954345703125,107.42903137207031,85.16307067871094,28.273740768432617,52.977603912353516
2019-02-05,41.29154968261719,107.42903137207031,84.78726196289062,28.521352767944336,53.52284240722656
2019-02-06,41.3057746887207,107.52603149414062,84.74642944335938,28.533294677734375,53.28915786743164
2019-02-07,40.523475646972656,106.75802612304688,83.63542175292969,28.858484268188477,52.87848663330078
2019-02-08,40.571083068847656,107.04096984863281,82.80218505859375,28.515398025512695,52.96438980102539
2019-02-11,40.33776092529297,106.71758270263672,82.4100570678711,28.700366973876953,53.05030822753906
2019-02-12,40.685359954833984,108.46387481689453,83.81515502929688,28.93008804321289,53.98101043701172
2019-02-13,40.51633071899414,108.69831848144531,84.21544647216797,29.219478607177734,54.58957290649414
2019-02-14,40.6639404296875,108.58514404296875,83.6681137084961,29.392515182495117,54.6038703918457
2019-02-15,40.57347106933594,110.25867462158203,86.22505187988281,29.83108139038086,55.63481140136719
2019-02-19,40.69489288330078,109.7008285522461,85.92278289794922,30.490402221679688,56.0070915222168
2019-02-20,40.956764221191406,110.23442077636719,86.33940887451172,29.798250198364258,56.22187042236328
2019-02-21,40.72583770751953,109.48253631591797,86.15967559814453,29.65207290649414,55.71356964111328
2019-02-22,41.18056106567383,110.43653869628906,85.77574157714844,29.699800491333008,56.14310836791992
2019-02-25,41.48054885864258,110.84345245361328,86.67434692382812,29.57151985168457,56.20037841796875
2019-02-26,41.504356384277344,110.77021026611328,86.01264190673828,29.44322967529297,56.314945220947266
2019-02-27,41.6329231262207,110.57489776611328,85.90644836425781,29.27019691467285,56.89484786987305
2019-02-28,41.22343063354492,111.2015380859375,85.25291442871094,29.532732009887695,56.57984924316406
2019-03-01,41.656734466552734,112.59318542480469,85.31011199951172,29.216489791870117,57.2742919921875
2019-03-04,41.86623764038086,112.69898223876953,85.1140365600586,29.19263458251953,57.49622344970703
2019-03-05,41.7900505065918,112.93500518798828,85.0487060546875,29.33881187438965,57.410308837890625
2019-03-06,41.549591064453125,113.19541931152344,84.73005676269531,29.314945220947266,56.758819580078125
2019-03-07,41.068660736083984,112.503662109375,84.1174087524414,29.07328987121582,57.388816833496094
2019-03-08,41.166290283203125,112.35714721679688,84.15010070800781,29.11505126953125,56.565513610839844
2019-03-11,42.59238052368164,112.76409149169922,85.24476623535156,29.380578994750977,57.116783142089844
2019-03-12,43.070919036865234,113.26864624023438,84.99148559570312,29.34777069091797,57.2742919921875
2019-03-13,43.261383056640625,113.4558334350586,85.27742004394531,29.544662475585938,57.782588958740234
2019-03-14,43.74230194091797,112.3245849609375,86.05348205566406,29.46068000793457,57.58928298950195
2019-03-15,44.31131362915039,111.98279571533203,87.0419692993164,29.520675659179688,57.381675720214844
2019-03-18,44.7636604309082,111.63286590576172,87.56477355957031,29.892601013183594,58.04750061035156
2019-03-19,44.408931732177734,112.66643524169922,87.24617004394531,29.949602127075195,57.89714050292969
2019-03-20,44.7969856262207,111.73053741455078,85.38361358642578,29.58666229248047,58.21931076049805
2019-03-21,46.4468879699707,112.3897476196289,84.03573608398438,29.712642669677734,58.55580520629883
2019-03-22,45.485050201416016,111.4212646484375,81.4951171875,29.478679656982422,57.6179313659668
2019-03-25,44.93507766723633,111.1771240234375,80.81709289550781,29.445690155029297,57.21701431274414
2019-03-26,44.47081756591797,112.772216796875,81.62582397460938,29.490678787231445,57.961578369140625
2019-03-27,44.87080001831055,112.87800598144531,81.34806060791016,29.15773582458496,57.5176887512207
2019-03-28,44.93032455444336,113.0245132446289,82.27118682861328,29.133745193481445,57.8040771484375
2019-03-29,45.22316360473633,113.76509857177734,82.69596099853516,29.253719329833984,57.84702682495117
2019-04-01,45.5302848815918,113.10585021972656,85.48162841796875,29.34070587158203,58.512855529785156
2019-04-02,46.19214630126953,112.07234954833984,85.89009857177734,29.07674789428711,58.26226043701172
2019-04-03,46.5087890625,111.63286590576172,86.06165313720703,29.1517391204834,57.918636322021484
2019-04-04,46.58973693847656,110.33072662353516,86.89302825927734,29.42769432067871,58.7419319152832
2019-04-05,46.901615142822266,110.82716369628906,86.687255859375,29.643651962280273,59.05694580078125
2019-04-08,47.6396598815918,110.79461669921875,86.96712493896484,29.76363182067871,59.42206954956055
2019-04-09,47.4968147277832,110.33072662353516,86.3250732421875,29.601655960083008,58.65602493286133
2019-04-10,47.76346206665039,110.33888244628906,86.71195983886719,29.874603271484375,58.3911247253418
2019-04-11,47.36585998535156,110.03777313232422,87.4445571899414,30.234540939331055,58.67033767700195
2019-04-12,47.346824645996094,110.6644287109375,91.5439224243164,30.46249771118164,57.93295669555664
2019-04-15,47.432533264160156,111.10387420654297,90.4985122680664,30.72345733642578,57.7396354675293
2019-04-16,47.43730163574219,112.3245849609375,91.45338439941406,30.8734188079834,58.1334114074707
2019-04-17,48.36103820800781,112.73152160644531,94.08749389648438,30.942405700683594,58.298065185546875
2019-04-18,48.53483581542969,111.91771697998047,93.39604949951172,30.94841957092285,58.08327102661133
2019-04-22,48.694358825683594,112.16999816894531,93.51128387451172,30.705463409423828,59.350494384765625
2019-04-23,49.39667510986328,113.8546142578125,93.62653350830078,30.915428161621094,59.694129943847656
2019-04-24,49.32050323486328,113.28495788574219,93.47012329101562,31.05340003967285,58.53432083129883
2019-04-25,48.87289810180664,113.65113830566406,93.51953887939453,31.050403594970703,58.863651275634766
2019-04-26,48.63959503173828,114.2533950805664,94.22743225097656,30.453514099121094,57.62510299682617
2019-04-29,48.713401794433594,113.80577850341797,95.58566284179688,30.46249771118164,57.252803802490234
2019-04-30,47.775360107421875,114.91258239746094,95.5280532836914,30.846433639526367,57.47474670410156
2019-05-01,50.12044906616211,115.52293395996094,94.7954330444336,30.402515411376953,56.32209396362305
2019-05-02,49.794288635253906,114.97770690917969,95.00120544433594,30.339527130126953,55.33411407470703
2019-05-03,50.41328430175781,115.57179260253906,95.58566284179688,30.618478775024414,55.46299743652344
2019-05-06,49.634761810302734,115.63690185546875,94.73779296875,30.732450485229492,55.21955871582031
2019-05-07,48.296749114990234,113.91156005859375,93.19023895263672,30.384521484375,54.9260368347168
2019-05-08,48.30628204345703,113.76509857177734,92.69636535644531,30.084575653076172,55.011940002441406
2019-05-09,47.78726577758789,112.90242767333984,92.62226104736328,30.015220642089844,54.961814880371094
2019-05-10,47.125247955322266,113.16287994384766,92.6140365600586,30.729867935180664,55.43974685668945
2019-05-13,44.38634490966797,111.65727233886719,90.09515380859375,30.12075424194336,54.824256896972656
2019-05-14,45.08900833129883,111.34803009033203,90.8113021850586,30.241369247436523,54.896644592285156
2019-05-15,45.62913513183594,111.4212646484375,90.465576171875,30.117733001708984,55.302188873291016
2019-05-16,45.428367614746094,112.47924041748047,91.62625122070312,30.548934936523438,55.29494094848633
2019-05-17,45.17026901245117,112.80477142333984,91.18173217773438,30.41324806213379,54.969078063964844
2019-05-20,43.75778579711914,112.65015411376953,91.65916442871094,30.612260818481445,54.96183776855469
2019-05-21,44.596675872802734,112.406005859375,91.97196960449219,30.491647720336914,55.215301513671875
2019-05-22,43.68369674682617,112.92686462402344,91.22289276123047,30.826364517211914,54.71562576293945
2019-05-23,42.93804931640625,113.76509857177734,89.42839050292969,30.71479034423828,53.43391799926758
2019-05-24,42.77313232421875,113.77328491210938,90.30918884277344,30.95903778076172,53.658390045166016
2019-05-28,42.59626770019531,112.31475830078125,89.3296127319336,30.883651733398438,52.579437255859375
2019-05-29,42.39313888549805,107.61141967773438,89.0826644897461,30.793184280395508,52.25358200073242
2019-05-30,42.61300277709961,108.25057220458984,88.1278076171875,30.814285278320312,52.11597442626953
2019-05-31,41.84104919433594,107.46392059326172,87.22232818603516,30.588136672973633,51.24702072143555
2019-06-03,41.41802978515625,107.70155334472656,87.63390350341797,30.744945526123047,52.050819396972656
2019-06-04,42.933258056640625,109.57795715332031,90.33386993408203,30.925867080688477,53.28908157348633
2019-06-05,43.626346588134766,110.11060333251953,90.65487670898438,31.48672866821289,52.84736633300781
2019-06-06,44.266849517822266,111.99519348144531,90.85248565673828,31.69479751586914,53.810462951660156
2019-06-07,45.445106506347656,113.5274658203125,89.85646057128906,31.981252670288086,54.005977630615234
2019-06-10,46.0258674621582,113.91259002685547,90.8277587890625,32.42149353027344,54.24494171142578
2019-06-11,46.558837890625,114.53531646728516,91.10765838623047,32.54814529418945,54.194252014160156
2019-06-12,46.4106559753418,116.09219360351562,89.94698333740234,32.813499450683594,53.60770034790039
2019-06-13,46.40107727050781,115.29737091064453,90.16925048828125,32.76224136352539,54.07838439941406
2019-06-14,46.064125061035156,114.78932189941406,90.39973449707031,32.888885498046875,53.83942413330078
2019-06-17,46.33895492553711,114.2567138671875,89.90583801269531,32.91602325439453,54.37528991699219
2019-06-18,47.428775787353516,114.90404510498047,91.1323471069336,33.06378173828125,54.845977783203125
2019-06-19,47.29015350341797,115.0843276977539,90.47381591796875,33.05472946166992,54.54182434082031
2019-06-20,47.6701545715332,116.5264663696289,90.70430755615234,33.26580810546875,55.47597122192383
2019-06-21,47.50764846801758,116.42813110351562,90.08692169189453,33.51005554199219,56.25804901123047
2019-06-24,47.459861755371094,117.22293853759766,89.4448471069336,33.54323196411133,55.722171783447266
2019-06-25,46.74046325683594,118.1898193359375,88.70401000976562,33.38642501831055,55.22976303100586
2019-06-26,47.75141143798828,116.2314682006836,89.29668426513672,33.217567443847656,55.46873092651367
2019-06-27,47.737091064453125,115.2809829711914,89.59302520751953,33.19947814941406,54.90390396118164
2019-06-28,47.30210494995117,114.1256332397461,92.02959442138672,33.31707000732422,55.49046325683594
2019-07-01,48.1696662902832,114.19117736816406,93.5771484375,33.35627365112305,55.43974685668945
2019-07-02,48.45167922973633,114.74018096923828,93.67591857910156,33.65178680419922,54.83149719238281
2019-07-03,48.853187561035156,116.46907806396484,93.52669525146484,33.8688850402832,55.35285568237305
2019-07-05,48.810176849365234,115.18266296386719,94.08210754394531,33.76637268066406,55.128387451171875
2019-07-08,47.80400085449219,115.5103988647461,93.5681381225586,33.989501953125,55.38184356689453
2019-07-09,48.095577239990234,115.87095642089844,93.96604919433594,34.037757873535156,55.345638275146484
2019-07-10,48.57117462158203,115.70706176757812,93.69248962402344,34.06790542602539,56.12770080566406
2019-07-11,48.217464447021484,114.80572509765625,94.5877914428711,34.35136032104492,56.171138763427734
2019-07-12,48.587921142578125,110.0450210571289,95.58260345458984,34.556396484375,56.2145881652832
2019-07-15,49.04439163208008,110.38096618652344,94.42202758789062,34.670982360839844,55.816322326660156
2019-07-16,48.87470245361328,108.57010650634766,95.43336486816406,34.604637145996094,54.98355484008789
2019-07-17,48.599857330322266,108.04570007324219,94.49659729003906,34.556396484375,54.65769958496094
2019-07-18,49.151939392089844,108.21778869628906,95.06035614013672,34.59258270263672,54.194252014160156
2019-07-19,48.41823959350586,106.77561950683594,94.12356567382812,34.345333099365234,54.302886962890625
2019-07-22,49.5247688293457,105.40723419189453,94.72872924804688,34.01966094970703,54.36081314086914
2019-07-23,49.911949157714844,105.57111358642578,96.46131896972656,33.799530029296875,54.57804489135742
2019-07-24,49.87131118774414,106.34135437011719,96.85095977783203,33.772403717041016,54.57078170776367
2019-07-25,49.47698211669922,107.43931579589844,95.9224853515625,33.83872604370117,54.25943374633789
2019-07-26,49.649051666259766,107.11975860595703,96.34526062011719,34.0799674987793,54.17251968383789
2019-07-29,50.11269760131836,108.99620056152344,96.03854370117188,33.85380935668945,54.556304931640625
2019-07-30,49.897605895996094,108.22593688964844,95.82299041748047,33.790489196777344,54.563568115234375
2019-07-31,50.91572952270508,106.70186614990234,96.16285705566406,33.28390121459961,53.84666442871094
2019-08-01,49.813961029052734,106.75924682617188,93.62618255615234,32.98236083984375,52.47080993652344
2019-08-02,48.75999069213867,107.39838409423828,93.6178970336914,32.988399505615234,51.95668411254883
2019-08-05,46.20750045776367,106.65272521972656,90.83247375488281,31.908878326416016,50.89219284057617
2019-08-06,47.082237243652344,107.1525650024414,91.54540252685547,32.34611511230469,51.38460922241211
2019-08-07,47.56977844238281,106.6937026977539,89.55581665039062,32.62654113769531,51.051517486572266
2019-08-08,48.61897277832031,107.89820098876953,91.0728988647461,32.884117126464844,52.412879943847656
2019-08-09,48.21833801269531,108.19316101074219,90.97339630126953,32.50837707519531,51.29770278930664
2019-08-12,48.095985412597656,108.10305786132812,89.26569366455078,31.884140014648438,51.048439025878906
2019-08-13,50.13276672363281,109.32394409179688,90.64179229736328,32.547767639160156,51.67894744873047
2019-08-14,48.64057159423828,106.7346420288086,86.87820434570312,32.18110656738281,49.59683609008789
2019-08-15,48.39826583862305,106.96408081054688,87.20977783203125,34.147727966308594,49.303565979003906
2019-08-16,49.54022216796875,107.63599395751953,89.29886627197266,34.23863983154297,50.07337188720703
2019-08-19,50.463844299316406,108.3652572631836,90.10298919677734,34.487117767333984,50.916481018066406
2019-08-20,50.466251373291016,107.01325225830078,88.95896911621094,33.95378875732422,50.60857009887695
2019-08-21,51.01322555541992,107.77529907226562,89.20765686035156,33.94469451904297,51.114437103271484
2019-08-22,50.97003936767578,107.562255859375,90.12783813476562,33.9113655090332,51.004459381103516
2019-08-23,48.61417007446289,104.66159057617188,87.8895492553711,33.5841064453125,49.47952651977539
2019-08-26,49.537803649902344,105.50364685058594,88.59420776367188,33.935611724853516,49.74346923828125
2019-08-27,48.97883224487305,107.02262115478516,87.65744018554688,34.06590270996094,49.25959396362305
2019-08-28,49.3075065612793,106.23009490966797,88.53618621826172,34.15681838989258,49.61882019042969
2019-08-29,50.14236831665039,105.86688232421875,90.54232025146484,34.56893539428711,50.16868591308594
2019-08-30,50.07759094238281,105.9659194946289,91.0728988647461,34.62347412109375,50.20533752441406
2019-09-03,49.34828567504883,106.27965545654297,89.99520111083984,34.73862075805664,50.26397705078125
2019-09-04,50.185550689697266,106.3786849975586,91.08116149902344,35.12345886230469,50.79917526245117
2019-09-05,51.166751861572266,106.1475601196289,93.15365600585938,34.981040954589844,51.51764678955078
2019-09-06,51.161956787109375,105.84210205078125,93.35262298583984,34.765907287597656,52.001529693603516
2019-09-09,51.38027572631836,104.80193328857422,95.66547393798828,35.250728607177734,52.41206741333008
2019-09-10,51.98722457885742,106.94832611083984,96.88410186767578,35.165889739990234,52.837318420410156
2019-09-11,53.64016342163086,108.28570556640625,97.1493911743164,35.15678405761719,52.734676361083984
2019-09-12,53.52022171020508,107.67478942871094,97.74626159667969,35.42951583862305,52.77131271362305
2019-09-13,52.479034423828125,107.96373748779297,99.66952514648438,35.58405685424805,53.25518798828125
2019-09-16,52.75492477416992,106.94007873535156,98.78250885009766,35.02042770385742,54.054325103759766
2019-09-17,52.94685363769531,107.04739379882812,98.29340362548828,35.30527877807617,53.64374542236328
2019-09-18,53.443458557128906,107.65830993652344,99.27986145019531,35.50223922729492,53.38715362548828
2019-09-19,53.00922775268555,107.41062927246094,98.96485137939453,35.487098693847656,53.027915954589844
2019-09-20,52.23432922363281,108.68194580078125,98.56696319580078,35.44770050048828,52.844635009765625
2019-09-23,52.47184371948242,108.75627136230469,98.55037689208984,35.641632080078125,52.881290435791016
2019-09-24,52.22233581542969,108.59937286376953,97.26541900634766,35.87800216674805,52.155479431152344
2019-09-25,53.02601623535156,108.13711547851562,97.82086181640625,35.899200439453125,52.30943298339844
2019-09-26,52.752532958984375,106.37043762207031,97.01673889160156,35.84768295288086,52.03085708618164
2019-09-27,52.49582290649414,106.16407775878906,97.58876037597656,35.89313888549805,52.404754638671875
2019-09-30,53.73133850097656,106.80797576904297,97.56388854980469,35.96283721923828,51.76692199707031
2019-10-01,53.880069732666016,107.31156158447266,95.78984069824219,35.711326599121094,50.54990005493164
2019-10-02,52.5294189453125,108.97088623046875,93.88314819335938,35.187103271484375,49.23025894165039
2019-10-03,52.97563552856445,108.30225372314453,93.74946594238281,35.24467468261719,49.83877944946289
2019-10-04,54.46064758300781,110.34127807617188,95.78005981445312,35.80526351928711,50.564579010009766
2019-10-07,54.472633361816406,109.92852020263672,95.57115173339844,35.52345275878906,49.86808395385742
2019-10-08,53.83448028564453,108.83879852294922,93.44027709960938,35.6295051574707,48.90034103393555
2019-10-09,54.46543884277344,106.67593383789062,94.11713409423828,36.038597106933594,49.44287109375
2019-10-10,55.19953155517578,106.54381561279297,95.43743133544922,36.2446403503418,50.03670883178711
2019-10-11,56.66776657104492,108.41778564453125,97.05023193359375,36.43555450439453,50.57190704345703
2019-10-14,56.586185455322266,107.91422271728516,97.30925750732422,36.1113166809082,50.718528747558594
2019-10-15,56.45424270629883,109.66433715820312,100.24231719970703,36.22040557861328,50.89448547363281
2019-10-16,56.22633743286133,111.58782958984375,100.00834655761719,36.18707275390625,50.02204895019531
2019-10-17,56.44464874267578,112.41338348388672,100.56822204589844,36.31433868408203,49.9560661315918
2019-10-18,56.71574020385742,105.42109680175781,100.74369812011719,36.10222625732422,49.5675048828125
2019-10-21,57.69935989379883,105.68525695800781,103.24224090576172,36.284034729003906,50.39595413208008
2019-10-22,57.5673942565918,106.65940856933594,104.27842712402344,36.23556137084961,50.65256118774414
2019-10-23,58.33988571166992,107.23724365234375,104.55418395996094,36.16586685180664,51.13641357421875
2019-10-24,58.435855865478516,105.25597381591797,104.47897338867188,36.09010314941406,50.65256118774414
2019-10-25,59.15557098388672,105.95767974853516,105.3145751953125,36.071922302246094,50.769840240478516
2019-10-28,59.74812698364258,106.64286041259766,105.71571350097656,36.12646484375,50.32262420654297
2019-10-29,58.36627960205078,106.59334564208984,105.64884948730469,35.49921798706055,50.17601013183594
2019-10-30,58.35908889770508,109.66433715820312,105.06391143798828,35.78709030151367,49.64815139770508
2019-10-31,59.67856216430664,109.00390625,104.38704681396484,35.532535552978516,49.53818893432617
2019-11-01,61.37228012084961,108.31047058105469,106.79367065429688,35.641632080078125,51.026451110839844
2019-11-04,61.77532196044922,107.50968933105469,107.64599609375,35.6264762878418,52.54404830932617
2019-11-05,61.68656921386719,107.66654205322266,107.87999725341797,36.01738357543945,53.585105895996094
2019-11-06,61.712947845458984,108.11236572265625,108.04713439941406,36.2113037109375,52.41206741333008
2019-11-07,62.42519760131836,108.50032806396484,108.63207244873047,36.43251419067383,53.526451110839844
2019-11-08,62.596031188964844,109.7964096069336,108.9495849609375,36.19313049316406,52.50993728637695
2019-11-11,63.091712951660156,108.95437622070312,108.56521606445312,36.071922302246094,52.19089126586914
2019-11-12,63.03396987915039,108.43428039550781,107.93013000488281,36.096168518066406,51.47117233276367
2019-11-13,63.63794708251953,108.3682632446289,107.36188507080078,36.65979766845703,51.048240661621094
2019-11-14,63.197608947753906,108.11236572265625,107.46219635009766,36.55979919433594,50.82564163208008
2019-11-15,63.9483528137207,111.3979721069336,108.23928833007812,36.020416259765625,51.33761215209961
2019-11-18,64.27079010009766,111.3071517944336,109.15013122558594,36.43858337402344,50.84047317504883
2019-11-19,64.07588958740234,111.29888916015625,109.11670684814453,36.32949447631836,50.321102142333984
2019-11-20,63.32993698120117,112.22349548339844,108.32286834716797,36.09918975830078,50.47692108154297
2019-11-21,63.04600143432617,112.63627624511719,108.57356262207031,36.32040023803711,51.69375991821289
2019-11-22,62.99066925048828,113.98192596435547,109.29219055175781,36.168888092041016,51.47117233276367
2019-11-25,64.0951156616211,114.03178405761719,109.87716674804688,36.035560607910156,51.12984848022461
2019-11-26,63.59462356567383,114.02344512939453,110.02754974365234,36.11737823486328,51.003719329833984
2019-11-27,64.44883728027344,114.50558471679688,110.35346984863281,35.98707580566406,50.974037170410156
2019-11-29,64.30687713623047,114.28947448730469,110.1027603149414,36.08708190917969,50.551109313964844
2019-12-02,63.56333541870117,114.18138122558594,109.86042785644531,36.1446418762207,50.76628875732422
2019-12-03,62.429996490478516,114.01514434814453,108.44821166992188,35.959800720214844,50.36561584472656
2019-12-04,62.98103713989258,115.86053466796875,110.58744049072266,35.96587371826172,50.93693923950195
2019-12-05,63.905029296875,116.01016998291016,111.1890869140625,36.1180534362793,50.75886535644531
2019-12-06,65.13941955566406,116.69178009033203,112.84365844726562,36.458961486816406,51.57504653930664
2019-12-09,64.22748565673828,116.79156494140625,112.31718444824219,36.331119537353516,51.686336517333984
2019-12-10,64.60283660888672,116.36761474609375,112.39237976074219,36.264163970947266,51.241153717041016
2019-12-11,65.15386199951172,117.19055938720703,112.12500762939453,36.2215461730957,51.166954040527344
2019-12-12,65.31990051269531,117.48979949951172,115.33382415771484,36.45287322998047,52.19089126586914
2019-12-13,66.20781707763672,117.52303314208984,114.32270050048828,36.61420440673828,51.36729431152344
2019-12-16,67.34117126464844,117.86384582519531,114.76556396484375,36.69029998779297,51.938636779785156
2019-12-17,67.47349548339844,119.3351821899414,115.46752166748047,36.91552734375,51.701194763183594
2019-12-18,67.31226348876953,119.02761840820312,115.35053253173828,36.48331832885742,51.8421516418457
2019-12-19,67.37965393066406,120.82315063476562,114.77394104003906,36.55028533935547,51.486000061035156
2019-12-20,67.24007415771484,121.4133529663086,114.6820068359375,36.61420440673828,51.89409637451172
2019-12-23,68.33733367919922,121.7292251586914,114.64855194091797,36.230682373046875,52.15379333496094
2019-12-24,68.40229034423828,121.30524444580078,114.9661636352539,36.37678146362305,51.953460693359375
2019-12-26,69.7593994140625,121.22216033935547,116.1861801147461,36.37982940673828,52.03508377075195
2019-12-27,69.73294830322266,121.1556396484375,116.26970672607422,36.40113830566406,51.85700988769531
2019-12-30,70.1468276977539,120.7816162109375,115.84358215332031,36.343292236328125,51.55278396606445
2019-12-31,70.65936279296875,121.2553939819336,116.48697662353516,36.1728515625,51.7753791809082
2020-01-02,72.27153778076172,121.33853149414062,117.8991928100586,36.20328903198242,52.60640335083008
2020-01-03,71.56892395019531,119.93367767333984,116.34333801269531,35.883689880371094,52.18345642089844
2020-01-06,72.1391830444336,119.78410339355469,116.25083923339844,35.810630798339844,52.584144592285156
2020-01-07,71.7999267578125,120.51554870605469,114.27450561523438,35.47884750366211,52.15379333496094
2020-01-08,72.95491027832031,120.49897766113281,115.16598510742188,35.35710525512695,51.36729431152344
2020-01-09,74.50454711914062,120.85636901855469,115.58643341064453,35.72236251831055,51.76054763793945
2020-01-10,74.6729736328125,120.58206939697266,114.4343032836914,35.42406463623047,51.30051803588867
2020-01-13,76.268310546875,121.11408996582031,115.38458251953125,35.271873474121094,51.79022979736328
2020-01-14,75.23844909667969,121.79574584960938,116.730224609375,35.36318588256836,51.345027923583984
2020-01-15,74.91600799560547,122.20305633544922,114.98094177246094,35.0892448425293,51.26342010498047
2020-01-16,75.85443878173828,123.19224548339844,115.42666625976562,35.277957916259766,51.063087463378906
2020-01-17,76.69422912597656,123.99856567382812,116.22561645507812,34.991844177246094,50.87016296386719
2020-01-21,76.17448425292969,124.08164978027344,115.08187866210938,35.183597564697266,50.143028259277344
2020-01-22,76.44638061523438,123.23379516601562,114.94731140136719,35.338829040527344,49.8536491394043
2020-01-23,76.81453704833984,123.4665298461914,114.82952880859375,35.25056838989258,49.54201889038086
2020-01-24,76.5931625366211,123.29195404052734,111.97859191894531,34.81226348876953,49.208126068115234
2020-01-27,74.34092712402344,123.6494369506836,111.03669738769531,35.265785217285156,48.035804748535156
2020-01-28,76.44395446777344,124.2728500366211,113.0550537109375,35.49103546142578,47.96902084350586
2020-01-29,78.04409790039062,125.13736724853516,112.8868637084961,35.27492141723633,47.568359375
2020-01-30,77.93103790283203,124.98771667480469,114.28292083740234,35.48494338989258,48.07290267944336
2020-01-31,74.47567749023438,123.74918365478516,111.31422424316406,34.84878158569336,46.09181213378906
2020-02-03,74.27112579345703,124.82977294921875,112.16361999511719,34.781822204589844,45.06045150756836
2020-02-04,76.72309112548828,126.01851654052734,113.77831268310547,35.086204528808594,44.49656295776367
2020-02-05,77.34870910644531,128.0052032470703,115.71260833740234,35.554954528808594,46.54441833496094
2020-02-06,78.25344848632812,127.62284088134766,115.72943878173828,35.40275573730469,45.91373825073242
2020-02-07,77.1897964477539,126.25953674316406,115.35942077636719,35.445369720458984,45.60952377319336
2020-02-10,77.5564193725586,126.23458862304688,115.8387680053711,35.08011245727539,45.127838134765625
2020-02-11,77.08849334716797,126.34270477294922,116.0573959350586,35.125770568847656,45.55685043334961
2020-02-12,78.91915130615234,125.59455871582031,116.0573959350586,35.26274490356445,46.11378860473633
2020-02-13,78.35718536376953,124.76329040527344,115.95649719238281,35.746707916259766,45.85789489746094
2020-02-14,78.37645721435547,124.79654693603516,115.60328674316406,35.883689880371094,45.64715576171875
2020-02-18,76.94136810302734,123.97360229492188,114.07269287109375,36.41331100463867,45.06763458251953
2020-02-19,78.05567932128906,123.80730438232422,115.6285171508789,35.81976318359375,45.413841247558594
2020-02-20,77.25492858886719,123.33354949951172,115.6285171508789,35.82279968261719,45.05257797241211
2020-02-21,75.50624084472656,124.63031768798828,114.21563720703125,36.09370803833008,44.50315475463867
2020-02-24,71.91966247558594,122.06207275390625,111.14602661132812,35.40580368041992,42.41836166381836
2020-02-25,69.48358917236328,121.00800323486328,106.18412780761719,34.81835174560547,40.79267883300781
2020-02-26,70.58585357666016,120.19656372070312,106.5036849975586,34.632667541503906,39.897037506103516
2020-02-27,65.97178649902344,116.3818588256836,102.07166290283203,33.60385513305664,37.49614334106445
2020-02-28,65.93319702148438,112.50020599365234,97.64803314208984,32.77593994140625,38.715415954589844
2020-03-02,72.07162475585938,117.13477325439453,102.19779205322266,35.271873474121094,40.55183029174805
2020-03-03,69.78268432617188,113.4288101196289,98.36286926269531,34.36785125732422,38.61004638671875
2020-03-04,73.01952362060547,120.02923583984375,100.79336547851562,35.54277801513672,39.45298385620117
2020-03-05,70.6509780883789,118.79948425292969,95.8482894897461,35.284053802490234,37.71440505981445
2020-03-06,69.71275329589844,118.81622314453125,90.89483642578125,35.682796478271484,35.893035888671875
2020-03-09,64.19898986816406,114.1398696899414,78.58264923095703,35.6614875793457,31.505199432373047
2020-03-10,68.82270050048828,118.48997497558594,84.68827819824219,36.46201705932617,32.67177200317383
2020-03-11,66.43246459960938,110.25825500488281,80.70195007324219,34.83051681518555,31.59551239013672
2020-03-12,59.87196350097656,104.91263580322266,74.04967498779297,31.671024322509766,27.982866287231445
2020-03-13,67.04511260986328,112.3412857055664,87.38787841796875,34.730064392089844,28.69034767150879
2020-03-16,58.41996383666992,106.35151672363281,74.31037139892578,32.49591064453125,25.958293914794922
2020-03-17,60.988685607910156,114.26536560058594,78.85177612304688,36.300682067871094,27.704404830932617
2020-03-18,59.49567794799805,112.90177154541016,70.55116271972656,37.31123352050781,24.927188873291016
2020-03-19,59.03982925415039,106.28459930419922,71.73694610595703,36.51940155029297,25.913127899169922
2020-03-20,55.291664123535156,100.29486846923828,70.22315216064453,34.8440055847168,24.64118766784668
2020-03-23,54.117034912109375,92.97499084472656,66.4638900756836,34.938777923583984,23.670289993286133
2020-03-24,59.546348571777344,99.70088195800781,74.36924743652344,35.16807556152344,26.67329216003418
2020-03-25,59.21832275390625,99.88492584228516,77.14454650878906,33.446807861328125,28.065670013427734
2020-03-26,62.334564208984375,105.88304901123047,82.51850128173828,33.57522201538086,29.21718978881836
2020-03-27,59.753780364990234,103.03038787841797,76.63994598388672,33.501834869384766,27.80976676940918
2020-03-30,61.459022521972656,111.27049255371094,78.63308715820312,35.21699523925781,28.223712921142578
2020-03-31,61.333595275878906,109.69774627685547,75.71485137939453,34.736995697021484,28.577449798583984
2020-04-01,58.106414794921875,107.7569580078125,70.94641876220703,34.89596939086914,28.246292114257812
2020-04-02,59.07600402832031,111.38758850097656,73.59555053710938,36.274818420410156,30.406354904174805
2020-04-03,58.22700500488281,112.24087524414062,71.42021179199219,36.528568267822266,29.510717391967773
2020-04-06,63.306583404541016,116.91725158691406,76.01728820800781,38.5433235168457,30.45903778076172
2020-04-07,62.5733528137207,115.00992584228516,77.0199966430664,37.295955657958984,31.03856658935547
2020-04-08,64.17489624023438,119.84519958496094,80.1300048828125,37.250083923339844,33.00293731689453
2020-04-09,64.63797760009766,118.14696502685547,87.31876373291016,37.23786926269531,32.46104049682617
2020-04-13,65.90666198730469,116.92564392089844,83.43548583984375,38.30791091918945,32.18256759643555
2020-04-14,69.23514556884766,122.1624526977539,81.14968872070312,39.439117431640625,31.934188842773438
2020-04-15,68.60322570800781,123.52603912353516,77.14743041992188,39.36574172973633,30.466562271118164
2020-04-16,69.14833068847656,125.20752716064453,74.20735931396484,40.457183837890625,29.465559005737305
2020-04-17,68.21007537841797,127.1734390258789,80.87776947021484,40.39298629760742,32.528770446777344
2020-04-20,66.79426574707031,126.88065338134766,77.92918395996094,39.698978424072266,30.993412017822266
2020-04-21,64.72962951660156,125.21588134765625,75.66889190673828,39.503318786621094,30.827823638916016
2020-04-22,66.59407043457031,127.98491668701172,75.9153060913086,40.23095703125,31.708404541015625
2020-04-23,66.33599853515625,130.09300231933594,75.95780944824219,39.29542541503906,32.701881408691406
2020-04-24,68.25108337402344,129.54925537109375,77.0794448852539,39.573638916015625,32.91261291503906
2020-04-27,68.29930877685547,129.07240295410156,80.40190887451172,39.22511291503906,33.07066345214844
2020-04-28,67.1922378540039,126.6463623046875,80.97124481201172,39.133392333984375,33.84587097167969
2020-04-29,69.39917755126953,125.68437957763672,83.15507507324219,37.788177490234375,35.719932556152344
2020-04-30,70.86323547363281,125.51705169677734,81.3706283569336,37.16143035888672,34.974822998046875
2020-05-01,69.72237396240234,124.05303955078125,79.23779296875,37.58027648925781,32.468563079833984
2020-05-04,70.7088851928711,124.03633880615234,78.29457092285156,37.818748474121094,33.77814483642578
2020-05-05,71.7701187133789,125.0653305053711,78.17560577392578,38.1336555480957,33.74051284790039
2020-05-06,72.51060485839844,123.87737274169922,76.70557403564453,37.69645690917969,33.108306884765625
2020-05-07,73.26072692871094,123.46746826171875,77.50431823730469,37.42930603027344,33.29646301269531
2020-05-08,75.00445556640625,124.39608764648438,78.77042388916016,37.751731872558594,34.756568908691406
2020-05-11,76.1846923828125,124.73906707763672,76.45066833496094,37.97589111328125,34.4254150390625
2020-05-12,75.31401824951172,123.09104919433594,73.95244598388672,38.009666442871094,33.8499870300293
2020-05-13,74.40467071533203,123.0826416015625,71.40322875976562,37.98817825317383,32.169761657714844
2020-05-14,74.86176300048828,123.5093002319336,74.36878204345703,37.89912796020508,32.453643798828125
2020-05-15,74.4191665649414,125.85166931152344,72.99223327636719,38.672950744628906,32.22347640991211
2020-05-18,76.1725845336914,125.9186019897461,76.85852813720703,39.20112609863281,34.78599548339844
2020-05-19,75.73241424560547,124.6637954711914,75.34599304199219,38.368953704833984,33.711891174316406
2020-05-20,77.20525360107422,123.54277801513672,77.60629272460938,38.52248001098633,34.80901336669922
2020-05-21,76.62966918945312,122.7313461303711,76.62062072753906,38.3812255859375,34.18757629394531
2020-05-22,77.1230239868164,121.61095428466797,76.02578735351562,38.17856979370117,34.21825408935547
2020-05-26,76.60065460205078,121.77102661132812,81.42160034179688,38.034236907958984,35.22332000732422
2020-05-27,76.93437957763672,122.04901123046875,86.13764190673828,37.6104736328125,35.476505279541016
2020-05-28,76.96826171875,123.8011474609375,84.85452270507812,37.982025146484375,34.55583953857422
2020-05-29,76.8932876586914,125.3005142211914,82.68771362304688,38.095645904541016,34.8857421875
2020-06-01,77.83888244628906,123.9864273071289,83.78386688232422,38.06494140625,35.507198333740234
2020-06-02,78.19926452636719,124.87931060791016,84.06427001953125,38.05880355834961,36.297447204589844
2020-06-03,78.62974548339844,125.21624755859375,88.60185241699219,37.914485931396484,37.7781867980957
2020-06-04,77.95259094238281,123.59893035888672,90.44578552246094,37.49686813354492,37.67076873779297
2020-06-05,80.17274475097656,124.0791015625,94.5160140991211,37.32796859741211,40.72432327270508
2020-06-08,80.64676666259766,123.63260650634766,96.40242767333984,37.229713439941406,41.9979248046875
2020-06-09,83.19343566894531,122.9503402709961,93.9296875,37.26348114013672,41.06189727783203
2020-06-10,85.33380889892578,124.50029754638672,90.12287139892578,37.205135345458984,38.85997009277344
2020-06-11,81.23688507080078,118.6627197265625,82.60272979736328,36.87656784057617,35.43048095703125
2020-06-12,81.93824768066406,119.74095916748047,84.86304473876953,36.154945373535156,36.19001770019531
2020-06-15,82.95157623291016,118.98281860351562,86.0356674194336,36.25935745239258,36.16700744628906
2020-06-16,85.14998626708984,121.68679809570312,86.72393798828125,36.741455078125,36.98027801513672
2020-06-17,85.03147888183594,121.31619262695312,84.53163146972656,36.55106735229492,35.775726318359375
2020-06-18,85.06536102294922,120.80233001708984,84.07278442382812,36.23170852661133,35.99821090698242
2020-06-19,84.5792236328125,121.15611267089844,83.112548828125,36.8028678894043,35.277015686035156
2020-06-22,86.79212188720703,120.78545379638672,82.21185302734375,37.36480712890625,35.61460494995117
2020-06-23,88.64469909667969,120.33899688720703,83.21450805664062,37.17750549316406,35.82942199707031
2020-06-24,87.07991790771484,117.77828216552734,80.4359130859375,36.94105529785156,34.14154052734375
2020-06-25,88.23597717285156,117.65193176269531,83.24002838134766,36.75987243652344,34.65557098388672
2020-06-26,85.52484893798828,116.08512115478516,78.67694091796875,36.33304214477539,33.46636962890625
2020-06-29,87.49590301513672,117.12124633789062,79.02534484863281,36.56027603149414,34.003440856933594
2020-06-30,88.22628784179688,118.46057891845703,79.92604064941406,36.78136444091797,34.310325622558594
2020-07-01,88.05941772460938,118.25000762939453,79.24629211425781,36.75373077392578,33.53542709350586
2020-07-02,88.05941772460938,118.74694061279297,79.50369262695312,36.60633087158203,33.81930160522461
2020-07-06,90.4150390625,120.44007873535156,81.51143646240234,36.50808334350586,34.05713653564453
2020-07-07,90.13448333740234,120.33063507080078,79.21195983886719,38.98310089111328,33.17483139038086
2020-07-08,92.23372650146484,120.68440246582031,80.05280303955078,38.212337493896484,33.098106384277344
2020-07-09,92.63036346435547,120.0273666381836,78.31963348388672,39.228755950927734,31.732444763183594
2020-07-10,92.79239654541016,119.92625427246094,82.60111999511719,40.12849044799805,32.72216033935547
2020-07-13,92.36433410644531,122.31854248046875,83.78517150878906,39.77227783203125,32.72984313964844
2020-07-14,93.8927993774414,124.60135650634766,84.26567840576172,40.536888122558594,33.81163024902344
2020-07-15,94.53852081298828,124.8877182006836,85.56985473632812,40.533809661865234,34.24127960205078
2020-07-16,93.375244140625,125.72163391113281,85.81011199951172,40.59524154663086,33.97274398803711
2020-07-17,93.18660736083984,125.80595397949219,84.2227783203125,40.4539909362793,33.3896598815918
2020-07-20,95.1504135131836,126.01655578613281,83.48487854003906,40.37107849121094,32.60708999633789
2020-07-21,93.83718872070312,126.13444519042969,85.29530334472656,40.635154724121094,34.25661849975586
2020-07-22,94.10077667236328,126.36184692382812,84.67752075195312,40.73649597167969,33.45869445800781
2020-07-23,89.8176498413086,126.02490997314453,84.92634582519531,40.42327117919922,33.52775192260742
2020-07-24,89.59514617919922,124.76980590820312,84.32572937011719,40.300445556640625,33.32059860229492
2020-07-27,91.71858978271484,123.97801208496094,83.14167785644531,40.29124069213867,33.81163024902344
2020-07-28,90.21189880371094,123.68317413330078,83.50202941894531,40.46011734008789,33.41267013549805
2020-07-29,91.94108581542969,123.43890380859375,85.52694702148438,40.13155746459961,33.78094482421875
2020-07-30,93.05358123779297,123.69158935546875,83.24462890625,39.956520080566406,32.123722076416016
2020-07-31,102.79521942138672,122.78185272216797,82.91858673095703,39.73542404174805,32.28484344482422
2020-08-03,105.3854751586914,124.1212158203125,82.45524597167969,39.7047233581543,32.4152717590332
2020-08-04,106.08922576904297,124.01167297363281,81.98334503173828,40.42327117919922,33.351295471191406
2020-08-05,106.47376251220703,125.00567626953125,83.40764617919922,39.861324310302734,33.64284133911133
2020-08-06,110.18855285644531,124.2896728515625,83.43340301513672,39.72007751464844,33.48171615600586
2020-08-07,107.68331909179688,125.17414855957031,85.26954650878906,39.910465240478516,33.328277587890625
2020-08-10,109.24849700927734,124.6939926147461,86.35066986083984,40.496978759765625,34.149208068847656
2020-08-11,105.99943542480469,123.8011474609375,89.0791244506836,39.981101989746094,34.50212860107422
2020-08-12,109.52227020263672,126.06705474853516,88.32408905029297,40.500057220458984,34.49430465698242
2020-08-13,111.46051788330078,124.668701171875,87.83501434326172,40.65421676635742,33.649349212646484
2020-08-14,111.36122131347656,124.87091827392578,87.86933135986328,40.88547134399414,33.798004150390625
2020-08-17,111.07046508789062,125.502685546875,85.5527114868164,41.81047058105469,33.35988998413086
2020-08-18,111.99600219726562,126.42923736572266,84.36005401611328,41.53605651855469,33.195579528808594
2020-08-19,112.13652038574219,126.6819839477539,84.5573959350586,40.826881408691406,32.827880859375
2020-08-20,114.62477111816406,127.54959106445312,83.54493713378906,40.25954818725586,32.32716369628906
2020-08-21,120.53167724609375,128.6783905029297,83.50202941894531,40.586387634277344,32.084632873535156
2020-08-24,121.97325134277344,129.0175323486328,85.85301208496094,40.4938850402832,33.03129577636719
2020-08-25,120.97261810302734,128.94122314453125,86.23050689697266,40.27804183959961,31.982927322387695
2020-08-26,122.61774444580078,129.14474487304688,85.0207290649414,40.29962921142578,31.302270889282227
2020-08-27,121.15191650390625,129.72134399414062,87.8178482055664,42.12805938720703,31.091033935546875
2020-08-28,120.9556655883789,130.28102111816406,88.17821502685547,43.259666442871094,31.834280014038086
2020-08-31,125.05754089355469,130.08599853515625,85.96455383300781,42.81257247924805,31.247501373291016
2020-09-01,130.0388641357422,128.48333740234375,85.92166137695312,45.50743865966797,30.848501205444336
2020-09-02,127.34471893310547,130.44212341308594,87.21724700927734,45.535179138183594,30.660736083984375
2020-09-03,117.14936828613281,126.8128433227539,86.94268798828125,44.56700897216797,30.59815216064453
2020-09-04,117.22691345214844,125.99879455566406,88.82173919677734,44.039756774902344,30.574678421020508
2020-09-08,109.3381118774414,124.87101745605469,85.73287200927734,42.68924331665039,29.870553970336914
2020-09-09,113.69924926757812,126.94002532958984,86.54798889160156,43.13325119018555,29.690603256225586
2020-09-10,109.9874496459961,124.57420349121094,85.65564727783203,42.18357467651367,28.947370529174805
2020-09-11,108.5434341430664,125.31195068359375,86.71959686279297,42.14964294433594,28.869129180908203
2020-09-14,111.79973602294922,125.7952880859375,87.92082214355469,42.34081268310547,28.681360244750977
2020-09-15,111.97419738769531,126.25320434570312,85.1837387084961,42.353145599365234,28.37624168395996
2020-09-16,108.66943359375,125.83765411376953,85.54412078857422,42.01398468017578,29.581079483032227
2020-09-17,106.9346694946289,124.79469299316406,84.56598663330078,42.14656448364258,29.57325553894043
2020-09-18,103.54269409179688,126.49909210205078,84.38578796386719,41.71489715576172,29.09601402282715
2020-09-21,106.68267822265625,123.03944396972656,81.77742004394531,42.263729095458984,28.501422882080078
2020-09-22,108.35929870605469,122.28471374511719,80.88508605957031,42.64607238769531,27.797290802001953
2020-09-23,103.81402587890625,122.47974395751953,79.57232666015625,41.930721282958984,26.90540313720703
2020-09-24,104.88009643554688,122.67475128173828,79.50369262695312,42.14964294433594,26.850637435913086
2020-09-25,108.81480407714844,123.5142593383789,80.19868469238281,42.32540512084961,27.100994110107422
2020-09-28,111.41207885742188,124.7437973022461,82.50675201416016,42.31923294067383,27.625179290771484
2020-09-29,110.56893157958984,124.70138549804688,81.8117446899414,42.285316467285156,26.8193416595459
2020-09-30,112.23585510253906,126.24470520019531,82.60111999511719,43.13941192626953,26.858463287353516
2020-10-01,113.18560791015625,124.921875,83.20173645019531,44.11683654785156,25.919626235961914
2020-10-02,109.53193664550781,124.00606536865234,83.9911117553711,43.321327209472656,25.802274703979492
2020-10-05,112.90454864501953,125.69352722167969,85.766357421875,43.72216033935547,26.39687156677246
2020-10-06,109.66764068603516,124.02304077148438,84.88306427001953,43.361412048339844,26.123044967651367
2020-10-07,111.52838134765625,125.39671325683594,86.36387634277344,43.44157409667969,26.209104537963867
2020-10-08,111.42179107666016,126.25320434570312,88.13912963867188,43.586490631103516,27.58605194091797
2020-10-09,113.36004638671875,128.0169677734375,87.63687896728516,44.02433395385742,27.17923355102539
2020-10-12,120.56076049804688,128.7546844482422,88.71067810058594,44.47758865356445,27.09317970275879
2020-10-13,117.36259460449219,125.80377197265625,87.27315521240234,45.08809280395508,26.77239990234375
2020-10-14,117.4498062133789,125.58330535888672,86.7882080078125,44.382015228271484,26.717634201049805
2020-10-15,116.98461151123047,124.81166076660156,88.08718872070312,44.56391906738281,26.952341079711914
2020-10-16,115.3467788696289,125.58330535888672,87.90531921386719,44.61942672729492,26.678516387939453
2020-10-19,112.40060424804688,122.37799072265625,86.42450714111328,44.076759338378906,26.146509170532227
2020-10-20,113.88339233398438,122.5730209350586,86.91812133789062,44.36967468261719,26.36557388305664
2020-10-21,113.26312255859375,122.04728698730469,86.05213928222656,44.523841857910156,25.943096160888672
2020-10-22,112.17770385742188,123.02245330810547,89.09171295166016,44.26175308227539,27.273113250732422
2020-10-23,111.4896240234375,123.15811920166016,89.8970718383789,44.35426330566406,26.7254581451416
2020-10-26,111.49929809570312,122.08119201660156,87.6715087890625,43.83316421508789,26.091747283935547
2020-10-27,113.00147247314453,121.3858413696289,86.01749420166016,44.05208206176758,25.677095413208008
2020-10-28,107.76810455322266,117.32412719726562,83.60140991210938,43.17949676513672,24.699142456054688
2020-10-29,111.76097106933594,116.33200073242188,84.14698028564453,43.14250183105469,25.794452667236328
2020-10-30,105.5003433227539,116.26417541503906,84.90038299560547,42.78173065185547,25.520620346069336
2020-11-02,105.41310119628906,117.60395050048828,86.8141860961914,43.29049301147461,26.592456817626953
2020-11-03,107.0315933227539,117.4428482055664,89.55068969726562,44.02433395385742,26.13869285583496
2020-11-04,111.40239715576172,118.20600891113281,86.8141860961914,43.77150344848633,25.997861862182617
2020-11-05,115.35645294189453,118.51129150390625,90.36470794677734,44.237083435058594,25.95092010498047
2020-11-06,115.22542572021484,120.62269592285156,89.16097259521484,44.946266174316406,25.64579963684082
2020-11-09,112.92461395263672,123.8703842163086,101.23269653320312,44.25867462158203,28.89259910583496
2020-11-10,112.58480072021484,125.73590087890625,100.90364074707031,44.88151168823242,29.533586502075195
2020-11-11,116.0020751953125,125.32891845703125,99.39686584472656,45.627685546875,29.22911834716797
2020-11-12,115.73023223876953,125.75289154052734,98.17579650878906,45.70477294921875,28.22757339477539
2020-11-13,115.77877044677734,127.10961151123047,98.7906723022461,46.41703414916992,28.908628463745117
2020-11-16,116.78842163085938,127.91519165039062,101.57909393310547,47.002864837646484,30.5751953125
2020-11-17,115.90496063232422,126.64324951171875,100.54859161376953,46.056278228759766,30.983835220336914
2020-11-18,114.58470153808594,124.9642562866211,99.8038558959961,45.969947814941406,29.814023971557617
2020-11-19,115.17687225341797,124.76922607421875,100.0722885131836,46.90420913696289,29.966259002685547
2020-11-20,113.9148178100586,124.1078109741211,99.21498107910156,46.32453155517578,29.597686767578125
2020-11-23,110.5267105102539,122.8441390991211,102.07270812988281,46.537288665771484,31.536678314208984
2020-11-24,111.80815887451172,122.8441390991211,106.79229736328125,46.669864654541016,33.635921478271484
2020-11-25,112.64305877685547,122.6819076538086,105.67517852783203,46.814781188964844,32.69847106933594
2020-11-27,113.18669891357422,122.95514678955078,104.9737319946289,46.743865966796875,32.20172119140625
2020-11-30,115.5749282836914,123.5357666015625,102.08136749267578,47.11079406738281,30.551162719726562
2020-12-01,119.13778686523438,125.90087890625,103.69210052490234,47.06454086303711,30.84762191772461
2020-12-02,119.48726654052734,126.49008178710938,105.683837890625,46.41086196899414,32.00139236450195
2020-12-03,119.35134887695312,127.22441864013672,104.99105072021484,46.03469467163086,32.21773910522461
2020-12-04,118.6814956665039,128.30882263183594,105.943603515625,45.9144401550293,33.39554977416992
2020-12-07,120.13771057128906,127.19874572753906,105.5452651977539,45.66777038574219,32.77058410644531
2020-12-08,120.74933624267578,129.40171813964844,105.64920806884766,46.08094024658203,33.844242095947266
2020-12-09,118.22523498535156,130.72520446777344,104.8265151977539,45.71710968017578,34.292938232421875
2020-12-10,119.6426010131836,129.9994354248047,104.15104675292969,45.503578186035156,35.2624397277832
2020-12-11,118.83685302734375,130.59713745117188,103.53621673583984,45.49119567871094,35.094173431396484
2020-12-14,118.22523498535156,127.2841796875,102.44508361816406,45.073421478271484,33.828224182128906
2020-12-15,124.14714050292969,128.56495666503906,104.19437408447266,45.051761627197266,34.485233306884766
2020-12-16,124.07921600341797,127.79647064208984,104.49744415283203,45.00533676147461,35.0140495300293
2020-12-17,124.9432144165039,131.169189453125,103.63146209716797,45.212677001953125,34.83778381347656
2020-12-18,122.96278381347656,131.9291534423828,103.12053680419922,45.16626739501953,34.236854553222656
2020-12-21,124.4869384765625,130.6569061279297,106.99148559570312,45.172447204589844,33.61187744140625
2020-12-22,128.03042602539062,130.4007568359375,105.36341857910156,44.62470245361328,33.04301834106445
2020-12-23,127.1372299194336,129.7347412109375,108.30772399902344,44.32141876220703,33.467655181884766
2020-12-24,128.1177520751953,130.18727111816406,107.83145141601562,44.408077239990234,33.331451416015625
2020-12-28,132.7000274658203,130.8020477294922,108.54155731201172,44.94034957885742,33.44362258911133
2020-12-29,130.93312072753906,131.6132354736328,108.25579833984375,44.65564727783203,33.06705093383789
2020-12-30,129.81666564941406,133.2440948486328,108.55888366699219,44.6185188293457,33.331451416015625
2020-12-31,128.81675720214844,134.37965393066406,110.0396957397461,44.60922622680664,33.0269889831543
2021-01-04,125.63253021240234,133.62831115722656,109.00052642822266,45.34574508666992,33.25132751464844
2021-01-05,127.18579864501953,135.1993865966797,109.5936279296875,45.104373931884766,34.85380172729492
2021-01-06,122.9045181274414,136.47164916992188,114.73971557617188,45.3859748840332,35.7431755065918
2021-01-07,127.098388671875,136.93275451660156,118.50765228271484,45.38288116455078,36.02360153198242
2021-01-08,128.19541931152344,136.6509552001953,118.63850402832031,45.3766975402832,36.42422866821289
2021-01-11,125.21502685546875,136.07887268066406,120.40906524658203,45.58094787597656,37.529937744140625
2021-01-12,125.04029846191406,135.02012634277344,122.3017807006836,46.1008415222168,38.36322784423828
2021-01-13,127.06929779052734,134.8151397705078,122.41516876220703,45.630455017089844,38.79588317871094
2021-01-14,125.14707946777344,137.1718292236328,123.13038635253906,45.48191452026367,40.31022262573242
2021-01-15,123.42874908447266,136.8730010986328,120.92367553710938,44.760868072509766,38.37123107910156
2021-01-19,124.09861755371094,138.99057006835938,120.40036010742188,44.37403106689453,39.13240432739258
2021-01-20,128.1759796142578,138.6489715576172,118.5948715209961,45.03009796142578,39.68525695800781
2021-01-21,132.8746795654297,138.093994140625,117.60054016113281,44.825843811035156,38.547508239746094
2021-01-22,135.0105438232422,139.64801025390625,116.69345092773438,45.28385925292969,38.00266647338867
2021-01-25,138.7481231689453,141.7228546142578,115.23683166503906,45.24362564086914,37.5780143737793
2021-01-26,138.98114013671875,145.56521606445312,114.76586151123047,45.649017333984375,36.75273132324219
2021-01-27,137.91323852539062,143.34519958496094,111.5212173461914,44.51328659057617,36.33608627319336
2021-01-28,133.08828735351562,144.43812561035156,113.48369598388672,44.485443115234375,36.904972076416016
2021-01-29,128.10809326171875,139.28936767578125,112.22772216796875,43.47658157348633,35.92746353149414
2021-02-01,130.22442626953125,138.93077087402344,113.05631256103516,43.09904479980469,35.99155807495117
2021-02-02,131.0496368408203,137.68414306640625,116.53643798828125,43.563236236572266,36.56044006347656
2021-02-03,130.0302734375,137.04373168945312,117.87094116210938,43.696311950683594,37.99464416503906
2021-02-04,133.3795623779297,138.31600952148438,120.58353424072266,44.107887268066406,38.72378158569336
2021-02-05,132.9663543701172,140.41644287109375,120.3480224609375,44.67422866821289,40.021785736083984
2021-02-08,133.1121826171875,140.81776428222656,122.23200225830078,44.88154602050781,41.744441986083984
2021-02-09,132.23715209960938,141.97048950195312,121.74356842041016,45.12913131713867,41.255531311035156
2021-02-10,131.63433837890625,142.43154907226562,121.8133316040039,44.60304260253906,41.65480041503906
2021-02-11,131.38156127929688,141.7911834716797,121.47319030761719,44.56900405883789,40.6118049621582
2021-02-12,131.61492919921875,142.2351837158203,123.20014190673828,44.708255767822266,41.1658935546875
2021-02-16,129.4954071044922,140.94583129882812,126.16566467285156,45.076515197753906,42.404457092285156
2021-02-17,127.21054077148438,141.44964599609375,126.55819702148438,45.5530891418457,43.06448745727539
2021-02-18,126.1119155883789,141.5178985595703,126.98555755615234,42.600807189941406,42.38816452026367
2021-02-19,126.2674789428711,139.1613006591797,129.10507202148438,42.811241149902344,42.673362731933594
2021-02-22,122.50483703613281,139.0753631591797,130.31739807128906,42.61009216308594,44.24601364135742
2021-02-23,122.36871337890625,137.84677124023438,131.36407470703125,41.923072814941406,44.857139587402344
2021-02-24,121.87284851074219,139.69398498535156,133.6754608154297,41.223690032958984,46.20163345336914
2021-02-25,117.63379669189453,139.84007263183594,131.86122131347656,40.83377456665039,45.43568420410156
2021-02-26,117.89631652832031,136.1455535888672,128.3636474609375,40.20555114746094,44.303043365478516
2021-03-01,124.24517822265625,136.88446044921875,131.26812744140625,40.65427780151367,45.957183837890625
2021-03-02,121.64923095703125,136.626708984375,130.84075927734375,40.264347076416016,45.68827819824219
2021-03-03,118.67411804199219,134.22103881835938,133.3701629638672,39.484500885009766,46.05496597290039
2021-03-04,116.79765319824219,131.5146026611328,131.32049560546875,39.4659309387207,47.83946990966797
2021-03-05,118.05187225341797,134.11793518066406,131.62574768066406,39.95798110961914,49.648414611816406
2021-03-08,113.13221740722656,135.23484802246094,133.3701629638672,39.574249267578125,49.599517822265625
2021-03-09,117.73100280761719,135.49258422851562,132.42820739746094,39.88681411743164,48.83356857299805
2021-03-10,116.65182495117188,136.7384033203125,135.3064727783203,40.904945373535156,50.33290100097656
2021-03-11,118.5768814086914,136.72982788085938,134.59999084472656,40.88946533203125,49.958065032958984
2021-03-12,117.67269134521484,137.12509155273438,136.1961669921875,41.50529861450195,50.495845794677734
2021-03-15,120.55058288574219,137.82957458496094,135.5158233642578,41.291778564453125,49.208404541015625
2021-03-16,122.08675384521484,138.6457977294922,133.89352416992188,41.279388427734375,48.1654052734375
2021-03-17,121.2992172241211,138.13027954101562,135.27162170410156,40.935890197753906,48.377262115478516
2021-03-18,117.18656158447266,137.87252807617188,137.5044708251953,40.40138626098633,46.29127502441406
2021-03-19,116.66152954101562,137.5030975341797,135.315185546875,40.939002990722656,46.030517578125
2021-03-22,119.96723175048828,137.89833068847656,131.67807006835938,41.134769439697266,45.557899475097656
2021-03-23,119.14079284667969,137.76943969726562,130.3610382080078,41.62266159057617,44.995670318603516
2021-03-24,116.75878143310547,139.10977172851562,131.37277221679688,41.36473083496094,45.908294677734375
2021-03-25,117.2448959350586,139.1613006591797,133.0561981201172,41.6444091796875,45.77791976928711
2021-03-26,117.84770202636719,141.70445251464844,135.27162170410156,41.99246597290039,47.02463150024414
2021-03-29,118.022705078125,142.65814208984375,133.1695556640625,42.47102355957031,46.77202224731445
2021-03-30,116.57402038574219,141.7732391357422,134.73953247070312,42.18202209472656,46.1934814453125
2021-03-31,118.7616195678711,141.20614624023438,132.77706909179688,42.20998764038086,45.49272155761719
2021-04-01,119.58804321289062,139.90020751953125,134.0679473876953,42.14474105834961,46.76387405395508
2021-04-05,122.40760040283203,140.4156951904297,134.7786102294922,43.328704833984375,46.03866195678711
2021-04-06,122.70899200439453,140.38136291503906,133.83103942871094,43.53691864013672,45.908294677734375
2021-04-07,124.35211181640625,140.57034301757812,135.92791748046875,43.443687438964844,46.111995697021484
2021-04-08,126.74391174316406,140.02047729492188,136.09461975097656,43.41572189331055,45.63124084472656
2021-04-09,129.3106689453125,138.54270935058594,137.1123504638672,43.43747329711914,45.52531051635742
2021-04-12,127.5994873046875,138.8777618408203,136.82281494140625,43.443687438964844,45.22382354736328
2021-04-13,130.70095825195312,137.02191162109375,135.19091796875,43.310062408447266,45.39494705200195
2021-04-14,128.36753845214844,137.39996337890625,132.66421508789062,43.29452133178711,46.70682907104492
2021-04-15,130.76905822753906,137.80377197265625,133.5064239501953,43.55555725097656,46.42979049682617
2021-04-16,130.4384765625,139.39328002929688,134.49783325195312,43.69540023803711,46.16904067993164
2021-04-19,131.099609375,139.77992248535156,133.92755126953125,43.41572189331055,46.022369384765625
2021-04-20,129.41757202148438,143.03619384765625,130.96214294433594,43.75133514404297,45.052711486816406
2021-04-21,129.7967987060547,143.13072204589844,132.07632446289062,43.878746032714844,45.63124084472656
2021-04-22,128.2800750732422,141.91925048828125,129.29513549804688,43.40328598022461,45.036399841308594
2021-04-23,130.59402465820312,142.21144104003906,131.76927185058594,43.47476577758789,45.280860900878906
2021-04-26,130.98292541503906,141.008544921875,132.09393310546875,42.85635757446289,45.3704948425293
2021-04-27,130.66207885742188,140.200927734375,132.69927978515625,43.002410888671875,45.96532440185547
2021-04-28,129.8745574951172,139.16990661621094,133.55909729003906,42.85014343261719,47.350563049316406
2021-04-29,129.7772979736328,141.0772705078125,136.15603637695312,43.39086151123047,48.026878356933594
2021-04-30,127.8133316040039,139.81427001953125,134.9453125,43.47787094116211,46.64164733886719
2021-05-03,128.86337280273438,141.94505310058594,134.5504913330078,44.16464614868164,47.929107666015625
2021-05-04,124.30352020263672,144.14453125,136.4104461669922,43.72958755493164,48.2305908203125
2021-05-05,124.54657745361328,143.54312133789062,138.2002716064453,43.692291259765625,49.68102264404297
2021-05-06,126.14107513427734,144.1187744140625,140.9814453125,44.0042724609375,50.15361785888672
2021-05-07,126.81307220458984,144.77174377441406,141.4640350341797,43.73910140991211,50.870689392089844
2021-05-10,123.54071044921875,146.29249572753906,141.4464874267578,43.93251037597656,50.992919921875
2021-05-11,122.6252670288086,145.09825134277344,139.0951385498047,43.53630065917969,49.37137222290039
2021-05-12,119.5671615600586,144.5139617919922,138.13882446289062,42.41006088256836,49.63592529296875
2021-05-13,121.70977783203125,146.02613830566406,141.69212341308594,43.12761306762695,49.02416229248047
2021-05-14,124.12506866455078,146.24949645996094,143.894287109375,43.52695083618164,50.23943328857422
2021-05-17,122.97586059570312,146.39561462402344,144.47335815429688,43.33039855957031,51.41335678100586
2021-05-18,121.59290313720703,146.44715881347656,142.43789672851562,44.27256774902344,49.958343505859375
2021-05-19,121.43709564208984,146.12921142578125,141.3498992919922,44.27568817138672,48.75960922241211
2021-05-20,123.98873138427734,146.97984313964844,141.1042938232422,44.431671142578125,48.64387130737305
2021-05-21,122.15776824951172,146.88534545898438,142.7098388671875,44.222652435302734,48.71000671386719
2021-05-24,123.78421783447266,147.44729614257812,143.48187255859375,44.225772857666016,49.28044509887695
2021-05-25,123.58943176269531,147.04095458984375,141.99920654296875,44.40671157836914,48.16436004638672
2021-05-26,123.54071044921875,146.1677703857422,141.98162841796875,44.35368347167969,48.72653579711914
2021-05-27,122.01168823242188,145.9429931640625,144.19259643554688,44.20393371582031,48.41238784790039
2021-05-28,121.35918426513672,146.32337951660156,144.09605407714844,44.31000900268555,48.255306243896484
2021-06-01,121.03778839111328,143.10728454589844,145.68409729003906,44.194580078125,49.9831428527832
2021-06-02,121.79741668701172,143.68650817871094,145.6928253173828,44.09786605834961,50.37997055053711
2021-06-03,120.31708526611328,143.54820251464844,145.7893524169922,44.17586135864258,50.57838439941406
2021-06-04,122.60578155517578,143.4877166748047,146.02622985839844,44.25385284423828,50.801597595214844
2021-06-07,122.61552429199219,142.51072692871094,145.34190368652344,43.95746994018555,50.47089767456055
2021-06-08,123.43362426757812,141.25717163085938,144.76283264160156,43.623653411865234,51.3637580871582
2021-06-09,123.81343078613281,143.1591339111328,142.9554901123047,43.389678955078125,51.79365158081055
2021-06-10,122.82003021240234,144.4473419189453,140.7270050048828,43.639259338378906,51.876319885253906
2021-06-11,124.02769470214844,142.61453247070312,140.63052368164062,43.91067886352539,51.39682388305664
2021-06-14,127.07603454589844,142.9689483642578,138.244140625,43.85139846801758,51.31415557861328
2021-06-15,126.2579345703125,142.20816040039062,136.14724731445312,43.67669677734375,53.182533264160156
2021-06-16,126.7546615600586,142.15626525878906,137.10357666015625,42.787559509277344,52.99238586425781
2021-06-17,128.35182189941406,142.8392791748047,133.1467742919922,42.96538543701172,51.248023986816406
2021-06-18,127.05654907226562,140.0381622314453,129.7777099609375,42.169837951660156,49.933536529541016
2021-06-21,128.84857177734375,141.64622497558594,131.97982788085938,42.55358123779297,51.744049072265625
2021-06-22,130.4847412109375,141.4560089111328,131.7868194580078,42.7501220703125,52.73609924316406
2021-06-23,130.2120361328125,140.60012817382812,132.5852508544922,42.416316986083984,53.12466049194336
2021-06-24,129.92959594726562,141.23988342285156,133.80474853515625,42.712684631347656,53.339603424072266
2021-06-25,129.63739013671875,141.966064453125,135.15585327148438,43.21809387207031,53.45534133911133
2021-06-28,131.2638397216797,141.80178833007812,135.40155029296875,43.083927154541016,52.09126663208008
2021-06-29,132.77342224121094,141.8104705810547,135.2348175048828,42.8343620300293,51.76884078979492
2021-06-30,133.3870391845703,142.42428588867188,136.4630889892578,43.99489974975586,52.149139404296875
2021-07-01,133.6888885498047,143.4790496826172,137.81422424316406,43.46455001831055,52.297943115234375
2021-07-02,136.30874633789062,146.08995056152344,137.68185424804688,43.711002349853516,52.22354507446289
2021-07-06,138.31497192382812,145.21676635742188,135.3699493408203,43.65797424316406,50.73545837402344
2021-07-07,140.79844665527344,146.46168518066406,135.52879333496094,43.586219787597656,49.941802978515625
2021-07-08,139.50314331054688,146.1763916015625,133.1904296875,43.54878616333008,49.71859359741211
2021-07-09,141.32435607910156,146.755615234375,137.4524688720703,43.7702751159668,50.619720458984375
2021-07-12,140.73025512695312,146.52224731445312,139.42018127441406,43.692291259765625,50.57011795043945
2021-07-13,141.84054565429688,146.34066772460938,137.34654235839844,43.857643127441406,50.33036804199219
2021-07-14,145.25897216796875,147.33485412597656,136.87889099121094,44.16027069091797,49.21430206298828
2021-07-15,144.60641479492188,145.5625457763672,137.1788787841797,44.194580078125,48.734806060791016
2021-07-16,142.57098388671875,145.32911682128906,134.0463409423828,44.16338348388672,47.387264251708984
2021-07-19,138.7337646484375,144.27442932128906,129.68722534179688,44.060420989990234,45.75863265991211
2021-07-20,142.33721923828125,145.63172912597656,132.10507202148438,44.260093688964844,46.2629280090332
2021-07-21,141.6067657470703,146.53086853027344,134.8846435546875,44.041709899902344,47.75101089477539
2021-07-22,142.9702911376953,146.95448303222656,133.1815948486328,44.072906494140625,47.213645935058594
2021-07-23,144.68434143066406,148.51930236816406,132.92568969726562,44.43479919433594,47.15578079223633
2021-07-26,145.1031494140625,148.5884552001953,133.81690979003906,44.497188568115234,48.346256256103516
2021-07-27,142.94105529785156,149.2714385986328,133.64047241210938,44.500308990478516,47.80888748168945
2021-07-28,141.19773864746094,148.8564453125,133.8610382080078,44.319366455078125,48.13130187988281
2021-07-29,141.84054565429688,148.8564453125,135.00814819335938,44.37551498413086,48.7182731628418
2021-07-30,142.0548095703125,148.873779296875,133.93165588378906,44.47224044799805,47.593936920166016
2021-08-02,141.7237091064453,148.93431091308594,133.39337158203125,44.36928176879883,47.60220718383789
2021-08-03,143.51568603515625,150.76712036132812,134.91110229492188,44.86844253540039,48.11476516723633
2021-08-04,143.11636352539062,149.8766326904297,133.45513916015625,44.56270217895508,46.99043655395508
2021-08-05,143.22348022460938,150.16192626953125,135.14053344726562,45.38943862915039,47.288055419921875
2021-08-06,142.54074096679688,149.66049194335938,138.97903442382812,45.308326721191406,47.83368682861328
2021-08-09,142.49200439453125,150.17919921875,138.8289794921875,45.41752243041992,47.288055419921875
2021-08-10,142.01406860351562,150.23109436035156,140.5320587158203,46.384647369384766,48.098236083984375
2021-08-11,142.26760864257812,150.25706481933594,142.20864868164062,46.79957962036133,48.23877716064453
2021-08-12,145.2230224609375,151.46737670898438,142.7645721435547,46.67433547973633,48.129669189453125
2021-08-13,145.4278564453125,152.3751220703125,141.16737365722656,46.82149887084961,47.64292907714844
2021-08-16,147.39805603027344,153.74977111816406,140.2408447265625,47.20350646972656,46.94636154174805
2021-08-17,146.4910125732422,155.15896606445312,138.54660034179688,47.18785095214844,46.62746047973633
2021-08-18,142.7552947998047,153.18783569335938,137.28480529785156,46.68684387207031,45.64557647705078
2021-08-19,143.08692932128906,154.38087463378906,136.13768005371094,47.00311279296875,44.25244903564453
2021-08-20,144.54025268554688,155.13302612304688,136.52587890625,47.42269515991211,44.26083755493164
2021-08-23,146.02285766601562,154.46337890625,138.2730712890625,47.10957336425781,46.081966400146484
2021-08-24,145.93502807617188,152.5326690673828,139.1290283203125,46.62422561645508,46.459617614746094
2021-08-25,144.70608520507812,151.5238800048828,141.996826171875,46.64302444458008,46.54353713989258
2021-08-26,143.90625,150.71507263183594,142.729248046875,46.138885498046875,45.91411590576172
2021-08-27,144.94017028808594,150.39328002929688,143.87635803222656,45.878990173339844,46.80370330810547
2021-08-30,149.3488311767578,151.0281524658203,141.5732879638672,46.24848175048828,46.29176330566406
2021-08-31,148.0906219482422,150.56723022460938,141.14088439941406,46.37373352050781,45.754669189453125
2021-09-01,148.7538299560547,151.09774780273438,140.93795776367188,46.273521423339844,45.125247955322266
2021-09-02,149.8657684326172,152.13259887695312,141.5909423828125,46.51776123046875,46.224632263183594
2021-09-03,150.49978637695312,152.2283172607422,140.73500061035156,46.73382568359375,46.04838943481445
2021-09-07,152.8308563232422,149.86279296875,140.48794555664062,46.113834381103516,45.77984619140625
2021-09-08,151.28982543945312,149.4975128173828,139.86141967773438,46.17332077026367,45.3602294921875
2021-09-09,150.2754364013672,146.16664123535156,140.47027587890625,45.84767150878906,45.393795013427734
2021-09-10,145.30104064941406,145.2100372314453,138.85546875,45.681724548339844,45.30147933959961
2021-09-13,145.86676025390625,144.19247436523438,141.0614776611328,45.421836853027344,46.4680061340332
2021-09-14,144.4719696044922,143.32278442382812,138.59957885742188,45.183860778808594,45.805015563964844
2021-09-15,145.3595428466797,143.8619842529297,139.5614013671875,45.26213836669922,47.34920120239258
2021-09-16,145.1254425048828,143.68809509277344,139.49961853027344,45.412437438964844,46.845664978027344
2021-09-17,142.46267700195312,143.27932739257812,139.13783264160156,45.3184928894043,46.29176330566406
2021-09-20,139.41952514648438,142.46182250976562,134.97291564941406,44.69539260864258,45.058109283447266
2021-09-21,139.8974151611328,143.08798217773438,134.9905242919922,44.78304672241211,45.016143798828125
2021-09-22,142.2578582763672,142.56617736816406,137.57598876953125,44.67972183227539,46.333736419677734
2021-09-23,143.21376037597656,143.37503051757812,142.22625732421875,44.70478057861328,47.90308380126953
2021-09-24,143.30149841308594,142.9401397705078,143.86756896972656,44.830020904541016,48.33110046386719
2021-09-27,141.78970336914062,141.90525817871094,147.34422302246094,44.54194641113281,49.76616668701172
2021-09-28,138.4149169921875,141.59217834472656,146.55007934570312,43.993980407714844,50.28647994995117
2021-09-29,139.31227111816406,142.64443969726562,146.4353790283203,43.97518539428711,50.2529296875
2021-09-30,138.0150146484375,140.45285034179688,144.4410858154297,43.64328384399414,49.363338470458984
2021-10-01,139.13668823242188,139.5570831298828,147.4765625,42.9136962890625,51.13410949707031
2021-10-04,135.71315002441406,138.4700164794922,147.31773376464844,42.50037384033203,51.79710006713867
2021-10-05,137.6345977783203,138.78309631347656,149.72349548339844,42.77906036376953,51.71318054199219
2021-10-06,138.50270080566406,139.07009887695312,150.0430450439453,43.092193603515625,50.764854431152344
2021-10-07,139.7609100341797,140.31373596191406,150.99293518066406,43.599449157714844,50.90751647949219
2021-10-08,139.38050842285156,139.95716857910156,151.1083526611328,43.73096466064453,52.18314743041992
2021-10-11,139.292724609375,139.3657989501953,147.93028259277344,43.69025802612305,51.662818908691406
2021-10-12,138.02479553222656,137.139404296875,146.7939910888672,43.64328384399414,51.39427185058594
2021-10-13,137.4395294189453,138.45262145996094,142.92352294921875,43.3270263671875,51.25160598754883
2021-10-14,140.21934509277344,139.24403381347656,145.1161651611328,43.79671859741211,52.03208541870117
2021-10-15,141.27276611328125,140.27891540527344,147.90362548828125,44.0096321105957,52.52722930908203
2021-10-18,142.9406280517578,139.2527313232422,147.85035705566406,44.36346435546875,52.502044677734375
2021-10-19,145.09619140625,142.51400756835938,149.64356994628906,45.30596923828125,53.29093551635742
2021-10-20,145.58389282226562,142.4357147216797,151.65872192382812,45.71616744995117,53.58465576171875
2021-10-21,145.7984619140625,142.10523986816406,150.46917724609375,45.96979904174805,52.611148834228516
2021-10-22,145.02793884277344,142.38356018066406,152.4931640625,46.44888687133789,52.972023010253906
2021-10-25,144.97918701171875,142.69664001464844,151.7475128173828,46.98745346069336,54.0042610168457
2021-10-26,145.64244079589844,144.14903259277344,152.1558380126953,46.5772590637207,55.25471115112305
2021-10-27,145.18399047851562,142.40097045898438,148.98667907714844,46.195247650146484,53.81962585449219
2021-10-28,148.8124237060547,141.626953125,151.2325897216797,46.48332214355469,53.970699310302734
2021-10-29,146.11062622070312,141.6530303955078,150.81536865234375,46.787052154541016,54.10498046875
2021-11-01,145.29129028320312,141.77481079101562,150.73548889160156,46.902915954589844,55.07847213745117
2021-11-02,146.3251495361328,144.0098419189453,151.33026123046875,46.880985260009766,54.398704528808594
2021-11-03,147.75897216796875,143.5489501953125,151.383544921875,47.02503204345703,53.651798248291016
2021-11-04,147.2420196533203,143.14886474609375,149.39501953125,47.369468688964844,54.05462646484375
2021-11-05,147.76951599121094,142.13137817382812,149.18194580078125,47.04067611694336,54.56654739379883
2021-11-08,146.94895935058594,141.6443328857422,150.07858276367188,46.740074157714844,55.15400314331055
2021-11-09,147.31040954589844,141.33120727539062,148.9423065185547,46.902915954589844,55.69112014770508
2021-11-10,144.48744201660156,142.8618927001953,148.8002166748047,46.480194091796875,54.59396743774414
2021-11-11,144.4385986328125,141.80955505371094,148.7913818359375,46.49897766113281,54.69601821899414
2021-11-12,146.50941467285156,143.5054168701172,148.12557983398438,46.26725387573242,54.279273986816406
2021-11-15,146.5192108154297,142.2096405029297,147.8592529296875,46.00110626220703,54.7470588684082
2021-11-16,147.49600219726562,141.4703826904297,146.7939910888672,44.830020904541016,55.29987716674805
2021-11-17,149.92822265625,142.00088500976562,146.00390625,44.44487380981445,54.69601821899414
2021-11-18,154.2065887451172,141.235595703125,144.74334716796875,44.8268928527832,54.100669860839844
2021-11-19,156.82437133789062,141.6617431640625,142.8524627685547,44.58578872680664,51.600181579589844
2021-11-22,157.28347778320312,139.7971954345703,145.89736938476562,45.33415222167969,52.31460952758789
2021-11-23,157.6644287109375,140.6637420654297,149.38613891601562,45.65666961669922,53.69242477416992
2021-11-24,158.18211364746094,140.2698974609375,148.21434020996094,45.885257720947266,53.990108489990234
2021-11-26,153.17117309570312,139.3594512939453,143.7490692138672,45.371734619140625,52.09347915649414
2021-11-29,156.52159118652344,139.8409423828125,143.127685546875,44.66093444824219,52.38264465332031
2021-11-30,161.4641571044922,136.49705505371094,140.99713134765625,44.034698486328125,50.89426040649414
2021-12-01,160.94644165039062,138.3790740966797,140.16270446777344,42.94188690185547,50.85173797607422
2021-12-02,159.9598846435547,137.512451171875,143.10995483398438,42.418968200683594,52.11899185180664
2021-12-03,158.08444213867188,139.51707458496094,140.5177764892578,43.0577392578125,51.787288665771484
2021-12-06,161.4836883544922,142.63340759277344,142.17782592773438,43.5242919921875,52.37413787841797
2021-12-07,167.2076873779297,143.00103759765625,144.31723022460938,43.383399963378906,52.960994720458984
2021-12-08,171.01719665527344,143.8589324951172,142.6660614013672,42.945011138916016,53.11408233642578
2021-12-09,170.5092315673828,145.22450256347656,142.4441375732422,43.542354583740234,53.25017166137695
2021-12-10,175.2858123779297,144.8656005859375,141.87600708007812,44.337738037109375,53.59035873413086
2021-12-13,171.66188049316406,147.45669555664062,140.1893310546875,45.13627243041992,52.41667175292969
2021-12-14,170.28463745117188,149.06741333007812,141.2634735107422,45.56698989868164,52.34012222290039
2021-12-15,175.13929748535156,149.81146240234375,140.20709228515625,45.82793045043945,52.110477447509766
2021-12-16,168.26263427734375,151.4484100341797,142.39976501464844,45.063968658447266,52.195533752441406
2021-12-17,167.16860961914062,147.26412963867188,139.15956115722656,43.620941162109375,51.05586242675781
2021-12-20,165.81089782714844,146.84393310546875,136.65618896484375,43.762420654296875,50.31591796875
2021-12-21,168.97572326660156,146.37124633789062,138.5647735595703,43.89445877075195,51.45560073852539
2021-12-22,171.564208984375,147.00148010253906,139.10629272460938,43.951045989990234,51.87234878540039
2021-12-23,172.18936157226562,147.2816162109375,139.60342407226562,43.85358428955078,51.897865295410156
2021-12-27,176.14537048339844,148.524658203125,140.40237426757812,44.25285720825195,52.63779830932617
2021-12-28,175.12950134277344,149.1199493408203,140.82847595214844,44.887916564941406,52.46770095825195
2021-12-29,175.21742248535156,150.1703643798828,140.75746154785156,44.86591339111328,52.00843048095703
2021-12-30,174.0648193359375,150.83563232421875,140.68641662597656,45.010520935058594,51.70224380493164
2021-12-31,173.44944763183594,149.7501678466797,140.57106018066406,45.4883918762207,52.04243850708008
2022-01-03,177.78636169433594,150.1615753173828,143.54489135742188,45.47581481933594,54.0411262512207
2022-01-04,175.52999877929688,149.75894165039062,148.98667907714844,44.642696380615234,56.0738410949707
2022-01-05,170.86087036132812,150.7568359375,146.26287841796875,45.246315002441406,56.77125930786133
2022-01-06,168.00869750976562,150.24038696289062,147.81680297851562,45.12055969238281,58.1065559387207
2022-01-07,168.1747589111328,152.27120971679688,149.2813720703125,45.55126953125,58.58283233642578
2022-01-10,168.19422912597656,151.51844787597656,149.4242706298828,45.46323776245117,58.234134674072266
2022-01-11,171.01719665527344,149.9077606201172,149.57611083984375,45.3343391418457,60.68357849121094
2022-01-12,171.45677185058594,148.62966918945312,150.4244842529297,45.09541320800781,60.504974365234375
2022-01-13,168.19422912597656,147.72805786132812,150.2369384765625,45.73360824584961,60.07121276855469
2022-01-14,169.05386352539062,146.92269897460938,141.0028533935547,45.60470962524414,61.12583541870117
2022-01-18,165.85972595214844,146.27496337890625,135.09085083007812,44.80617904663086,62.15495681762695
2022-01-19,162.37257385253906,145.81976318359375,133.00111389160156,45.25259780883789,62.18046188354492
2022-01-20,160.6924591064453,144.65550231933594,131.86700439453125,44.39747619628906,62.31655502319336
2022-01-21,158.64120483398438,144.32286071777344,129.56295776367188,44.07365798950195,61.38099670410156
2022-01-24,157.86953735351562,142.6596221923828,129.44683837890625,44.07680130004883,61.908302307128906
2022-01-25,156.07223510742188,146.7388916015625,130.8578643798828,43.1179313659668,63.72840881347656
2022-01-26,155.984375,147.39541625976562,132.09918212890625,42.677791595458984,63.08201217651367
2022-01-27,155.5252685546875,149.32997131347656,129.768310546875,42.706085205078125,63.889991760253906
2022-01-28,166.37741088867188,150.38047790527344,130.9292755126953,43.23424530029297,64.02607727050781
2022-01-31,170.72421264648438,150.81809997558594,132.70651245117188,43.954193115234375,64.60442352294922
2022-02-01,170.55810546875,149.5838623046875,134.98373413085938,44.300025939941406,68.74639129638672
2022-02-02,171.75955200195312,151.2383270263672,133.90313720703125,44.281150817871094,68.56777954101562
2022-02-03,168.8877410888672,151.2295684814453,132.7957763671875,44.325164794921875,67.7682876586914
2022-02-04,168.60415649414062,150.24038696289062,136.24290466308594,43.803279876708984,69.23967742919922
2022-02-07,167.8901824951172,149.74142456054688,136.69837951660156,43.372589111328125,70.07318878173828
2022-02-08,170.99058532714844,150.13534545898438,139.27032470703125,43.38199996948242,68.2615966796875
2022-02-09,172.4087371826172,150.1178436279297,139.850830078125,43.28770446777344,67.93480682373047
2022-02-10,168.340087890625,148.30577087402344,139.27032470703125,42.781532287597656,67.2812728881836
2022-02-11,164.93649291992188,146.8088836669922,137.4574432373047,42.545745849609375,68.975341796875
2022-02-14,165.17124938964844,144.96189880371094,136.18040466308594,42.11189270019531,67.9176254272461
2022-02-15,168.99537658691406,146.45875549316406,138.17189025878906,42.24393844604492,67.06629943847656
2022-02-16,168.76063537597656,146.37124633789062,138.4219207763672,41.97985076904297,67.3758544921875
2022-02-17,165.17124938964844,145.4783477783203,135.23377990722656,43.661808013916016,67.27265167236328
2022-02-18,163.62594604492188,143.91897583007812,135.8678436279297,43.38199996948242,66.5245361328125
2022-02-22,160.71139526367188,141.9632110595703,135.62672424316406,42.897857666015625,65.75057983398438
2022-02-23,156.5547332763672,142.03369140625,132.78684997558594,42.45771026611328,66.01715850830078
2022-02-24,159.16612243652344,139.32022094726562,129.0896453857422,42.29424285888672,65.18301391601562
2022-02-25,161.22975158691406,146.24481201171875,132.1438446044922,42.87584686279297,66.9372787475586
2022-02-28,161.4938201904297,144.98500061035156,126.6337661743164,42.4922981262207,67.4360580444336
2022-03-01,159.61598205566406,144.48281860351562,121.85595703125,42.75324630737305,68.08101654052734
2022-03-02,162.9022216796875,146.28005981445312,124.38329315185547,42.80668640136719,69.25050354003906
2022-03-03,162.57943725585938,148.4296875,123.4991455078125,43.790706634521484,69.6890640258789
2022-03-04,159.58665466308594,149.31068420410156,120.02521514892578,44.900489807128906,72.3118667602539
2022-03-07,155.8016357421875,151.7157745361328,115.39031219482422,44.5389518737793,74.91749572753906
2022-03-08,153.9824676513672,148.64111328125,114.5776596069336,43.617794036865234,75.48504638671875
2022-03-09,159.37147521972656,149.2049560546875,119.16789245605469,43.84415817260742,71.1939697265625
2022-03-10,155.03875732421875,149.46923828125,117.75687408447266,44.840755462646484,73.40400695800781
2022-03-11,151.33201599121094,149.19613647460938,115.10453796386719,44.66469955444336,73.02562713623047
2022-03-14,147.31224060058594,151.25767517089844,116.24763488769531,45.28718948364258,70.41143798828125
2022-03-15,151.68409729003906,155.17808532714844,118.31059265136719,45.83106994628906,66.40413665771484
2022-03-16,156.0852508544922,153.75086975097656,123.5973892211914,45.69589614868164,66.1547622680664
2022-03-17,157.09262084960938,155.7595672607422,125.16021728515625,45.765316009521484,67.9176254272461
2022-03-18,160.3788299560547,154.03280639648438,125.11557006835938,45.901031494140625,67.65104675292969
2022-03-21,161.7481231689453,154.90496826171875,124.71370697021484,45.51914978027344,70.68661499023438
2022-03-22,165.1125946044922,154.17376708984375,127.36607360839844,45.38344192504883,70.37702941894531
2022-03-23,166.47203063964844,153.59225463867188,124.8298110961914,44.79957962036133,71.48634338378906
2022-03-24,170.247314453125,154.3851776123047,125.64248657226562,45.07731246948242,71.70132446289062
2022-03-25,170.8829803466797,155.8652801513672,126.74093627929688,45.27297592163086,73.26641082763672
2022-03-28,171.74366760253906,156.66697692871094,125.8032455444336,46.07777404785156,71.21115112304688
2022-03-29,175.0298614501953,156.587646484375,126.08001708984375,46.46595001220703,70.8327865600586
2022-03-30,173.86599731445312,158.21751403808594,125.50850677490234,47.29914093017578,72.04530334472656
2022-03-31,170.77540588378906,156.1383819580078,121.73988342285156,46.99931716918945,71.02198028564453
2022-04-01,170.4820098876953,156.98410034179688,120.83792114257812,47.65892028808594,71.4777603149414
2022-04-04,174.5213165283203,155.4688262939453,121.37371826171875,47.668399810791016,71.51214599609375
2022-04-05,171.2155303955078,156.47317504882812,119.96124267578125,47.804100036621094,71.14237976074219
2022-04-06,168.05648803710938,160.5433349609375,118.296875,48.915016174316406,71.93352508544922
2022-04-07,168.359619140625,160.12924194335938,117.93701171875,49.404205322265625,73.13742065429688
2022-04-08,166.35470581054688,160.44638061523438,120.0962142944336,49.678775787353516,74.67671203613281
2022-04-11,162.1099853515625,158.43777465820312,119.65536499023438,48.694091796875,72.10550689697266
2022-04-12,163.97805786132812,158.49063110351562,118.34188079833984,48.359554290771484,73.61038208007812
2022-04-13,166.6578369140625,159.16014099121094,114.52726745605469,49.61880874633789,74.6509017944336
2022-04-14,161.66006469726562,158.49063110351562,113.46569061279297,49.574623107910156,75.52804565429688
2022-04-18,161.4449005126953,156.51719665527344,115.5708999633789,49.19589614868164,76.14720916748047
2022-04-19,163.72372436523438,161.2921905517578,117.96399688720703,49.7545166015625,75.46784973144531
2022-04-20,163.5574951171875,162.00575256347656,118.37783813476562,50.3794059753418,75.63982391357422
2022-04-21,162.76524353027344,161.53884887695312,117.4601821899414,50.45515441894531,74.84009552001953
2022-04-22,158.23692321777344,159.9354248046875,114.08643341064453,49.50519943237305,73.20620727539062
2022-04-25,159.3030242919922,163.8734893798828,114.05046081542969,49.53044509887695,70.73818969726562
2022-04-26,153.3565216064453,162.7017364501953,110.67671966552734,49.01285171508789,70.76399993896484
2022-04-27,153.131591796875,160.42880249023438,109.23723602294922,48.67831802368164,72.78485107421875
2022-04-28,160.0463104248047,161.626953125,110.96460723876953,49.300048828125,74.98626708984375
2022-04-29,154.18789672851562,158.9839630126953,107.38394165039062,48.2838134765625,73.30940246582031
2022-05-02,154.49107360839844,157.3805694580078,108.36457061767578,47.96506118774414,74.30695343017578
2022-05-03,155.97764587402344,157.07220458984375,110.68571472167969,48.13233184814453,75.8376235961914
2022-05-04,162.3740692138672,158.75494384765625,114.34735107421875,48.798240661621094,78.8559799194336
2022-05-05,153.32720947265625,155.72430419921875,111.48641204833984,48.38014221191406,77.66069030761719
2022-05-06,154.05198669433594,155.38072204589844,111.30647277832031,47.37287902832031,78.8473892211914
2022-05-09,148.93911743164062,156.22647094726562,109.63309478759766,47.927188873291016,72.63006591796875
2022-05-10,151.33883666992188,156.0150146484375,106.96109008789062,47.25251388549805,73.11161041259766
2022-05-11,143.49327087402344,155.16928100585938,106.28636169433594,46.75838851928711,74.63370513916016
2022-05-12,139.63412475585938,156.70220947265625,106.1963882446289,46.71404266357422,74.97250366210938
2022-05-13,144.09075927734375,155.80357360839844,107.14102172851562,46.89458465576172,77.19650268554688
2022-05-16,142.55296325683594,156.88722229003906,106.3943099975586,46.94526672363281,79.01216888427734
2022-05-17,146.1770477294922,157.53916931152344,109.92100524902344,41.604881286621094,80.01991271972656
2022-05-18,137.92982482910156,154.61424255371094,108.04069519042969,38.77949905395508,78.75154113769531
2022-05-19,134.5310516357422,153.23989868164062,106.43930053710938,37.7152214050293,79.17723846435547
2022-05-20,134.76611328125,155.91810607910156,105.56661987304688,37.75640869140625,79.802734375
2022-05-23,140.1728515625,159.10116577148438,112.09818267822266,38.83334732055664,81.56627655029297
2022-05-24,137.47926330566406,160.8390350341797,113.68159484863281,39.317970275878906,82.00933837890625
2022-05-25,137.63601684570312,159.26080322265625,114.47331237792969,39.07723617553711,83.65995025634766
2022-05-26,140.8290557861328,159.1189422607422,116.45256042480469,39.91028594970703,83.955322265625
2022-05-27,146.56881713867188,160.56417846679688,118.09894561767578,40.695823669433594,84.78060913085938
2022-05-31,145.78521728515625,159.1809844970703,118.96260070800781,40.74333953857422,83.39933013916016
2022-06-01,145.6578826904297,157.56729125976562,116.87538146972656,39.73606872558594,84.997802734375
2022-06-02,148.10659790039062,157.07077026367188,118.75570678710938,40.388580322265625,84.85011291503906
2022-06-03,142.396240234375,156.42352294921875,117.10033416748047,39.69490432739258,86.0837173461914
2022-06-06,143.14064025878906,156.40577697753906,116.71347045898438,39.552364349365234,85.86656188964844
2022-06-07,145.6578826904297,158.12586975097656,117.01934814453125,39.07723617553711,89.80197143554688
2022-06-08,144.9232940673828,157.18605041503906,115.15704345703125,38.73831558227539,90.86183166503906
2022-06-09,139.71246337890625,154.02069091796875,112.73695373535156,38.332881927490234,88.89846801757812
2022-06-10,134.31556701660156,152.99215698242188,107.55487060546875,38.54826736450195,87.27391815185547
2022-06-13,129.17337036132812,151.44940185546875,104.35208129882812,37.822914123535156,83.26900482177734
2022-06-14,130.03524780273438,149.1263427734375,102.6156997680664,37.83875274658203,83.4861831665039
2022-06-15,132.6504669189453,150.7223663330078,103.83027648925781,37.813411712646484,82.43501281738281
2022-06-16,127.39068603515625,150.8021240234375,102.04894256591797,38.206180572509766,79.39441680908203
2022-06-17,128.8599090576172,150.25241088867188,101.6890640258789,37.468162536621094,74.81614685058594
2022-06-21,133.0814208984375,153.40000915527344,104.20813751220703,38.697139739990234,79.47260284423828
2022-06-22,132.57208251953125,155.82061767578125,103.62335205078125,38.228355407714844,76.32775115966797
2022-06-23,135.43214416503906,159.29627990722656,102.48977661132812,39.156436920166016,74.02559661865234
2022-06-24,138.7525634765625,161.62818908691406,105.54862976074219,39.18810272216797,75.49374389648438
2022-06-27,138.7525634765625,161.4774169921875,104.70294189453125,39.31480407714844,77.34418487548828
2022-06-28,134.61920166015625,156.88458251953125,104.1991195678711,38.760494232177734,79.48998260498047
2022-06-29,136.37246704101562,156.9289093017578,103.7313232421875,38.61796188354492,76.55364227294922
2022-06-30,133.91400146484375,157.38999938964844,101.31121063232422,38.51027297973633,74.39913177490234
2022-07-01,136.07862854003906,159.17214965820312,102.60673522949219,38.84284210205078,76.05843353271484
2022-07-05,138.6546173095703,157.94851684570312,102.2164535522461,39.355987548828125,73.67809295654297
2022-07-06,139.98672485351562,158.0904083251953,101.55387878417969,39.63471984863281,72.34891510009766
2022-07-07,143.34634399414062,158.2677764892578,104.12245178222656,39.69490432739258,74.6597671508789
2022-07-08,144.02218627929688,158.07269287109375,103.79570770263672,39.720237731933594,74.7813949584961
2022-07-11,141.89669799804688,158.13475036621094,102.43426513671875,39.73606872558594,74.39913177490234
2022-07-12,142.8663787841797,155.91810607910156,102.53411102294922,39.6157112121582,73.40876770019531
2022-07-13,142.50399780273438,155.55458068847656,101.5720443725586,39.71074676513672,73.70416259765625
2022-07-14,145.4228515625,155.7673797607422,98.02323913574219,40.48677062988281,72.22728729248047
2022-07-15,147.0879669189453,158.02833557128906,102.51596069335938,40.88270950317383,73.44352722167969
2022-07-18,144.05157470703125,154.4817352294922,101.46312713623047,40.78768539428711,74.79876708984375
2022-07-19,147.90089416503906,152.22964477539062,103.97721862792969,41.03791809082031,76.68395233154297
2022-07-20,149.89898681640625,151.3607177734375,103.95909881591797,41.3800048828125,77.52662658691406
2022-07-21,152.16162109375,151.89271545410156,104.66703033447266,41.984989166259766,76.2322006225586
2022-07-22,150.92747497558594,152.61090087890625,104.15876007080078,41.877296447753906,75.65013122558594
2022-07-25,149.81088256835938,152.91236877441406,104.57626342773438,41.81712341308594,78.16949462890625
2022-07-26,148.48861694335938,153.99407958984375,102.94254302978516,38.636959075927734,77.86544036865234
2022-07-27,153.57208251953125,153.56846618652344,104.59442901611328,40.09717559814453,79.55078125
2022-07-28,154.12059020996094,154.45516967773438,104.2041244506836,41.09809875488281,80.48033142089844
2022-07-29,159.17466735839844,154.7388916015625,104.70333862304688,41.826602935791016,84.20726013183594
2022-08-01,158.19517517089844,154.19801330566406,103.6595687866211,41.98182678222656,82.07884216308594
2022-08-02,156.72598266601562,153.32020568847656,102.04399871826172,42.02616500854492,81.72264862060547
2022-08-03,162.72039794921875,154.8009490966797,103.11500549316406,41.33564376831055,79.072998046875
2022-08-04,162.40695190429688,152.31829833984375,101.98045349121094,39.77408981323242,75.74569702148438
2022-08-05,162.18136596679688,151.71539306640625,105.06639099121094,40.09401321411133,76.84030151367188
2022-08-08,161.71054077148438,150.9085235595703,103.78662872314453,40.42024612426758,77.27468872070312
2022-08-09,161.75958251953125,150.8907928466797,104.72148895263672,40.81935501098633,78.69941711425781
2022-08-10,165.996826171875,151.3252410888672,107.45342254638672,40.90487289428711,79.446533203125
2022-08-11,165.26121520996094,148.19537353515625,109.0417709350586,41.29936218261719,81.7447738647461
2022-08-12,168.80198669433594,146.5639190673828,110.8479232788086,42.062870025634766,82.45526885986328
2022-08-15,169.8711395263672,147.2643585205078,111.14743041992188,42.18375778198242,80.98162841796875
2022-08-16,169.7141876220703,148.57666015625,112.20938110351562,44.33747100830078,80.22721862792969
2022-08-17,171.20506286621094,148.58546447753906,111.26541900634766,44.38520050048828,80.87635803222656
2022-08-18,170.8126983642578,147.8673095703125,110.4032211303711,44.24203872680664,82.78861999511719
2022-08-19,168.2330780029297,150.11941528320312,107.67124938964844,43.58987045288086,82.52545928955078
2022-08-22,164.3588409423828,149.59275817871094,105.8923110961914,42.81047058105469,82.46405029296875
2022-08-23,164.0253143310547,148.28956604003906,104.84856414794922,42.62913131713867,85.96401977539062
2022-08-24,164.3195343017578,147.79856872558594,105.10269165039062,42.93771743774414,86.4727783203125
2022-08-25,166.7716522216797,149.18214416503906,107.5986557006836,43.224037170410156,86.9201431274414
2022-08-26,160.4844970703125,146.62928771972656,104.07706451416016,41.865623474121094,85.8499984741211
2022-08-29,158.28744506835938,145.4956817626953,103.82291412353516,42.27283477783203,87.82364654541016
2022-08-30,155.86476135253906,144.9868621826172,103.84109497070312,42.145572662353516,84.48158264160156
2022-08-31,154.2071533203125,144.01393127441406,103.22390747070312,42.16783905029297,83.85000610351562
2022-09-01,154.93295288085938,147.5843963623047,103.93187713623047,42.781837463378906,82.34125518798828
2022-09-02,152.8241424560547,145.26361083984375,103.20575714111328,42.310997009277344,83.85000610351562
2022-09-06,151.5686798095703,145.6563720703125,103.23299407958984,42.10103225708008,83.28861236572266
2022-09-07,152.97129821777344,146.45077514648438,105.19345092773438,43.18267822265625,82.57808685302734
2022-09-08,151.5,147.62904357910156,107.6440200805664,43.40217971801758,83.25352478027344
2022-09-09,154.35426330566406,147.91465759277344,108.161376953125,43.53261947631836,84.64824676513672
2022-09-12,160.29812622070312,147.8521728515625,109.44112396240234,43.92391586303711,85.62191772460938
2022-09-13,150.89190673828125,144.00503540039062,105.63819122314453,43.017242431640625,83.6219482421875
2022-09-14,152.333740234375,146.9774169921875,105.39312744140625,42.92180252075195,85.67455291748047
2022-09-15,149.45008850097656,147.35231018066406,106.9814682006836,42.46052551269531,83.183349609375
2022-09-16,147.81211853027344,149.60169982910156,106.26444244384766,42.3714485168457,81.7623062133789
2022-09-19,151.5196533203125,148.42344665527344,107.24467468261719,42.73411560058594,81.75352478027344
2022-09-20,153.893310546875,147.25411987304688,105.12992858886719,42.485965728759766,81.08686065673828
2022-09-21,150.77423095703125,145.74562072753906,102.09844970703125,42.874088287353516,79.7798843383789
2022-09-22,149.81298828125,148.33416748046875,100.93669128417969,42.43507385253906,79.446533203125
2022-09-23,147.54727172851562,148.816162109375,99.05791473388672,41.37571334838867,75.2185287475586
2022-09-26,147.8807373046875,147.9056854248047,96.92500305175781,41.77336502075195,73.6659164428711
2022-09-27,148.85179138183594,147.2273406982422,96.07183837890625,41.65884780883789,75.20975494384766
2022-09-28,146.96856689453125,148.49484252929688,98.0141372680664,42.34599685668945,77.94657135009766
2022-09-29,139.74961853027344,146.86135864257812,96.35320281982422,42.072410583496094,77.7886734008789
2022-09-30,135.55162048339844,145.8170166015625,94.84654235839844,41.261173248291016,76.5869369506836
2022-10-03,139.7201690673828,145.67420959472656,97.77818298339844,42.16147994995117,80.63074493408203
2022-10-04,143.30023193359375,147.83433532714844,102.35257720947266,42.70866012573242,83.56930541992188
2022-10-05,143.59446716308594,147.3790740966797,101.0888671875,42.28554916381836,86.94646453857422
2022-10-06,142.64309692382812,144.5227508544922,99.02845764160156,41.89107131958008,89.525390625
2022-10-07,137.40538024902344,142.9963836669922,97.05044555664062,40.89850997924805,88.62187957763672
2022-10-10,137.7290496826172,143.18380737304688,96.14384460449219,41.14028549194336,86.70085906982422
2022-10-11,136.31668090820312,145.25465393066406,93.369140625,42.20600891113281,85.96401977539062
2022-10-12,135.68893432617188,145.2189483642578,94.88014221191406,41.72882843017578,86.3412094116211
2022-10-13,140.24984741210938,147.41477966308594,100.1548080444336,42.081947326660156,89.35872650146484
2022-10-14,135.72816467285156,146.7989044189453,101.82146453857422,41.49342346191406,87.00787353515625
2022-10-17,139.6809539794922,148.70008850097656,106.09796905517578,41.79245376586914,88.26225280761719
2022-10-18,140.9952392578125,148.18243408203125,108.82689666748047,42.673667907714844,88.4201431274414
2022-10-19,141.10316467285156,147.00418090820312,106.6932144165039,42.55278015136719,91.04289245605469
2022-10-20,140.64218139648438,147.3790740966797,106.34521484375,42.65776824951172,91.16571807861328
2022-10-21,144.44778442382812,150.592529296875,111.93126678466797,43.51988983154297,92.85870361328125
2022-10-24,146.58602905273438,152.6186981201172,112.06861877441406,44.3502082824707,93.50780487060547
2022-10-25,149.42063903808594,152.37770080566406,112.36166381835938,44.56016159057617,92.876220703125
2022-10-26,146.4879913330078,153.71664428710938,113.65286254882812,44.90056228637695,93.98147583007812
2022-10-27,142.025146484375,153.80587768554688,114.10157012939453,44.770137786865234,94.34113311767578
2022-10-28,152.7554931640625,156.09097290039062,115.45687103271484,45.336402893066406,97.10423278808594
2022-10-31,150.40147399902344,155.28762817382812,115.27372741699219,45.279136657714844,97.20073699951172
2022-11-01,147.76303100585938,154.50218200683594,117.35247802734375,45.07553482055664,98.1656494140625
2022-11-02,142.25071716308594,152.12779235839844,116.27188873291016,44.77649688720703,96.14812469482422
2022-11-03,136.21864318847656,152.3866424560547,116.48250579833984,44.766944885253906,97.45513916015625
2022-11-04,135.9533233642578,153.06503295898438,119.66929626464844,44.84647750854492,98.51654052734375
2022-11-07,136.48388671875,154.4039306640625,120.30116271972656,45.31730270385742,99.68318176269531
2022-11-08,137.05369567871094,155.1715850830078,120.37442779541016,45.425479888916016,99.99895477294922
2022-11-09,132.50489807128906,153.9308319091797,118.80851745605469,44.36928939819336,95.52531433105469
2022-11-10,144.29443359375,155.73394775390625,123.69857025146484,45.28868103027344,96.92879486083984
2022-11-11,147.07479858398438,151.07449340820312,123.90000915527344,45.35866928100586,99.95509338378906
2022-11-14,145.6797332763672,153.44883728027344,122.62715148925781,44.02571105957031,100.24691009521484
2022-11-15,147.4088592529297,153.8773193359375,121.7388916015625,46.9047737121582,100.91893005371094
2022-11-16,146.1807861328125,154.83238220214844,121.90369415283203,47.24198913574219,99.84014892578125
2022-11-17,148.07691955566406,156.0820770263672,121.37256622314453,47.082923889160156,99.97277069091797
2022-11-18,148.63694763183594,157.27813720703125,122.56303405761719,47.79234313964844,99.10623168945312
2022-11-21,145.41445922851562,158.08668518066406,121.83960723876953,48.08502197265625,98.12471771240234
2022-11-22,147.54640197753906,158.85031127929688,123.66191864013672,48.25680923461914,100.96315002441406
2022-11-23,148.42079162597656,159.02099609375,124.98059844970703,48.489044189453125,100.4591293334961
2022-11-25,145.51271057128906,159.2276153564453,125.21871948242188,48.695831298828125,100.10542297363281
2022-11-28,141.69094848632812,159.30845642089844,123.03008270263672,48.8358039855957,97.09898376464844
2022-11-29,138.69439697265625,158.19447326660156,125.05387115478516,48.66402053833008,97.74449157714844
2022-11-30,145.43408203125,159.91036987304688,126.53736877441406,48.489044189453125,98.45188903808594
2022-12-01,145.70921325683594,160.57518005371094,124.76083374023438,48.79126739501953,97.97438049316406
2022-12-02,145.21795654296875,160.700927734375,123.7718276977539,48.74354934692383,97.14320373535156
2022-12-05,144.0586700439453,160.61109924316406,120.30116271972656,48.24408721923828,94.48162841796875
2022-12-06,140.40390014648438,158.2034912109375,120.50261688232422,47.68418884277344,91.85540008544922
2022-12-07,138.4684600830078,159.16473388671875,120.42019653320312,47.43604278564453,91.65203094482422
2022-12-08,140.1484375,159.19166564941406,121.68392944335938,47.509490966796875,92.33290100097656
2022-12-09,139.6670684814453,157.88006591796875,121.02460479736328,46.40142059326172,91.5547866821289
2022-12-12,141.95619201660156,159.76661682128906,122.90186309814453,47.26679992675781,93.8095932006836
2022-12-13,142.91900634765625,160.9974365234375,122.78282165527344,47.097557067871094,94.83531188964844
2022-12-14,140.69863891601562,161.4915008544922,122.16925811767578,46.83570098876953,94.13676452636719
2022-12-15,134.1062469482422,159.45225524902344,119.13816833496094,46.417396545410156,93.23483276367188
2022-12-16,132.15121459960938,157.81716918945312,118.39639282226562,45.583946228027344,92.58049774169922
2022-12-19,130.0487060546875,157.646484375,119.10152435302734,45.59991455078125,92.99609375
2022-12-20,129.97998046875,157.81716918945312,119.67845916748047,45.99906921386719,94.34015655517578
2022-12-21,133.07472229003906,159.62289428710938,121.02460479736328,46.35990905761719,95.55155181884766
2022-12-22,129.9112091064453,159.0389404296875,119.65098571777344,45.81705856323242,93.6239013671875
2022-12-23,129.5476531982422,159.44322204589844,120.21873474121094,45.90966796875,96.09979248046875
2022-12-27,127.74976348876953,159.39830017089844,120.63999938964844,45.92243194580078,97.43500518798828
2022-12-28,123.82972717285156,158.70657348632812,121.29930877685547,45.117733001708984,95.83451843261719
2022-12-29,127.33715057373047,159.51512145996094,121.99528503417969,45.3923454284668,96.55960845947266
2022-12-30,127.65152740478516,158.6975860595703,122.80110931396484,45.27739334106445,97.53227233886719
2023-01-03,122.87673950195312,160.0811004638672,123.7352066040039,45.85537338256836,94.18098449707031
2023-01-04,124.14412689208984,161.8239288330078,124.88905334472656,45.906463623046875,94.45508575439453
2023-01-05,122.8276138305664,160.6290740966797,124.8613510131836,45.750003814697266,96.56845092773438
2023-01-06,127.34696960449219,161.9316864013672,127.2506332397461,46.87083435058594,97.73564147949219
2023-01-09,127.86764526367188,157.73634338378906,126.72476196289062,46.28646469116211,95.91410064697266
2023-01-10,128.43746948242188,157.35902404785156,127.8594970703125,46.25773239135742,97.34657287597656
2023-01-11,131.1490936279297,157.1074676513672,128.8096923828125,46.663272857666016,98.47840881347656
2023-01-12,131.0704803466797,156.31689453125,128.68052673339844,46.241764068603516,100.11426544189453
2023-01-13,132.3968048095703,155.80482482910156,131.927734375,46.39503479003906,100.05238342285156
2023-01-17,133.55612182617188,154.84359741210938,129.88902282714844,46.11403274536133,99.85782623291016
2023-01-18,132.8389434814453,152.5078125,125.98678588867188,44.974029541015625,97.80638885498047
2023-01-19,132.89791870117188,152.3011932373047,124.3078384399414,44.33218002319336,98.4342041015625
2023-01-20,135.45228576660156,151.5914764404297,124.6122817993164,44.878231048583984,100.22920989990234
2023-01-23,138.63543701171875,151.2051239013672,126.63256072998047,45.54882049560547,99.7074966430664
2023-01-24,140.03057861328125,151.2051239013672,127.72111511230469,45.670169830322266,100.635986328125
2023-01-25,139.37229919433594,152.28318786621094,128.3391876220703,45.45302963256836,100.10542297363281
2023-01-26,141.43548583984375,151.72621154785156,129.13255310058594,45.41150665283203,104.12872314453125
2023-01-27,143.3709259033203,151.13328552246094,129.44622802734375,45.759578704833984,102.22761535644531
2023-01-30,140.49234008789062,145.5364227294922,128.34844970703125,45.3923454284668,100.41490173339844
2023-01-31,141.75967407226562,146.81211853027344,129.11412048339844,45.94158935546875,102.58131408691406
2023-02-01,142.8797149658203,148.15968322753906,128.7727813720703,46.197044372558594,101.45832061767578
2023-02-02,148.17520141601562,148.71665954589844,128.1731414794922,45.86175537109375,98.28387451171875
2023-02-03,151.7906494140625,147.8811492919922,130.1565399169922,45.2518424987793,98.96475219726562
2023-02-06,149.0692138671875,146.75820922851562,130.92221069335938,44.922943115234375,98.79674530029297
2023-02-07,151.9380340576172,146.7941436767578,132.51815795898438,45.01873779296875,101.61747741699219
2023-02-08,149.25587463378906,146.98280334472656,131.58645629882812,44.77604675292969,100.73323822021484
2023-02-09,148.22430419921875,144.99737548828125,129.53846740722656,45.19116973876953,101.11346435546875
2023-02-10,148.58837890625,145.67115783691406,130.11041259765625,45.8936882019043,105.3755111694336
2023-02-13,151.3828582763672,146.21022033691406,131.52186584472656,46.59300994873047,104.96564483642578
2023-02-14,150.74322509765625,145.5723419189453,132.10302734375,46.458900451660156,103.73599243164062
2023-02-15,152.83909606933594,143.17369079589844,132.6565399169922,46.80377960205078,103.42412567138672
2023-02-16,151.24510192871094,142.15855407714844,130.82997131347656,46.0693244934082,103.12118530273438
2023-02-17,150.10369873046875,145.1263885498047,131.2174072265625,46.76226043701172,99.15599822998047
2023-02-21,146.09893798828125,142.96383666992188,128.8096923828125,47.04645919799805,99.05797576904297
2023-02-22,146.5220489501953,142.76475524902344,127.82258605957031,46.05974197387695,97.77487182617188
2023-02-23,147.0041961669922,142.7195587158203,128.8466033935547,45.37318420410156,98.6748275756836
2023-02-24,144.3573455810547,141.1269989013672,130.00892639160156,45.494537353515625,98.68373107910156
2023-02-27,145.54791259765625,140.8193817138672,131.1436004638672,45.165626525878906,98.50552368164062
2023-02-28,145.04611206054688,138.67491149902344,132.2414093017578,45.38595199584961,97.93525695800781
2023-03-01,142.97976684570312,138.0506134033203,131.50341796875,44.75370407104492,98.80850219726562
2023-03-02,143.57015991210938,137.94198608398438,130.13812255859375,44.865455627441406,99.26292419433594
2023-03-03,148.60806274414062,139.36260986328125,132.5273895263672,44.91975021362305,100.51929473876953
2023-03-06,151.36317443847656,140.75604248046875,131.7524871826172,44.91336441040039,101.41034698486328
2023-03-07,149.16893005371094,139.4259490966797,127.87796020507812,44.4662971496582,99.45003509521484
2023-03-08,150.4185333251953,138.40350341796875,127.12149810791016,44.09907531738281,97.99763488769531
2023-03-09,148.17510986328125,136.84715270996094,120.23958587646484,43.802101135253906,97.24024963378906
2023-03-10,146.11862182617188,137.1819610595703,123.29308319091797,43.73823165893555,96.03732299804688
2023-03-13,148.05703735351562,138.49395751953125,121.07906341552734,43.865962982177734,94.93242645263672
2023-03-14,150.14303588867188,139.27212524414062,124.18791961669922,44.09907531738281,95.28885650634766
2023-03-15,150.53660583496094,139.66119384765625,118.3207778930664,44.5908317565918,90.54844665527344
2023-03-16,153.35076904296875,139.3716583251953,120.61780548095703,44.3375358581543,90.02273559570312
2023-03-17,152.514404296875,137.87867736816406,116.06063842773438,44.6966552734375,88.96239471435547
2023-03-20,154.87591552734375,139.24497985839844,117.28755950927734,45.1776008605957,91.28802490234375
2023-03-21,156.72573852539062,139.24497985839844,120.43331909179688,45.02369689941406,95.3779525756836
2023-03-22,155.29901123046875,136.6752166748047,117.32445526123047,44.735130310058594,93.19486236572266
2023-03-23,156.38134765625,136.7476348876953,117.01081848144531,45.09744644165039,92.14344787597656
2023-03-24,157.68020629882812,138.1229705810547,115.23039245605469,45.46617126464844,92.25035858154297
2023-03-27,155.74180603027344,138.7111358642578,118.532958984375,46.226078033447266,94.2730484008789
2023-03-28,155.12188720703125,137.37196350097656,118.89273071289062,46.04652786254883,95.4492416381836
2023-03-29,158.19183349609375,138.72015380859375,119.13258361816406,46.24531936645508,97.08876037597656
2023-03-30,159.75634765625,138.82875061035156,118.77279663085938,46.707035064697266,97.5610122680664
2023-03-31,162.25563049316406,140.24932861328125,120.21190643310547,47.27777099609375,97.7125015258789
2023-04-03,163.50526428222656,141.9232635498047,120.07353210449219,47.675350189208984,103.4775619506836
2023-04-04,162.97390747070312,143.40721130371094,118.4683837890625,47.20722961425781,102.488525390625
2023-04-05,161.13389587402344,149.849609375,118.64502716064453,47.98957824707031,104.24388885498047
2023-04-06,162.0194854736328,149.43341064453125,118.51486206054688,48.351898193359375,102.5152587890625
2023-04-10,159.43165588378906,148.68238830566406,118.90535736083984,48.2589111328125,102.06082916259766
2023-04-11,158.2213897705078,148.63714599609375,119.49109649658203,48.11783218383789,102.7825698852539
2023-04-12,157.53260803222656,148.3204345703125,119.47250366210938,47.88376998901367,102.67564392089844
2023-04-13,162.90505981445312,150.30203247070312,119.9280776977539,47.93186569213867,103.15680694580078
2023-04-14,162.56065368652344,150.0576934814453,128.9838409423828,47.6080207824707,103.40629577636719
2023-04-17,162.5803680419922,149.90390014648438,130.0065460205078,47.94148254394531,102.20338439941406
2023-04-18,163.80047607421875,145.68739318847656,131.46621704101562,48.04729080200195,104.1993408203125
2023-04-19,164.9418487548828,147.062744140625,131.2988739013672,48.09858322143555,103.8696517944336
2023-04-20,163.97755432128906,148.01280212402344,130.91769409179688,48.406402587890625,103.04098510742188
2023-04-21,162.37371826171875,147.20748901367188,130.66664123535156,48.65008544921875,103.37065887451172
2023-04-24,162.6787109375,148.10328674316406,130.8433074951172,48.9803466796875,105.32205200195312
2023-04-25,161.1437530517578,149.46054077148438,127.99827575683594,48.59878158569336,103.8250961303711
2023-04-26,161.13389587402344,147.14414978027344,125.72969055175781,48.387168884277344,102.8716812133789
2023-04-27,165.70932006835938,147.48800659179688,127.42183685302734,48.53786849975586,104.10132598876953
2023-04-28,166.95896911621094,148.1214141845703,128.52822875976562,48.406402587890625,105.4468002319336
2023-05-01,166.8704376220703,148.03089904785156,131.28028869628906,48.60519027709961,102.1766586303711
2023-05-02,165.83726501464844,149.32481384277344,129.16046142578125,48.4737434387207,98.10455322265625
2023-05-03,164.7647247314453,147.37037658691406,126.42700958251953,48.294189453125,96.17098236083984
2023-05-04,163.13136291503906,146.70082092285156,124.69768524169922,48.429359436035156,94.48690032958984
2023-05-05,170.78659057617188,147.19847106933594,127.1336441040039,48.84777069091797,96.83927917480469
2023-05-08,170.71771240234375,146.8636932373047,127.4404296875,49.153533935546875,97.22241973876953
2023-05-09,169.0154571533203,145.7235870361328,126.82682037353516,49.237205505371094,97.24916076660156
2023-05-10,170.77676391601562,146.26646423339844,126.89189147949219,49.09881591796875,96.00167083740234
2023-05-11,170.9636993408203,145.66928100585938,126.4920654296875,49.28227615356445,94.2641372680664
2023-05-12,170.03749084472656,145.47926330566406,124.6790771484375,49.26618576049805,94.25521850585938
2023-05-15,169.5448455810547,144.3663330078125,125.72969055175781,48.883174896240234,94.43498229980469
2023-05-16,169.5448455810547,144.17628479003906,124.8836441040039,48.20728302001953,92.14308166503906
2023-05-17,170.1557159423828,143.859619140625,128.72349548339844,48.1268196105957,94.21027374267578
2023-05-18,172.48114013671875,143.39816284179688,129.69970703125,48.75121307373047,95.06413269042969
2023-05-19,172.5894775390625,143.78724670410156,129.40219116210938,48.24913024902344,95.50453186035156
2023-05-22,171.6436004638672,143.0122833251953,128.3330078125,47.824275970458984,94.34510040283203
2023-05-23,169.04232788085938,142.9576416015625,126.99415588378906,47.73415756225586,95.63035583496094
2023-05-24,169.31820678710938,142.8208770751953,125.83196258544922,47.51529312133789,96.69990539550781
2023-05-25,170.4513397216797,140.76962280273438,126.13877868652344,47.042171478271484,94.96526336669922
2023-05-26,172.8555450439453,140.71493530273438,127.31957244873047,47.125850677490234,94.34510040283203
2023-05-30,174.69808959960938,140.73318481445312,127.80303192138672,47.00998306274414,93.50922393798828
2023-05-31,174.6488494873047,141.3621826171875,126.17598724365234,47.270687103271484,91.8375015258789
2023-06-01,177.4471435546875,140.88812255859375,127.91461181640625,47.444488525390625,92.89806365966797
2023-06-02,178.2945556640625,143.10350036621094,130.6015625,47.8983039855957,95.0551528930664
2023-06-05,176.9446563720703,144.334228515625,129.31849670410156,48.21371841430664,94.6327133178711
2023-06-06,176.58006286621094,144.20657348632812,129.55093383789062,48.20728302001953,95.4056625366211
2023-06-07,175.2104949951172,144.51657104492188,130.80612182617188,48.278079986572266,97.54474639892578
2023-06-08,177.92010498046875,146.1028594970703,130.8433074951172,48.97650909423828,97.23919677734375
2023-06-09,178.3043975830078,145.8749237060547,131.10362243652344,49.272613525390625,96.52014923095703
2023-06-12,181.09283447265625,145.77464294433594,131.09432983398438,49.597694396972656,95.64833068847656
2023-06-13,180.619873046875,146.5404510498047,132.0426788330078,49.983917236328125,95.66630554199219
2023-06-14,181.25050354003906,147.28802490234375,131.54991149902344,50.489227294921875,94.51586151123047
2023-06-15,183.28025817871094,149.26632690429688,133.03749084472656,50.766021728515625,95.17198181152344
2023-06-16,182.2062530517578,149.72215270996094,133.19558715820312,50.05794143676758,94.48890686035156
2023-06-20,182.29495239257812,149.63095092773438,132.516845703125,49.61699676513672,92.32283020019531
2023-06-21,181.26034545898438,149.40304565429688,132.3216094970703,49.713558197021484,93.3564453125
2023-06-22,184.25576782226562,150.98934936523438,129.7740936279297,50.128746032714844,92.8441390991211
2023-06-23,183.9404296875,150.86172485351562,129.0953826904297,50.0354118347168,92.03522491455078
2023-06-26,182.55113220214844,149.17514038085938,129.41152954101562,49.9034423828125,93.73391723632812
2023-06-27,185.30020141601562,148.8651885986328,129.4207763671875,49.72321319580078,93.96761322021484
2023-06-28,186.4727020263672,148.56434631347656,128.85366821289062,49.99357223510742,94.7315673828125
2023-06-29,186.80770874023438,149.6036376953125,133.35362243652344,49.65562057495117,95.89998626708984
2023-06-30,191.12344360351562,150.89820861816406,135.22242736816406,50.58900451660156,96.39431762695312
2023-07-03,189.63563537597656,148.9198760986328,136.31019592285156,50.91728973388672,96.58307647705078
2023-07-05,188.52220153808594,148.42759704589844,135.4021759033203,50.88832473754883,96.0887451171875
2023-07-06,188.99517822265625,147.32447814941406,134.0635223388672,50.56647491455078,92.50260162353516
2023-07-07,187.8817596435547,145.18206787109375,135.12135314941406,49.401363372802734,92.71831512451172
2023-07-10,185.8421173095703,145.4191131591797,135.8795623779297,49.848731994628906,94.09344482421875
2023-07-11,185.3199005126953,144.6168670654297,138.004638671875,49.77470397949219,95.2438735961914
2023-07-12,186.98507690429688,144.1154327392578,138.68797302246094,49.900230407714844,95.71125030517578
2023-07-13,187.74378967285156,144.78094482421875,139.3620147705078,49.60734939575195,93.95862579345703
2023-07-14,187.89161682128906,145.7472686767578,140.20452880859375,49.777923583984375,90.7229995727539
2023-07-17,191.14315795898438,145.01795959472656,143.58399963378906,49.83908462524414,91.11846160888672
2023-07-18,190.886962890625,145.00885009765625,143.8461151123047,49.748958587646484,90.70502471923828
2023-07-19,192.23687744140625,144.7171630859375,144.3983917236328,49.76505661010742,91.33419799804688
2023-07-20,190.29579162597656,153.5055389404297,146.1770477294922,50.68556213378906,92.94300842285156
2023-07-21,189.1232452392578,155.1556396484375,145.05369567871094,50.972007751464844,93.37442016601562
2023-07-24,189.92132568359375,155.96701049804688,147.9088897705078,51.271331787109375,94.83942413330078
2023-07-25,190.77859497070312,157.16131591796875,146.80429077148438,51.229496002197266,94.98322296142578
2023-07-26,191.6456756591797,157.46214294433594,147.68418884277344,51.41294479370117,94.45295715332031
2023-07-27,190.38449096679688,158.34645080566406,146.0553741455078,51.22627258300781,94.74954986572266
2023-07-28,192.95614624023438,159.066650390625,146.88848876953125,51.4676628112793,93.61708068847656
2023-07-31,193.56704711914062,152.73062133789062,147.87144470214844,51.45156478881836,96.38533020019531
2023-08-01,192.7393798828125,153.9705047607422,147.14126586914062,51.210182189941406,95.8281021118164
2023-08-02,189.75384521484375,154.90037536621094,145.4749298095703,51.245582580566406,94.6327133178711
2023-08-03,188.3645477294922,155.56590270996094,146.36428833007812,51.25844955444336,96.27748107910156
2023-08-04,179.3192596435547,154.10723876953125,146.0553741455078,50.96234893798828,96.54711151123047
2023-08-07,176.22535705566406,157.80857849121094,146.74810791015625,51.65434265136719,96.34939575195312
2023-08-08,177.16140747070312,157.88153076171875,145.92430114746094,51.70583724975586,96.82575225830078
2023-08-09,175.57504272460938,157.78123474121094,143.96775817871094,51.789520263671875,98.47050476074219
2023-08-10,175.3582305908203,156.9607391357422,143.75247192382812,51.7636833190918,98.97382354736328
2023-08-11,175.41741943359375,158.49232482910156,144.58563232421875,52.067298889160156,100.51074981689453
2023-08-14,177.06517028808594,158.11854553222656,144.88519287109375,51.67969512939453,100.59161376953125
2023-08-15,175.08201599121094,157.6627197265625,141.1968231201172,51.41484832763672,98.00910949707031
2023-08-16,174.21372985839844,157.16131591796875,140.5977020263672,51.440670013427734,96.35990905761719
2023-08-17,171.6780242919922,158.63819885253906,139.1373748779297,50.28757858276367,98.22659301757812
2023-08-18,172.1614990234375,157.25247192382812,139.4556121826172,51.0110969543457,99.71267700195312
2023-08-21,173.4934539794922,152.5665283203125,139.93304443359375,50.875431060791016,98.50749206542969
2023-08-22,174.86492919921875,151.35403442382812,137.0310516357422,50.713932037353516,97.9547348022461
2023-08-23,178.70303344726562,149.99563598632812,137.9578094482422,51.066001892089844,97.09388732910156
2023-08-24,174.02630615234375,150.50616455078125,137.8267364501953,50.6751708984375,96.36897277832031
2023-08-25,176.22653198242188,152.6641082763672,137.6582489013672,50.975555419921875,98.09066009521484
2023-08-28,177.78543090820312,150.86427307128906,138.13568115234375,51.26626205444336,98.91526794433594
2023-08-29,181.6629638671875,150.88267517089844,139.259033203125,51.69584274291992,99.5042495727539
2023-08-30,185.14588928222656,150.35006713867188,138.69735717773438,52.067298889160156,100.47383117675781
2023-08-31,185.36294555664062,148.4675750732422,136.9842529296875,52.52272415161133,100.7547378540039
2023-09-01,186.93173217773438,147.36566162109375,137.44293212890625,52.186798095703125,102.8660659790039
2023-09-05,187.16851806640625,147.54931640625,135.92637634277344,51.76691436767578,102.8751220703125
2023-09-06,180.46914672851562,145.09750366210938,135.7017364501953,52.154502868652344,103.7631607055664
2023-09-07,175.1905059814453,146.95242309570312,134.54092407226562,52.800506591796875,103.2557144165039
2023-09-08,175.80223083496094,147.43911743164062,134.64389038085938,52.897403717041016,104.7599105834961
2023-09-11,176.96649169921875,149.36753845214844,135.23367309570312,53.081504821777344,103.44600677490234
2023-09-12,173.94732666015625,150.2122802734375,136.9935760498047,53.139652252197266,106.4634780883789
2023-09-13,171.88522338867188,150.58880615234375,137.05911254882812,53.15256881713867,105.51201629638672
2023-09-14,173.3948211669922,150.35923767089844,139.71774291992188,53.37544250488281,107.39680480957031
2023-09-15,172.674560546875,148.25637817382812,139.30584716796875,53.178401947021484,105.74761962890625
2023-09-18,175.5950469970703,149.1930389404297,139.59600830078125,52.78435516357422,106.59940338134766
2023-09-19,176.68038940429688,148.94509887695312,139.4181365966797,52.771427154541016,106.31848907470703
2023-09-20,173.1481475830078,149.5970916748047,138.82843017578125,52.94261169433594,105.47579193115234
2023-09-21,171.60894775390625,148.44921875,137.74252319335938,52.29985427856445,103.98969268798828
2023-09-22,172.45750427246094,147.38400268554688,136.42254638671875,52.438743591308594,104.1528091430664
2023-09-25,173.73028564453125,147.1636199951172,137.09658813476562,52.67129135131836,105.32173919677734
2023-09-26,169.665283203125,146.02500915527344,135.6736602783203,52.4871940612793,105.4848403930664
2023-09-27,168.15565490722656,144.2710418701172,136.4693603515625,52.235252380371094,108.91912841796875
2023-09-28,168.41220092773438,144.0598602294922,138.1637420654297,52.50011444091797,108.25765991210938
2023-09-29,168.9252471923828,143.02215576171875,135.75790405273438,51.65708923339844,106.5450439453125
2023-10-02,171.43136596679688,142.47120666503906,134.58775329589844,51.71199417114258,104.7780532836914
2023-10-03,170.09938049316406,142.64569091796875,133.59544372558594,51.385765075683594,104.95925903320312
2023-10-04,171.34259033203125,142.81100463867188,134.19454956054688,52.00269317626953,101.03565216064453
2023-10-05,172.57589721679688,144.298583984375,134.76036071777344,51.382545471191406,98.7612075805664
2023-10-06,175.1214599609375,144.7577362060547,136.8350830078125,50.52013397216797,97.11202239990234
2023-10-09,176.60145568847656,145.58421325683594,136.52389526367188,50.33602523803711,100.51007080078125
2023-10-10,176.00941467285156,145.41888427734375,137.35374450683594,50.904502868652344,100.08419036865234
2023-10-11,177.40065002441406,143.41705322265625,137.82525634765625,51.10798645019531,96.4958267211914
2023-10-12,178.2985382080078,143.55477905273438,137.504638671875,51.34055709838867,96.47770690917969
2023-10-13,176.4633331298828,144.0323028564453,139.56988525390625,51.624794006347656,99.55862426757812
2023-10-16,176.33505249023438,144.65673828125,139.4284210205078,52.070526123046875,99.631103515625
2023-10-17,174.78598022460938,143.3343963623047,139.12664794921875,52.13835525512695,100.93596649169922
2023-10-18,173.4934539794922,140.24896240234375,137.59893798828125,52.1771240234375,102.34954833984375
2023-10-19,173.11856079101562,139.8724822998047,137.01425170898438,51.92840576171875,102.4129867553711
2023-10-20,170.572998046875,140.4969024658203,134.80755615234375,51.27918243408203,100.6550521850586
2023-10-23,170.69142150878906,139.0184783935547,132.96861267089844,52.005924224853516,99.17802429199219
2023-10-24,171.12550354003906,138.87156677246094,133.12893676757812,52.72944641113281,98.217529296875
2023-10-25,168.81675720214844,139.1837615966797,132.40280151367188,52.571170806884766,98.39874267578125
2023-10-26,164.66293334960938,136.82379150390625,132.74227905273438,52.25140380859375,97.50164794921875
2023-10-27,165.9751739501953,133.70164489746094,127.96107482910156,52.057594299316406,95.6440658569336
2023-10-30,168.0175323486328,135.0147705078125,129.59251403808594,52.655155181884766,95.94307708740234
2023-10-31,168.4911346435547,136.2177276611328,131.1391143798828,52.781124114990234,95.91590881347656
2023-11-01,171.6484375,136.53912353515625,131.0259246826172,53.25270080566406,95.7256088256836
2023-11-02,175.20040893554688,137.9624786376953,133.36465454101562,53.462650299072266,98.86994934082031
2023-11-03,174.2926483154297,138.97256469726562,134.85467529296875,53.18486404418945,97.66475677490234
2023-11-06,176.83822631835938,139.3031463623047,135.87315368652344,53.25593185424805,95.93402099609375
2023-11-07,179.3936767578125,138.56849670410156,135.80715942382812,53.504634857177734,94.42980194091797
2023-11-08,180.44943237304688,138.06349182128906,136.47674560546875,53.06859588623047,93.26994323730469
2023-11-09,179.97579956054688,135.37289428710938,136.07119750976562,52.94585037231445,93.29713439941406
2023-11-10,184.1548614501953,135.216796875,138.08929443359375,53.67905807495117,94.01298522949219
2023-11-13,182.5741424560547,135.5657501220703,137.47634887695312,54.16032791137695,95.00070190429688
2023-11-14,185.18234252929688,135.59327697753906,139.9848175048828,54.150630950927734,95.366455078125
2023-11-15,185.74545288085938,136.64016723632812,141.21078491210938,54.838619232177734,94.79039001464844
2023-11-16,187.42498779296875,137.8339385986328,142.8233642578125,50.4006233215332,93.69306182861328
2023-11-17,187.40524291992188,137.54920959472656,144.1153564453125,50.17776107788086,95.97913360595703
2023-11-20,189.14404296875,138.76182556152344,144.55856323242188,50.1616096496582,95.5584945678711
2023-11-21,188.3437957763672,139.8818359375,144.2567901611328,50.342491149902344,95.52191925048828
2023-11-22,189.00572204589844,139.60415649414062,144.59628295898438,49.95811080932617,95.11043548583984
2023-11-24,187.68186950683594,141.1592254638672,144.7943115234375,50.40708541870117,95.62249755859375
2023-11-27,187.50404357910156,140.02992248535156,144.46429443359375,50.636409759521484,95.06470489501953
2023-11-28,188.10667419433594,140.35391235351562,144.7943115234375,51.24041748046875,95.00984954833984
2023-11-29,187.08909606933594,140.7982177734375,145.52992248535156,50.413543701171875,93.58332061767578
2023-11-30,187.66207885742188,143.15855407714844,147.18963623046875,50.28757858276367,93.94908905029297
2023-12-01,188.9365997314453,146.6019287109375,147.90634155273438,49.851531982421875,94.17770385742188
2023-12-04,187.14834594726562,147.0647735595703,148.99085998535156,49.8386116027832,93.66561126708984
2023-12-05,191.09031677246094,146.75929260253906,148.9720001220703,50.300498962402344,91.84590148925781
2023-12-06,190.00355529785156,144.9728240966797,147.4065704345703,49.75463104248047,90.62968444824219
2023-12-07,191.93008422851562,143.8435516357422,147.85919189453125,49.427188873291016,89.99873352050781
2023-12-08,193.3527374267578,142.9364471435547,149.4906768798828,48.90847396850586,91.03204345703125
2023-12-11,190.85317993164062,143.52882385253906,150.03765869140625,49.03166580200195,91.0960464477539
2023-12-12,192.3647918701172,143.53807067871094,151.37677001953125,49.070579528808594,89.66039276123047
2023-12-13,195.57565307617188,144.20457458496094,151.885986328125,49.942657470703125,90.45594024658203
2023-12-14,195.72381591796875,145.20419311523438,154.6491241455078,49.333168029785156,92.88834381103516
2023-12-15,195.19033813476562,143.62139892578125,155.8184814453125,49.517967224121094,92.26653289794922
2023-12-18,193.53054809570312,143.8805694580078,156.76148986816406,50.24091720581055,92.95236206054688
2023-12-19,194.5679168701172,144.82472229003906,158.8550567626953,50.42247772216797,94.17770385742188
2023-12-20,192.4833221435547,141.87196350097656,157.06329345703125,49.83243942260742,92.60487365722656
2023-12-21,192.33511352539062,143.32518005371094,157.9591522216797,50.18581008911133,93.02552032470703
2023-12-22,191.26815795898438,143.89907836914062,157.86488342285156,50.785579681396484,93.19010162353516
2023-12-26,190.72479248046875,144.52853393554688,158.7984619140625,50.707767486572266,93.40042114257812
2023-12-27,190.8235626220703,144.722900390625,159.7509307861328,51.18434143066406,92.96150970458984
2023-12-28,191.24839782714844,144.93580627441406,160.5996856689453,51.083839416503906,91.61729431152344
2023-12-29,190.2110137939453,145.0839080810547,160.41107177734375,51.10976791381836,91.42524719238281
2024-01-02,183.4040069580078,148.0736846923828,162.27828979492188,51.641456604003906,93.60160064697266
2024-01-03,182.03076171875,148.99932861328125,161.5709991455078,51.64469909667969,94.38802337646484
2024-01-04,179.71893310546875,148.6846160888672,162.6432342529297,51.14543533325195,93.56503295898438
2024-01-05,178.99769592285156,149.1474151611328,163.459228515625,50.80502700805664,93.84850311279297
2024-01-08,183.324951171875,149.51766967773438,163.22203063964844,51.304290771484375,92.2848129272461
2024-01-09,182.91004943847656,149.61029052734375,161.93157958984375,51.647945404052734,91.14177703857422
2024-01-10,183.9473876953125,149.83238220214844,162.27316284179688,52.28985595703125,90.24562072753906
2024-01-11,183.35459899902344,149.16595458984375,161.58999633789062,52.23149871826172,90.22733306884766
2024-01-12,183.6806182861328,150.313720703125,160.40391540527344,52.29957962036133,91.39781188964844
2024-01-16,181.41819763183594,148.58279418945312,159.3981170654297,52.46492004394531,89.33119201660156
2024-01-17,180.4796600341797,148.4994659423828,158.54415893554688,52.218528747558594,88.68196105957031
2024-01-18,186.35801696777344,149.22149658203125,158.8572540283203,52.92203903198242,88.51734924316406
2024-01-19,189.25271606445312,149.65652465820312,161.59947204589844,52.64323425292969,88.65451049804688
2024-01-22,191.55462646484375,150.38780212402344,161.40969848632812,52.6464729309082,88.53562927246094
2024-01-23,192.8291015625,147.92559814453125,160.3470001220703,52.779388427734375,89.53237915039062
2024-01-24,192.15728759765625,147.13880920410156,161.77976989746094,52.03373336791992,91.07777404785156
2024-01-25,191.83123779296875,147.69418334960938,164.094970703125,52.7923583984375,93.39128875732422
2024-01-26,190.1023406982422,147.63864135742188,163.46871948242188,53.25596237182617,94.18684387207031
2024-01-29,189.42063903808594,147.50906372070312,163.8956756591797,53.50559997558594,94.30573272705078
2024-01-30,185.7751007080078,146.9629364013672,167.2546844482422,53.68390655517578,95.8785400390625
2024-01-31,182.17892456054688,147.08326721191406,165.4423370361328,53.57368087768555,94.01309967041016
2024-02-01,184.60931396484375,146.58338928222656,164.84454345703125,54.56572341918945,93.62904357910156
2024-02-02,183.6114501953125,144.9635772705078,165.79342651367188,54.97421646118164,93.2449722290039
2024-02-05,185.41943359375,144.21380615234375,165.5751495361328,54.67919921875,92.86090850830078
2024-02-06,187.0199432373047,146.30572509765625,166.14447021484375,55.05201721191406,93.50100708007812
2024-02-07,187.12860107421875,146.23167419433594,166.45761108398438,54.91261672973633,93.47360229492188
2024-02-08,186.05174255371094,144.76918029785156,165.85983276367188,54.90937042236328,95.07383728027344
2024-02-09,186.81344604492188,145.10238647460938,166.05911254882812,54.88019561767578,93.06208801269531
2024-02-12,185.1317596435547,146.11134338378906,166.7991943359375,55.21087646484375,94.3423080444336
2024-02-13,183.04449462890625,144.833984375,165.3474578857422,54.834808349609375,93.53012084960938
2024-02-14,182.1641082763672,144.15829467773438,167.0269012451172,54.65974044799805,93.06864929199219
2024-02-15,181.8772430419922,146.17613220214844,170.6705322265625,54.8834342956543,95.7359390258789
2024-02-16,180.3439483642578,146.00827026367188,169.87347412109375,55.23033142089844,95.7359390258789
2024-02-20,179.60205078125,147.2300567626953,170.5376739501953,57.01341247558594,94.83145141601562
2024-02-21,180.35385131835938,147.9948272705078,171.64784240722656,56.31314468383789,96.76959991455078
2024-02-22,182.3817138671875,149.64566040039062,173.7068634033203,56.86752700805664,96.68655395507812
2024-02-23,180.5517120361328,150.9420623779297,174.57981872558594,56.91615676879883,95.83744812011719
2024-02-26,179.20635986328125,149.96273803710938,173.9820098876953,57.966556549072266,96.21585083007812
2024-02-27,180.66050720214844,150.1399688720703,174.06744384765625,57.956825256347656,96.01280975341797
2024-02-28,179.46356201171875,150.67156982421875,174.94985961914062,57.98601531982422,96.28045654296875
2024-02-29,178.80076599121094,150.5130615234375,176.5439453125,57.003684997558594,96.46504211425781
2024-03-01,177.72251892089844,151.20318603515625,175.81332397460938,57.149574279785156,97.68331146240234
2024-03-04,173.2117156982422,149.07672119140625,177.13223266601562,57.67477798461914,96.31737518310547
2024-03-05,168.285400390625,149.19796752929688,178.9066162109375,58.394500732421875,97.49871826171875
2024-03-06,167.29620361328125,148.61038208007812,179.83645629882812,58.909976959228516,98.54164123535156
2024-03-07,167.17747497558594,148.17201232910156,178.26136779785156,58.70572280883789,99.09540557861328
2024-03-08,168.88882446289062,148.77828979492188,178.5934600830078,58.4723014831543,100.0275650024414
2024-03-11,170.88706970214844,150.37310791015625,178.65988159179688,58.99750518798828,100.61824035644531
2024-03-12,171.3618621826172,151.78146362304688,180.130615234375,59.72694778442383,99.97218322753906
2024-03-13,169.2845458984375,150.2518768310547,181.59185791015625,59.600521087646484,101.08893585205078
2024-03-14,171.1343536376953,148.48915100097656,178.35623168945312,59.54975891113281,102.87944030761719
2024-03-15,170.75845336914062,147.5284881591797,180.56707763671875,59.21795654296875,102.69483947753906
2024-03-18,171.84658813476562,146.2041015625,182.80638122558594,59.393619537353516,103.64546203613281
2024-03-19,174.18115234375,145.691162109375,183.87857055664062,59.403377532958984,104.37457275390625
2024-03-20,176.74319458007812,145.27145385742188,186.28868103027344,59.77422332763672,104.28228759765625
2024-03-21,169.5218963623047,145.26211547851562,188.8790283203125,59.96940612792969,104.74375915527344
2024-03-22,170.42213439941406,144.7771453857422,186.56382751464844,59.403377532958984,104.74375915527344
2024-03-25,169.00755310058594,144.76783752441406,184.85594177246094,59.1106071472168,105.81436157226562
2024-03-26,167.8798370361328,145.28079223632812,185.7193603515625,59.05205154418945,105.0206527709961
2024-03-27,171.44100952148438,147.32330322265625,189.31552124023438,59.256996154785156,106.1097183227539
2024-03-28,169.63075256347656,147.537841796875,190.0556640625,58.72024917602539,107.2818374633789
2024-04-01,168.19639587402344,147.1554412841797,188.76519775390625,58.55434036254883,107.9740219116211
2024-04-02,167.01919555664062,147.10882568359375,188.6892852783203,57.73457717895508,110.0875473022461
2024-04-03,167.8204803466797,143.87245178222656,188.1579132080078,57.99808120727539,110.10601043701172
2024-04-04,166.9994354248047,142.23098754882812,186.72633361816406,58.06638717651367,110.49364471435547
2024-04-05,167.75123596191406,142.12838745117188,188.44424438476562,58.407955169677734,112.01648712158203
2024-04-08,166.63343811035156,141.38226318359375,189.42726135253906,58.33964538574219,111.2596664428711
2024-04-09,167.8402557373047,142.03512573242188,188.1579132080078,58.34940719604492,111.84111785888672
2024-04-10,165.9706268310547,140.08587646484375,186.55455017089844,59.159400939941406,112.78250885009766
2024-04-11,173.15234375,138.77081298828125,186.516357421875,58.642173767089844,112.40412139892578
2024-04-12,174.64605712890625,137.58633422851562,174.45289611816406,58.69096374511719,111.09354400634766
2024-04-15,170.82766723632812,137.651611328125,174.54833984375,58.48603057861328,110.45673370361328
2024-04-16,167.55340576171875,134.72305297851562,172.5536651611328,58.398197174072266,109.54302215576172
2024-04-17,166.18829345703125,135.02154541015625,171.8665008544922,58.21277618408203,109.48764038085938
2024-04-18,165.2386016845703,135.9261932373047,172.98313903808594,57.83216857910156,109.38612365722656
2024-04-19,163.22064208984375,137.95005798339844,177.32559204101562,58.09566879272461,110.64131164550781
2024-04-22,164.05154418945312,139.0785675048828,180.7709503173828,58.69096374511719,111.26890563964844
2024-04-23,165.1001434326172,139.48895263671875,183.37643432617188,57.66626739501953,111.70267486572266
2024-04-24,167.19729614257812,138.5283203125,184.27357482910156,58.427467346191406,111.72115325927734
2024-04-25,168.05787658691406,136.93348693847656,184.55030822753906,58.759281158447266,111.97955322265625
2024-04-26,167.47425842285156,136.29925537109375,184.66485595703125,58.710487365722656,108.86927032470703
2024-04-29,171.6289520263672,136.93348693847656,184.4644317626953,58.7885627746582,110.41980743408203
2024-04-30,168.49314880371094,134.85360717773438,182.99468994140625,57.920005798339844,109.15538024902344
2024-05-01,167.47425842285156,140.99986267089844,183.1092071533203,57.432044982910156,107.08799743652344
2024-05-02,171.16404724121094,139.82469177246094,182.91831970214844,58.27132797241211,107.2818374633789
2024-05-03,181.40237426757812,139.21847534179688,181.8207550048828,58.37867736816406,107.06033325195312
2024-05-06,179.7504119873047,138.57493591308594,183.24282836914062,58.427467346191406,107.75251770019531
2024-05-07,180.4329833984375,138.70550537109375,183.0042266845703,59.159400939941406,107.21723175048828
2024-05-08,180.7693328857422,138.92002868652344,186.72633361816406,58.84710693359375,107.19877624511719
2024-05-09,182.57960510253906,139.75942993164062,188.49195861816406,59.18790054321289,109.31228637695312
2024-05-10,181.32156372070312,139.81539916992188,189.7040252685547,59.22707748413086,108.86927032470703
2024-05-13,184.5210723876953,141.03720092773438,189.66587829589844,59.15852737426758,108.82313537597656
2024-05-14,185.6602325439453,141.1864013671875,192.3190460205078,58.61992645263672,109.48372650146484
2024-05-15,187.9285888671875,142.3895263671875,192.89170837402344,58.59054183959961,110.3304214477539
2024-05-16,188.04747009277344,143.89111328125,193.23529052734375,62.68395233154297,109.66983032226562
2024-05-17,188.07716369628906,144.2268829345703,195.44944763183594,63.310699462890625,111.31668853759766
2024-05-20,189.2361297607422,142.22425842285156,186.65953063964844,62.85042953491211,110.41417694091797
2024-05-21,190.5337677001953,142.19602966308594,190.41981506347656,63.800331115722656,109.65119934082031
2024-05-22,189.09747314453125,144.32089233398438,189.26499938964844,63.898258209228516,107.44609832763672
2024-05-23,185.1154327392578,140.74815368652344,187.9384002685547,63.496742248535156,105.61314392089844
2024-05-24,188.18612670898438,138.18138122558594,191.55555725097656,64.02556610107422,105.52940368652344
2024-05-28,188.19606018066406,135.74627685546875,190.40074157714844,63.69261169433594,106.86922454833984
2024-05-29,188.4932098388672,135.80267333984375,189.07415771484375,63.57508850097656,105.72480010986328
2024-05-30,189.48377990722656,136.5924530029297,190.2384796142578,63.545711517333984,106.05975341796875
2024-05-31,190.43472290039062,137.89932250976562,193.38796997070312,64.3976821899414,109.10225677490234
2024-06-03,192.19789123535156,138.9053497314453,192.61495971679688,64.4564437866211,106.48775482177734
2024-06-04,192.51486206054688,138.96176147460938,190.07623291015625,65.22028350830078,104.83158874511719
2024-06-05,194.02052307128906,137.24119567871094,188.2628936767578,65.70014190673828,105.25028228759766
2024-06-06,192.64364624023438,137.6642608642578,187.9288787841797,65.75890350341797,106.04114532470703
2024-06-07,195.03089904785156,138.28480529785156,190.83023071289062,64.51521301269531,104.90602111816406
2024-06-10,191.29649353027344,138.3318328857422,190.5057373046875,65.57283782958984,105.21305847167969
2024-06-11,205.19400024414062,137.9839324951172,185.4951934814453,65.34759521484375,104.36637115478516
2024-06-12,211.05812072753906,136.7146453857422,182.79425048828125,64.93628692626953,103.21263122558594
2024-06-13,212.21707153320312,136.7522735595703,184.8271026611328,65.3182144165039,102.3845443725586
2024-06-14,210.48361206054688,136.83689880371094,184.94161987304688,65.631591796875,101.5192642211914
2024-06-17,214.62411499023438,137.2223663330078,186.08689880371094,66.02330017089844,100.82142639160156
2024-06-18,212.26658630371094,136.9403076171875,188.0147705078125,66.1995849609375,101.77046203613281
2024-06-20,207.70013427734375,138.9429473876953,189.60861206054688,66.6010971069336,103.96627807617188
2024-06-21,205.53082275390625,139.85494995117188,187.3466796875,66.50315856933594,103.05445861816406
2024-06-24,206.17465209960938,140.20278930664062,189.8090057373047,67.47264862060547,106.1155776977539
2024-06-25,207.09588623046875,138.38824462890625,189.03598022460938,66.02330017089844,106.4133071899414
2024-06-26,211.23641967773438,138.04037475585938,188.42515563964844,66.87528991699219,106.4505386352539
2024-06-27,212.07839965820312,137.0813751220703,190.08580017089844,66.4737777709961,106.90644836425781
2024-06-28,208.63124084472656,137.41981506347656,193.03485107421875,66.30728912353516,107.11112976074219
2024-07-01,214.703369140625,137.68309020996094,196.079345703125,66.0820541381836,106.96226501464844
2024-07-02,218.19012451171875,137.29759216308594,199.30520629882812,66.65984344482422,106.23653411865234
2024-07-03,219.45806884765625,136.97793579101562,199.17160034179688,66.8263168334961,106.77619171142578
2024-07-05,224.2028045654297,137.720703125,196.53244018554688,68.58903503417969,105.4828872680664
2024-07-08,225.66883850097656,136.7804718017578,196.89715576171875,68.23648834228516,104.37567901611328
2024-07-09,226.52073669433594,138.256591796875,199.2579803466797,68.45193481445312,103.22193908691406
2024-07-10,230.7801055908203,140.49427795410156,199.4210968017578,68.95136260986328,104.13375854492188
2024-07-11,225.4211883544922,140.74815368652344,199.08518981933594,68.35400390625,105.37122344970703
2024-07-12,228.3631591796875,140.9173583984375,196.6764373779297,67.80558776855469,105.38983917236328
2024-07-15,232.1867218017578,140.3156280517578,201.58038330078125,68.16793060302734,107.19487762451172
2024-07-16,232.60276794433594,141.97979736328125,205.00643920898438,68.54005432128906,107.96712493896484
2024-07-17,226.7187957763672,147.2167205810547,208.12538146972656,69.55851745605469,109.45582580566406
2024-07-18,222.06320190429688,146.1260986328125,201.51318359375,69.35287475585938,110.53512573242188
2024-07-19,222.19198608398438,145.4397430419922,201.3212432861328,69.28431701660156,107.99505615234375
2024-07-22,221.84530639648438,145.0166473388672,201.80108642578125,68.9219741821289,107.25069427490234
2024-07-23,222.88539123535156,143.2396697998047,201.84906005859375,69.1864013671875,105.52011108398438
2024-07-24,216.4764404296875,146.93466186523438,200.17922973632812,69.1374282836914,107.0087890625
2024-07-25,215.43637084960938,150.09373474121094,200.25599670410156,68.56942749023438,109.26043701171875
2024-07-26,215.90194702148438,151.03395080566406,203.68206787109375,68.33441162109375,109.16737365722656
2024-07-29,216.1793212890625,149.07830810546875,202.34811401367188,68.17772674560547,108.02295684814453
2024-07-30,216.7340087890625,151.68267822265625,206.51312255859375,67.75663757324219,109.9489517211914
2024-07-31,219.98304748535156,148.41078186035156,204.219482421875,67.218017578125,110.3397216796875
2024-08-01,216.29818725585938,151.14674377441406,199.57464599609375,68.34420013427734,108.81382751464844
2024-08-02,217.78399658203125,154.32464599609375,191.11029052734375,67.041748046875,108.74869537353516
2024-08-05,207.29400634765625,151.6074676513672,187.04124450683594,66.18977355957031,106.78549194335938
2024-08-06,205.27325439453125,149.46380615234375,192.26190185546875,66.33667755126953,106.21794128417969
2024-08-07,207.83880615234375,149.39797973632812,192.31947326660156,65.52388000488281,107.63217163085938
2024-08-08,211.29583740234375,150.63905334472656,195.83189392089844,66.2583236694336,109.68843078613281
2024-08-09,214.1981964111328,151.01510620117188,197.50173950195312,66.54231262207031,110.58163452148438
2024-08-12,215.7254180908203,150.31936645507812,197.8760223388672,67.27678680419922,110.72120666503906
2024-08-13,219.43438720703125,148.91847229003906,199.55543518066406,66.7186050415039,109.66051483154297
2024-08-14,219.88064575195312,149.0030975341797,201.7627410888672,67.23762512207031,110.67467498779297
2024-08-15,222.8557586669922,149.57662963867188,203.0198974609375,71.66397857666016,111.35936737060547
2024-08-16,224.1747283935547,149.85867309570312,205.34228515625,72.1333999633789,110.8341293334961
2024-08-19,224.0160369873047,150.0843505859375,206.7626190185547,72.3985824584961,111.17179107666016
2024-08-20,224.6309051513672,150.58262634277344,205.87013244628906,73.20387268066406,107.46698760986328
2024-08-21,224.52182006835938,151.77670288085938,205.94691467285156,73.89131927490234,106.78231048583984
2024-08-22,222.66732788085938,152.6416778564453,207.89505004882812,74.22523498535156,107.6076889038086
2024-08-23,224.95819091796875,154.3152313232422,209.50729370117188,74.34307861328125,109.0989761352539
2024-08-26,225.29534912109375,154.7665557861328,210.3326416015625,74.66716003417969,111.43438720703125
2024-08-27,226.13829040527344,154.36865234375,211.30191040039062,74.76536560058594,110.37454986572266
2024-08-28,224.61109924316406,155.2875518798828,212.3671417236328,74.71626281738281,109.28656005859375
2024-08-29,227.88368225097656,155.5812530517578,213.2500762939453,75.05017852783203,110.7966079711914
2024-08-30,227.10028076171875,157.1254119873047,215.73562622070312,75.84566497802734,110.61841583251953
2024-09-03,220.92196655273438,158.35694885253906,211.41708374023438,75.7867202758789,108.30174255371094
2024-09-04,219.01788330078125,158.54641723632812,210.4862060546875,75.85547637939453,106.9792709350586
2024-09-05,220.53518676757812,156.30123901367188,208.854736328125,75.58049774169922,106.1445083618164
2024-09-06,218.98814392089844,155.7233428955078,203.89320373535156,75.26622772216797,105.6474380493164
2024-09-09,219.07737731933594,157.8358917236328,208.0677947998047,75.95367431640625,107.87030029296875
2024-09-10,218.28399658203125,158.5653839111328,197.27142333984375,77.39732360839844,103.9404067993164
2024-09-11,220.81289672851562,156.1401824951172,198.87408447265625,77.42678833007812,102.90870666503906
2024-09-12,220.92196655273438,155.96966552734375,198.2694854736328,78.23209381103516,104.32495880126953
2024-09-13,220.65419006347656,156.80331420898438,196.08140563964844,79.15523529052734,104.24993133544922
2024-09-16,214.5254364013672,158.19590759277344,199.4786834716797,79.115966796875,105.71308135986328
2024-09-17,214.99154663085938,158.27169799804688,200.8126220703125,77.19110107421875,107.09183502197266
2024-09-18,218.85919189453125,157.40013122558594,199.1619873046875,77.61338806152344,107.46698760986328
2024-09-19,226.97132873535156,156.1401824951172,201.99305725097656,76.64112854003906,108.7988510131836
2024-09-20,226.30690002441406,155.51495361328125,202.57843017578125,77.64285278320312,108.1141586303711
2024-09-23,224.5912628173828,154.6244354248047,202.91433715820312,78.89009857177734,110.07441711425781
2024-09-24,225.48379516601562,154.20761108398438,203.05828857421875,79.22399139404297,109.78367614746094
2024-09-25,224.4920654296875,152.1424102783203,201.71473693847656,79.94090270996094,107.64520263671875
2024-09-26,225.63255310058594,152.8907928466797,201.3212432861328,78.48743438720703,105.79749298095703
2024-09-27,225.9003143310547,152.9002685546875,202.01223754882812,78.34994506835938,108.63002014160156
2024-09-30,231.0670928955078,153.52552795410156,202.35772705078125,79.30255889892578,109.9430923461914
2024-10-01,224.3334197998047,153.459228515625,198.69174194335938,79.81324005126953,112.48487091064453
2024-10-02,224.89865112304688,152.682373046875,198.93165588378906,78.98828887939453,113.97615814208984
2024-10-03,223.7978973388672,152.04766845703125,196.95472717285156,78.98828887939453,114.97036743164062
2024-10-04,224.9185333251953,151.8487091064453,203.9453582763672,79.48916625976562,117.0806884765625
2024-10-07,219.8509063720703,151.12875366210938,203.6653289794922,77.68212890625,117.58717346191406
2024-10-08,223.8970489501953,151.28033447265625,203.49156188964844,78.28119659423828,114.4638900756836
2024-10-09,227.63577270507812,152.18980407714844,206.06959533691406,78.9588394165039,114.51077270507812
2024-10-10,227.1399383544922,152.05715942382812,205.50958251953125,78.1829833984375,115.49559783935547
2024-10-11,225.66229248046875,152.95712280273438,214.6341094970703,78.6642074584961,115.93641662597656
2024-10-14,229.38116455078125,153.08975219726562,213.85198974609375,78.85081481933594,116.37725067138672
2024-10-15,231.91006469726562,155.45811462402344,214.73068237304688,80.1864242553711,112.87879180908203
2024-10-16,229.85719299316406,155.62860107421875,215.9376220703125,79.7641372680664,113.1695556640625
2024-10-17,230.22413635253906,155.80862426757812,216.69076538085938,79.44004821777344,112.87879180908203
2024-10-18,233.05047607421875,156.4243621826172,217.60801696777344,79.85250854492188,112.55992126464844
2024-10-21,234.51820373535156,154.2549591064453,215.3196563720703,79.3614730834961,112.62556457519531
2024-10-22,233.90335083007812,154.8423309326172,216.40106201171875,80.54979705810547,113.20706939697266
2024-10-23,228.8456268310547,157.1254119873047,215.71554565429688,81.77738189697266,112.80377197265625
2024-10-24,228.65724182128906,155.05075073242188,217.23146057128906,81.55150604248047,112.16596984863281
2024-10-25,229.49026489257812,152.4076690673828,214.65342712402344,81.03102111816406,112.07218933105469
2024-10-28,231.4637451171875,153.08975219726562,217.73355102539062,81.26670837402344,111.5188217163086
2024-10-29,231.73153686523438,151.6592559814453,215.22308349609375,80.23552703857422,109.9993896484375
2024-10-30,228.19114685058594,152.1519012451172,216.68109130859375,79.93109130859375,109.44600677490234
2024-10-31,224.03590393066406,151.44137573242188,214.27685546875,80.48104858398438,109.5304183959961
2024-11-01,221.06080627441406,151.69717407226562,215.26171875,80.71674346923828,107.81402587890625
2024-11-04,220.16827392578125,149.90670776367188,212.2105255126953,80.97208404541016,111.246826171875
2024-11-05,221.5963134765625,150.01092529296875,213.86166381835938,82.1800308227539,111.57508850097656
2024-11-06,220.87234497070312,149.56565856933594,238.55101013183594,81.94434356689453,113.48844909667969
2024-11-07,225.59286499023438,148.4761962890625,228.2388458251953,82.34699249267578,113.62913513183594
2024-11-08,225.3248291015625,147.28256225585938,228.81817626953125,83.30943298339844,113.59162139892578
2024-11-11,222.61447143554688,146.87518310546875,231.04859924316406,82.7005386352539,112.99134826660156
2024-11-12,222.61447143554688,144.6016082763672,231.30931091308594,83.466552734375,112.87879180908203
2024-11-13,223.49806213378906,145.16998291015625,232.8542022705078,83.96741485595703,113.92926788330078
2024-11-14,226.5757598876953,143.8721466064453,233.5397491455078,82.95588684082031,114.00491333007812
2024-11-15,223.37893676757812,145.88998413085938,236.86126708984375,82.73980712890625,112.82289123535156
2024-11-18,226.37716674804688,146.6194305419922,236.5908966064453,82.57286834716797,113.76850128173828
2024-11-19,226.6352996826172,144.94264221191406,234.7177276611328,85.04769134521484,112.17985534667969
2024-11-20,227.35012817382812,145.04684448242188,232.48728942871094,85.61730194091797,113.7779769897461
2024-11-21,226.8735809326172,147.31097412109375,236.33021545410156,86.80560302734375,115.30043029785156
2024-11-22,228.21385192871094,146.99835205078125,239.98968505859375,88.81887817382812,115.16804504394531
2024-11-25,231.1922149658203,147.5762481689453,241.6697540283203,87.89572143554688,113.44700622558594
2024-11-26,233.366455078125,147.55715942382812,241.36077880859375,89.67326354980469,111.55574798583984
2024-11-27,233.2373809814453,148.39749145507812,241.1869659423828,90.2330551147461,111.26260375976562
2024-11-29,235.62010192871094,148.02508544921875,241.119384765625,90.84195709228516,111.5462875366211
2024-12-02,237.86380004882812,147.82452392578125,237.76889038085938,90.97942352294922,111.44226837158203
2024-12-03,240.90176391601562,145.49447631835938,236.38818359375,91.8338394165039,111.27204895019531
2024-12-04,241.25918579101562,143.68963623046875,235.01705932617188,92.7569808959961,108.06637573242188
2024-12-05,241.28897094726562,142.78245544433594,237.02540588378906,93.59174346923828,108.53919982910156
2024-12-06,241.09039306640625,142.58192443847656,238.8406524658203,93.98456573486328,107.39498138427734
2024-12-09,244.97222900390625,142.85885620117188,235.41293334960938,92.14810943603516,106.76140594482422
2024-12-10,245.9849090576172,142.50552368164062,234.49566650390625,92.8552017211914,106.54391479492188
2024-12-11,244.714111328125,140.0322265625,235.14259338378906,93.2578353881836,105.83468627929688
2024-12-12,246.1735076904297,139.6502685546875,233.2114715576172,92.40342712402344,105.74012756347656
2024-12-13,246.34230041503906,140.01312255859375,231.67623901367188,92.76564025878906,104.81340789794922
2024-12-16,249.2313232421875,137.36795043945312,231.32862854003906,93.37589263916016,102.57227325439453
2024-12-17,251.65371704101562,139.81260681152344,230.15065002441406,93.91722106933594,102.13729858398438
2024-12-18,246.2628936767578,138.22740173339844,222.435791015625,92.07666778564453,100.63373565673828
2024-12-19,247.99032592773438,137.11012268066406,224.9365997314453,91.92903137207031,99.77322387695312
2024-12-20,252.65646362304688,137.9600067138672,229.4168243408203,90.78730010986328,100.11363983154297
2024-12-23,253.4308319091797,138.72396850585938,230.1796112060547,88.92707061767578,100.520263671875
2024-12-24,256.3397216796875,139.27783203125,233.96458435058594,91.22037506103516,100.61482238769531
2024-12-26,257.15380859375,139.02000427246094,234.7659912109375,91.32864379882812,100.6999282836914
2024-12-27,253.74851989746094,138.5138702392578,232.86387634277344,90.21643829345703,100.69048309326172
2024-12-30,250.38296508789062,136.88092041015625,231.07760620117188,89.14360046386719,100.00962829589844
2024-12-31,248.6157684326172,138.10324096679688,231.4541473388672,88.92707061767578,101.72120666503906
2025-01-02,242.09315490722656,137.5302734375,231.7341766357422,88.58258056640625,101.47535705566406
2025-01-03,241.60667419433594,137.69264221191406,234.9011993408203,89.35028076171875,101.99545288085938
2025-01-06,243.23484802246094,137.1865234375,233.75595092773438,89.99005889892578,101.88196563720703
2025-01-07,240.46495056152344,139.64068603515625,236.00759887695312,89.37981414794922,102.83705139160156
2025-01-08,240.95140075683594,135.85914611816406,235.9687957763672,90.35424041748047,101.11599731445312
2025-01-10,235.14353942871094,135.65859985351562,232.8048095703125,91.53533172607422,100.74722290039062
2025-01-13,232.7112274169922,137.9600067138672,237.01698303222656,90.08849334716797,103.34770202636719
2025-01-14,231.59927368164062,138.22740173339844,240.18096923828125,89.36013793945312,103.75431060791016
2025-01-15,236.15621948242188,138.43748474121094,244.91722106933594,89.90147399902344,105.44699096679688
2025-01-16,226.61544799804688,141.11131286621094,246.7806854248047,89.86211395263672,105.2673110961914
2025-01-17,228.3230438232422,140.40464782714844,251.52664184570312,90.49203491210938,106.21294403076172
2025-01-21,221.03594970703125,141.47418212890625,255.28265380859375,91.61406707763672,105.40916442871094
2025-01-22,222.2173614501953,138.72396850585938,255.0982208251953,91.76171112060547,103.57464599609375
2025-01-23,222.048583984375,140.0322265625,258.11663818359375,92.33256530761719,104.16092681884766
2025-01-24,221.17494201660156,140.20413208007812,257.039306640625,93.26761627197266,102.75194549560547
2025-01-27,228.20391845703125,146.00059509277344,258.0196228027344,95.86603546142578,104.17984008789062
2025-01-28,236.54339599609375,143.60372924804688,259.2715759277344,95.75776672363281,102.16565704345703
2025-01-29,237.63548278808594,144.33901977539062,258.7280578613281,95.96446990966797,102.76140594482422
2025-01-30,235.8782501220703,145.98146057128906,260.3294677734375,97.09635925292969,103.61247253417969
2025-01-31,234.29966735839844,145.29393005371094,259.4268798828125,96.61407470703125,101.02145385742188
2025-02-03,226.36724853515625,145.0265655517578,258.9513244628906,97.97233581542969,101.2673110961914
2025-02-04,231.1227264404297,146.5735626220703,260.04803466796875,99.1829605102539,103.98126220703125
2025-02-05,230.79513549804688,147.71949768066406,262.4646911621094,100.8463363647461,103.9056167602539
2025-02-06,231.53970336914062,146.5926513671875,268.74407958984375,101.23020935058594,102.53445434570312
2025-02-07,225.98997497558594,146.22023010253906,267.676513671875,99.5569839477539,102.96944427490234
2025-02-10,226.25833129882812,147.28977966308594,263.0566711425781,101.29910278320312,104.93634796142578
2025-02-11,231.1979522705078,149.0946044921875,266.8903503417969,100.85619354248047,105.59828186035156
2025-02-12,235.42196655273438,148.2637939453125,267.33685302734375,101.97823333740234,102.42117309570312
2025-02-13,240.053466796875,150.1641387939453,268.1811828613281,103.39555358886719,103.16535949707031
2025-02-14,243.10472106933594,149.11367797851562,268.4432678222656,102.4014663696289,103.27031707763672
2025-02-18,242.97552490234375,149.19070434570312,271.7043151855469,102.14556121826172,105.08307647705078
2025-02-19,243.373046875,151.98219299316406,271.02490234375,102.36209106445312,105.2357406616211
2025-02-20,244.3271942138672,153.7052001953125,258.94158935546875,95.67902374267578,106.85768127441406
2025-02-21,244.04891967773438,156.22718811035156,256.4570007324219,93.28730010986328,105.60784149169922
2025-02-24,245.58946228027344,157.61331176757812,253.64244079589844,92.19477844238281,106.16119384765625
2025-02-25,245.52978515625,159.8753662109375,249.8184814453125,96.15147399902344,104.6919174194336
2025-02-26,238.890625,156.97799682617188,251.1675262451172,94.6849365234375,104.43431091308594
2025-02-27,235.84933471679688,157.60366821289062,251.4198455810547,95.26564025878906,105.09262084960938
2025-02-28,240.36160278320312,158.8454132080078,256.85491943359375,97.05697631835938,106.21844482421875
2025-03-03,236.5748748779297,161.02084350585938,252.94363403320312,96.05304718017578,102.81234741210938
2025-03-04,234.4877166748047,159.23045349121094,242.8790740966797,93.47431945800781,102.60245513916016
2025-03-05,234.2988739013672,158.941650390625,244.12136840820312,94.46839904785156,100.598876953125
2025-03-06,233.89138793945312,159.62510681152344,239.27833557128906,93.14950561523438,102.67877960205078
2025-03-07,237.60853576660156,160.4529266357422,235.14381408691406,90.2754898071289,104.0145034790039
2025-03-10,226.08937072753906,161.42510986328125,225.38014221191406,86.43692016601562,106.66686248779297
2025-03-11,219.48995971679688,159.6539764404297,222.39085388183594,86.06289672851562,104.14807891845703
2025-03-12,215.653564453125,156.75660705566406,221.18736267089844,83.85816955566406,104.11946105957031
2025-03-13,208.39817810058594,156.89137268066406,218.55718994140625,83.16919708251953,103.68057250976562
2025-03-14,212.18490600585938,156.71810913085938,225.5936737060547,84.00581359863281,106.76228332519531
2025-03-17,212.69178771972656,156.7469940185547,227.03976440429688,86.08258056640625,108.53687286376953
2025-03-18,211.38978576660156,158.10423278808594,228.04913330078125,84.24202728271484,108.4223861694336
2025-03-19,213.92420959472656,156.89137268066406,232.06719970703125,84.97036743164062,110.11112976074219
2025-03-20,212.79116821289062,156.9202423095703,231.9701385498047,84.45856475830078,110.57862091064453
2025-03-21,216.93568420410156,157.50743103027344,234.51295471191406,84.85829162597656,110.19699096679688
2025-03-24,219.38064575195312,157.18014526367188,240.7535858154297,86.34857177734375,110.48321533203125
2025-03-25,222.38218688964844,154.99508666992188,243.73313903808594,83.65421295166016,111.2369384765625
2025-03-26,220.17575073242188,155.6688690185547,243.63609313964844,84.09832763671875,112.83979797363281
2025-03-27,222.48158264160156,157.02613830566406,240.81179809570312,84.5128402709961,112.47724914550781
2025-03-28,216.5679473876953,157.58441162109375,235.69703674316406,84.03912353515625,112.3246078491211
2025-03-31,220.7720947265625,159.6347198486328,238.07489013671875,86.6446762084961,113.46949768066406
2025-04-01,221.8256072998047,147.5158233642578,236.48318481445312,87.67111206054688,113.57445526123047
2025-04-02,222.5213165283203,149.54684448242188,238.57955932617188,88.5889663696289,113.22145080566406
2025-04-03,201.94784545898438,153.83998107910156,221.95411682128906,86.12159729003906,107.26793670654297
2025-04-04,187.22840881347656,147.50616455078125,205.34344482421875,82.10468292236328,99.54937744140625
2025-04-07,180.3507080078125,144.98422241210938,209.40576171875,82.736328125,98.21366119384766
2025-04-08,171.365966796875,144.38742065429688,211.7787322998047,80.72294616699219,96.14328002929688
2025-04-09,197.6343994140625,145.3211212158203,228.83859252929688,88.43106079101562,100.94234466552734
2025-04-10,189.25592041015625,143.12643432617188,221.7783203125,89.4278793334961,95.34185791015625
2025-04-11,196.93865966796875,146.0526885986328,230.65492248535156,91.58931732177734,98.40447235107422
2025-04-14,201.281982421875,148.5842742919922,229.2096710205078,93.49413299560547,98.64299774169922
2025-04-15,200.90428161621094,147.87197875976562,227.65701293945312,92.74405670166016,98.3663101196289
2025-04-16,193.0823974609375,148.151123046875,224.21963500976562,90.00031280517578,99.4062728881836
2025-04-17,195.7758331298828,151.57789611816406,226.5144805908203,92.00382232666016,102.01092529296875
2025-04-21,191.9792022705078,151.04847717285156,223.6142120361328,91.20439910888672,100.51300811767578
2025-04-22,198.51895141601562,151.847412109375,230.0592498779297,93.6125717163086,103.32756805419922
2025-04-23,203.34925842285156,149.5661163330078,235.22508239746094,93.72112274169922,102.44025421142578
2025-04-24,207.09619140625,149.13294982910156,238.89678955078125,94.58963775634766,103.64241027832031
2025-04-25,208.00062561035156,148.79605102539062,237.83238220214844,93.84943389892578,103.58515930175781
2025-04-28,208.85537719726562,149.53724670410156,237.5101318359375,93.97772979736328,103.64241027832031
2025-04-29,209.91885375976562,150.07627868652344,238.8772430419922,94.78704071044922,103.38479614257812
2025-04-30,211.20095825195312,150.4613037109375,238.8772430419922,95.98124694824219,100.7801513671875
2025-05-01,212.0159454345703,148.68052673339844,241.09396362304688,96.13917541503906,100.92326354980469
2025-05-02,204.09466552734375,150.27841186523438,246.58203125,97.46168518066406,101.33351135253906
2025-05-05,197.67413330078125,149.2003173828125,246.630859375,98.03411865234375,98.52850341796875
2025-05-06,197.2964630126953,148.69017028808594,243.39854431152344,97.26428985595703,99.90238952636719
2025-05-07,195.05027770996094,151.41427612304688,243.5352783203125,97.54064178466797,99.80699157714844
2025-05-08,196.28271484375,149.8356475830078,247.51950073242188,96.1589126586914,101.19994354248047
2025-05-09,197.3163299560547,148.44952392578125,247.13865661621094,95.68896484375,102.38301849365234
2025-05-12,209.776123046875,148.37249755859375,253.9450225830078,95.71864318847656,104.14807891845703
2025-05-13,211.9058380126953,142.8857879638672,256.8355407714844,94.85792541503906,104.43431091308594
2025-05-14,211.30870056152344,140.8836212158203,259.40380859375,95.79779815673828,103.49929809570312
2025-05-15,210.43295288085938,144.0120086669922,261.2103576660156,95.32290649414062,104.548828125
2025-05-16,210.24388122558594,145.6676483154297,261.2787170410156,97.19276428222656,104.17330932617188
2025-05-19,207.7758026123047,146.7842559814453,258.6616516113281,97.07404327392578,102.51715850830078
2025-05-20,205.8650360107422,147.91046142578125,259.4428405761719,96.75746154785156,101.05359649658203
2025-05-21,201.11798095703125,147.44842529296875,254.91177368164062,95.40205383300781,99.81149291992188
2025-05-22,200.39149475097656,146.89976501464844,254.55047607421875,94.90738677978516,99.14710998535156
2025-05-23,194.330810546875,147.21739196777344,254.58949279785156,95.3130111694336,99.20487976074219
2025-05-27,199.24703979492188,148.7804412841797,259.06201171875,96.539794921875,99.67668914794922
2025-05-28,199.45602416992188,147.984375,257.30426025390625,96.20342254638672,98.31904602050781
2025-05-29,198.98828125,149.100830078125,258.1635437011719,96.0649185180664,98.87751007080078
2025-05-30,199.88394165039062,150.6832733154297,257.8023376464844,97.66764831542969,98.50199890136719
2025-06-02,200.7298583984375,150.86773681640625,258.44677734375,98.7064437866211,99.22413635253906
2025-06-03,202.29229736328125,149.91632080078125,260.01898193359375,98.91421508789062,99.94630432128906
2025-06-04,201.844482421875,148.75131225585938,258.01715087890625,98.29093170166016,98.50199890136719
2025-06-05,199.66500854492188,149.1785125732422,255.80039978027344,96.9157485961914,98.0494384765625
2025-06-06,202.9391632080078,150.508544921875,259.49169921875,96.43096923828125,100.39883422851562
2025-06-09,200.48104858398438,150.70269775390625,260.4779357910156,96.41118621826172,101.07286071777344
2025-06-10,201.6951904296875,151.88711547851562,262.2943115234375,96.2825698852539,103.23933410644531
2025-06-11,197.82388305664062,150.73182678222656,261.8548583984375,94.77877807617188,105.2517318725586
2025-06-12,198.24188232421875,152.09100341796875,261.9427795410156,93.81912231445312,105.65613555908203
2025-06-13,195.50511169433594,152.51817321777344,258.7300109863281,93.43328094482422,107.95741271972656
2025-06-16,197.46563720703125,150.69300842285156,264.0129699707031,93.28487396240234,108.30403900146484
2025-06-17,194.69900512695312,147.93582153320312,263.1927185058594,93.24529266357422,109.76761627197266
2025-06-18,195.63449096679688,146.3339385986328,267.5284423828125,94.07633972167969,108.98767852783203
2025-06-20,200.03321838378906,145.4213409423828,268.5440368652344,95.09536743164062,110.44161987304688
2025-06-23,200.53082275390625,146.90673828125,271.7373046875,96.82670593261719,107.59150695800781
2025-06-24,199.3365936279297,147.75135803222656,274.6570739746094,96.955322265625,104.31774139404297
2025-06-25,200.59051513671875,147.83872985839844,277.391357421875,96.22320556640625,104.34663391113281
2025-06-26,200.03321838378906,147.57659912109375,281.97125244140625,94.99642181396484,105.90648651123047
2025-06-27,200.1128387451172,147.96493530273438,280.3697509765625,96.23310089111328,105.31912231445312
2025-06-30,204.18316650390625,148.29501342773438,283.10400390625,96.73766326904297,103.79779052734375
2025-07-01,206.8204345703125,151.37257385253906,283.5923156738281,97.19276428222656,105.18431854248047
2025-07-02,211.418212890625,151.02308654785156,285.14495849609375,96.56947326660156,106.92713165283203
2025-07-03,212.52285766601562,151.4599609375,290.443603515625,97.31148529052734,108.03443145751953
2025-07-07,208.940185546875,150.7415313720703,286.4892883300781,98.29093170166016,106.98490142822266
2025-07-08,208.9998779296875,151.24635314941406,277.4717712402344,96.05502319335938,109.9505615234375
2025-07-09,210.12445068359375,151.72207641601562,277.8446044921875,95.77800750732422,109.57503509521484
2025-07-10,211.3883514404297,153.09097290039062,282.78021240234375,93.84879302978516,110.6630859375
2025-07-11,210.14434814453125,152.32400512695312,281.47515869140625,93.39369201660156,111.14452362060547
2025-07-14,207.6165771484375,152.246337890625,283.2806396484375,94.75897979736328,109.6905746459961
2025-07-15,208.1042022705078,150.64443969726562,281.1709899902344,94.3731460571289,108.71807098388672
2025-07-16,209.149169921875,159.97415161132812,280.4546813964844,94.13570404052734,108.06332397460938
2025-07-17,209.00985717773438,158.22666931152344,284.4581298828125,94.07633972167969,107.51448822021484
2025-07-18,210.1642608642578,158.92567443847656,285.8023376464844,94.0367660522461,103.76890563964844
2025-07-21,211.45799255371094,159.56643676757812,285.5080261230469,94.65015411376953,104.03851318359375
2025-07-22,213.3687744140625,163.03228759765625,285.9593811035156,94.82823944091797,104.51032257080078
2025-07-23,213.11996459960938,164.16818237304688,291.1893310546875,94.6600570678711,105.84871673583984
2025-07-24,212.73182678222656,164.61477661132812,290.98321533203125,95.57024383544922,106.67677307128906
2025-07-25,212.85128784179688,163.3915252685547,293.014404296875,96.43096923828125,106.30126190185547
2025-07-28,213.0204620361328,161.37217712402344,292.6807861328125,96.56947326660156,107.30265045166016
2025-07-29,210.2538299560547,163.20704650878906,291.46405029296875,97.28180694580078,108.6891860961914
2025-07-30,208.0445098876953,162.38185119628906,294.0054931640625,96.54969024658203,107.74556732177734
2025-07-31,206.5716094970703,159.9353485107422,290.6790771484375,96.93553924560547,107.49523162841797
2025-08-01,201.40658569335938,162.44979858398438,283.9380798339844,97.44009399414062,105.5694808959961
2025-08-04,202.37191772460938,166.0515899658203,288.73626708984375,98.52836608886719,103.38375091552734
2025-08-05,201.94398498535156,165.7603759765625,285.9005432128906,98.25135040283203,103.25858306884766
2025-08-06,212.2242889404297,165.61471557617188,285.8808898925781,102.25818634033203,102.55567932128906
2025-08-07,218.9716796875,166.5272979736328,281.5536804199219,102.02074432373047,102.01647186279297
2025-08-08,228.2468719482422,168.2748260498047,283.3395080566406,102.62423706054688,102.83492279052734
2025-08-11,226.3438720703125,168.75054931640625,284.1244812011719,102.82210540771484,101.90093231201172
2025-08-12,228.80477905273438,167.74085998535156,287.35272216796875,102.51541900634766,102.1897964477539
2025-08-13,232.47125244140625,169.33302307128906,285.0762634277344,99.91344451904297,103.60520935058594
2025-08-14,231.92327880859375,169.624267578125,288.6381530761719,99.77494812011719,103.39338684082031
2025-08-15,230.73765563964844,171.48828125,285.0370178222656,99.16507720947266,103.49056243896484
2025-08-18,230.0402374267578,171.10964965820312,286.0574951171875,99.85922241210938,103.7140884399414
2025-08-19,229.71145629882812,172.61447143554688,285.203857421875,100.44429779052734,104.39437103271484
2025-08-20,225.17819213867188,173.62411499023438,286.754150390625,101.71361541748047,105.47309875488281
2025-08-21,224.07228088378906,173.71148681640625,285.9986267089844,97.14210510253906,106.15339660644531
2025-08-22,226.9217529296875,174.0609893798828,290.6790771484375,96.02154541015625,108.1456527709961
2025-08-25,226.32398986816406,173.20664978027344,289.3642272949219,95.26788330078125,108.59268951416016
2025-08-26,228.46603393554688,172.600341796875,292.9653625488281,95.24806213378906,108.3497314453125
2025-08-27,229.6417236328125,172.89369201660156,293.6620178222656,95.27780151367188,109.57424926757812
2025-08-28,231.70408630371094,171.583251953125,295.41845703125,95.30755615234375,110.1573486328125
2025-08-29,231.28561401367188,173.2653350830078,295.7618713378906,96.17029571533203,111.07086181640625
2025-09-02,228.87454223632812,174.13571166992188,294.07415771484375,97.03302001953125,111.45960998535156
2025-09-03,237.59234619140625,174.07704162597656,293.8877258300781,98.60974884033203,108.7579116821289
2025-09-04,238.89752197265625,174.82029724121094,298.1168212890625,100.08731079101562,109.23410034179688
2025-09-05,238.80783081054688,174.49755859375,288.85400390625,99.67081451416016,106.15339660644531
2025-09-08,237.00450134277344,174.2041778564453,287.4115905761719,101.42603302001953,106.75592803955078
2025-09-09,233.4875030517578,173.05996704101562,292.25885009765625,101.43595123291016,107.53338623046875
2025-09-10,225.955322265625,171.91574096679688,294.8984069824219,99.57166290283203,109.33128356933594
2025-09-11,229.18341064453125,174.56602478027344,299.82415771484375,101.79295349121094,108.9814224243164
2025-09-12,233.20852661132812,174.13571166992188,301.1488342285156,102.62593078613281,109.00086975097656
2025-09-15,235.828857421875,173.49026489257812,303.1014404296875,102.82427215576172,109.18551635742188
2025-09-16,237.2735137939453,172.5709991455078,303.3860168457031,102.55652618408203,111.44988250732422
2025-09-17,238.11044311523438,173.294677734375,305.8979797363281,103.39942169189453,112.04270935058594
2025-09-18,237.00450134277344,170.32167053222656,307.35015869140625,102.73501586914062,110.72100830078125
2025-09-19,244.59646606445312,172.30694580078125,308.87103271484375,101.47562408447266,109.64227294921875
2025-09-22,255.1374969482422,170.37057495117188,306.5749816894531,101.9615249633789,108.86480712890625
2025-09-23,253.49359130859375,172.68833923339844,306.86932373046875,101.66403198242188,110.74044799804688
2025-09-24,251.38140869140625,172.79591369628906,307.5365905761719,101.87227630615234,111.33326721191406
2025-09-25,255.9246063232422,173.81298828125,307.5660400390625,102.18960571289062,112.3342514038086
2025-09-26,254.51980590820312,175.74935913085938,310.1270446777344,102.29869079589844,113.91834259033203
2025-09-29,253.49359130859375,177.6172637939453,309.76397705078125,102.21935272216797,111.00284576416016
2025-09-30,253.69287109375,181.33351135253906,309.50885009765625,102.19952392578125,109.57424926757812
2025-10-01,254.5098419189453,181.9496307373047,304.8774719238281,101.10871124267578,108.83564758300781
2025-10-02,256.18365478515625,181.88116455078125,301.7767639160156,100.85086822509766,108.1553726196289
2025-10-03,257.0703430175781,184.48255920410156,304.2102355957031,101.21778869628906,110.06989288330078
2025-10-06,255.74526977539062,184.01312255859375,304.8511047363281,101.842529296875,110.9833984375
2025-10-07,255.5360870361328,184.72703552246094,303.3819885253906,102.3780288696289,111.04170989990234
2025-10-08,257.1102294921875,185.50941467285156,299.7732238769531,102.04085540771484,110.8084716796875
2025-10-09,253.1050262451172,186.8687744140625,301.2522277832031,100.92029571533203,109.729736328125
2025-10-10,244.3673095703125,186.51670837402344,296.67724609375,100.98970794677734,107.61114501953125
2025-10-13,246.74851989746094,186.69273376464844,303.6580810546875,101.26737213134766,109.07861328125
2025-10-14,246.8581085205078,186.64385986328125,297.85052490234375,106.31488037109375,109.127197265625
2025-10-15,248.42233276367188,186.956787109375,301.40997314453125,108.11967468261719,108.46635437011719
2025-10-16,246.53929138183594,187.88584899902344,294.360107421875,105.58106231689453,107.523681640625
2025-10-17,251.36148071289062,188.96160888671875,293.3938293457031,106.83053588867188,109.07861328125
2025-10-20,261.27484130859375,189.45057678222656,298.1265869140625,106.15621185302734,109.52565002441406
2025-10-21,261.8028869628906,187.65113830566406,292.9303894042969,105.33314514160156,109.53536987304688
2025-10-22,257.4988098144531,188.6877899169922,289.99212646484375,106.24545288085938,111.47903442382812
2025-10-23,258.6246337890625,188.22813415527344,290.4161071777344,105.96780395507812,112.71327209472656
2025-10-24,261.85272216796875,186.2037353515625,296.2334899902344,105.28355407714844,112.13988494873047
2025-10-27,267.8206787109375,186.10595703125,299.8915710449219,103.59776306152344,112.67440795898438
2025-10-28,268.00994873046875,182.8102264404297,301.0845947265625,102.30860137939453,111.7900161743164
2025-10-29,268.7073974609375,182.48751831054688,301.2325134277344,101.60453033447266,113.17003631591797
2025-10-30,270.4011535644531,184.88351440429688,305.10748291015625,101.37645721435547,111.45960998535156
2025-10-31,269.37493896484375,184.70745849609375,306.7639465332031,100.3352279663086,111.13890075683594
2025-11-03,268.0597839355469,182.15501403808594,305.01873779296875,100.7417984008789,110.55579376220703
2025-11-04,269.0461730957031,182.7417755126953,304.9201354980469,101.4161148071289,110.92509460449219
2025-11-05,269.14581298828125,181.90072631835938,307.31610107421875,100.62281036376953,110.4780502319336
2025-11-06,268.7771301269531,182.84934997558594,309.0317687988281,100.83104705810547,111.27495574951172
2025-11-07,267.4819030761719,182.45819091796875,309.8106689453125,101.73344421386719,113.91834259033203
2025-11-10,268.6985778808594,184.2576141357422,312.45318603515625,101.56486511230469,114.89017486572266
2025-11-11,274.5028076171875,189.55816650390625,311.2009582519531,102.57635498046875,116.40624237060547
2025-11-12,272.7276611328125,190.10581970214844,315.92388916015625,102.57635498046875,114.7929916381836
2025-11-13,272.2090759277344,190.94686889648438,305.1469421386719,101.68386840820312,115.44412231445312
2025-11-14,271.6705322265625,191.61187744140625,299.3591003417969,101.6243667602539,116.94403076171875
2025-11-17,266.7339782714844,195.1814422607422,296.1644592285156,102.09044647216797,115.36568450927734
2025-11-18,266.7139892578125,195.59217834472656,295.2178955078125,100.54346466064453,116.68914031982422
2025-11-19,267.83099365234375,198.04685974121094,299.02386474609375,99.76997375488281,115.04218292236328
2025-11-20,265.5272521972656,198.5945281982422,294.20233154296875,106.21570587158203,114.71866607666016
2025-11-21,270.75299072265625,199.40621948242188,293.84735107421875,104.44065856933594,114.77749633789062
2025-11-24,275.1710205078125,201.50885009765625,293.8276672363281,103.19117736816406,113.68932342529297
2025-11-25,276.2181396484375,203.39845275878906,298.7576599121094,106.10663604736328,112.2580337524414
2025-11-26,276.79656982421875,204.27435302734375,303.33270263671875,108.18909454345703,112.5129165649414
2025-11-28,278.0930480957031,203.64450073242188,308.6965026855469,109.58732604980469,113.64029693603516
2025-12-01,282.33148193359375,202.08950805664062,304.59478759765625,110.59880828857422,114.33634185791016
2025-12-02,285.4131164550781,202.16822814941406,303.5693359375,111.47146606445312,113.11092376708984
2025-12-03,283.378662109375,202.0796661376953,307.7598571777344,113.45476531982422,115.48333740234375
2025-12-04,279.93804931640625,199.2747802734375,311.6742248535156,113.88116455078125,114.83631134033203
2025-12-05,278.0232238769531,198.73348999023438,310.6290588378906,114.14891052246094,114.24811553955078
2025-12-08,277.1356506347656,198.4283905029297,310.79669189453125,112.61185455322266,113.69912719726562
2025-12-09,276.42755126953125,196.794677734375,296.30255126953125,114.0993423461914,115.92448425292969
2025-12-10,278.0232238769531,203.2705078125,305.7680969238281,112.23503112792969,117.18911743164062
2025-12-11,277.2752380371094,206.68557739257812,312.9363098144531,114.55548858642578,117.18911743164062
2025-12-12,277.52459716796875,208.23072814941406,314.0603332519531,115.96154022216797,116.48326873779297
2025-12-15,273.3658752441406,210.7797393798828,315.5393371582031,116.05097198486328,115.44412231445312
2025-12-16,273.8645324707031,205.98683166503906,311.1319274902344,114.68964385986328,112.42469024658203
2025-12-17,271.1020812988281,207.00051879882812,310.5699157714844,114.92813110351562,115.10100555419922
2025-12-18,271.45111083984375,205.0124969482422,308.6176452636719,114.10338592529297,114.24811553955078
2025-12-19,272.9271545410156,203.1031951904297,312.7686767578125,113.6363525390625,114.3951644897461
2025-12-22,270.23443603515625,204.03817749023438,318.56634521484375,111.88748931884766,115.82644653320312
2025-12-23,271.62066650390625,202.5225372314453,321.3665771484375,110.1982421875,117.07147216796875
2025-12-24,273.06671142578125,204.49087524414062,324.5612487792969,110.90375518798828,116.87540435791016
2025-12-26,272.6578369140625,204.34324645996094,323.31890869140625,111.03292846679688,116.76756286621094
2025-12-29,273.0168762207031,204.27435302734375,319.2171325683594,111.81792449951172,118.1596450805664
2025-12-30,272.33868408203125,203.63465881347656,318.8917541503906,111.21178436279297,118.610595703125
2025-12-31,271.12200927734375,203.6740264892578,317.70855712890625,110.70501708984375,117.97337341308594
